﻿名字,一级类目,二级类目,出处书名,版本,描述,prompt
忘,疾病,疾病,山海經十八卷,宋淳熙七年（1180）池陽郡齋刻本,,prompt：忘，一种神秘的疾病，让人失去记忆。在古代神话中，它被描绘为一种无形的幽灵，飘荡在人间，吸取人们的记忆。请以传统中国美学的彩色水墨风格绘制，画面中央是一位半透明、模糊轮廓的幽灵形象，身着古老的长袍，面容苍白而空洞，周围环绕着淡蓝色的迷雾，象征着遗忘的力量。背景是古老而荒凉的村落，村民们神情迷茫，似乎已经失去了重要的记忆。整体色调偏冷，以蓝、灰为主，传达出一种忧郁和神秘的氛围。
心腹之疾,疾病,疾病,山海經十八卷,宋淳熙七年（1180）池陽郡齋刻本,,prompt: 一幅描绘心腹之疾的中国传统水墨画，画面中心是一位面容痛苦的人，双手捂住腹部，周围环绕着代表疾病和痛苦的暗色云雾，背景是淡雅的山水，整体色调以灰蓝为主，带有淡淡的红色作为点缀，象征着内心的煎熬与不安。
眴目,疾病,疾病,山海經十八卷,宋淳熙七年（1180）池陽郡齋刻本,,prompt: 传统中国美学的彩色水墨风格，描绘一个名为眴目的疾病形象，该形象表现为眼睛周围有奇异的光芒环绕，光芒中带有淡淡的蓝色和紫色，象征着神秘而不可捉摸的疾病。背景为古代山水画风，山峦起伏，云雾缭绕，增添一种幽静而神秘的氛围。画面整体色调以淡雅为主，强调出一种古朴而深邃的感觉。
心痛,疾病,疾病,山海經十八卷,宋淳熙七年（1180）池陽郡齋刻本,,prompt: 中国传统医学中的心痛病症，以彩色水墨风格描绘。画面中，一位古代文人模样的男子坐在庭院中，一手按住胸口，面露痛苦之色。周围环境是典型的中式园林，有假山、流水和古树。天空呈现出淡淡的阴霾，象征着内心的忧郁与病痛。整体色调偏暗，但通过细腻的笔触和丰富的色彩层次表现出传统中国美学的韵味。
疣,疾病,疾病,山海經十八卷,宋淳熙七年（1180）池陽郡齋刻本,,prompt: 传统中国美学的彩色水墨风格，描绘一个象征疾病的疣的形象，疣位于人体皮肤上，呈现为一个小而突出的肉色或棕色肿块，周围有轻微红晕，表面粗糙不平。背景以淡雅的山水画为衬托，突显出疣在皮肤上的异样感。整体画面保持古朴典雅的风格，色彩柔和，线条流畅。
㖶,疾病,疾病,山海經十八卷,宋淳熙七年（1180）池陽郡齋刻本,,prompt: 《山海经》中的疾病之神㖶，形象为一位面容憔悴、身形消瘦的老者，身着破旧的长袍，手持一根枯萎的树枝，周围环绕着淡淡的黑雾。背景为荒凉的山谷，天空阴沉，几只乌鸦在空中盘旋。整体画面采用传统中国美学的彩色水墨风格，笔触细腻，色彩以灰暗为主，突出疾病的沉重与压抑感。
憂,疾病,疾病,山海經十八卷,宋淳熙七年（1180）池陽郡齋刻本,,"prompt: 中国传统水墨画风格，描绘一个名为""憂""的疾病形象，它以一种幽暗、阴郁的氛围呈现。画面中，""憂""被表现为一团缭绕的黑雾，雾中隐约可见一张愁容满面的脸庞，眼神中充满了无尽的忧伤与痛苦。背景是一片荒凉的山林，树木枯萎，天空灰暗，几只乌鸦在空中盘旋，增添了几分凄凉之感。整幅画面用色以深蓝、墨黑为主，间或点缀着淡淡的灰色，营造出一种压抑而沉重的感觉。"
㿈,疾病,疾病,山海經十八卷,宋淳熙七年（1180）池陽郡齋刻本,,prompt: 《山海经》中的疾病之神“㿈”，形象为一苍白面色、瘦弱体态的幽灵，身着破旧长袍，长发散乱披肩，双眼深陷，眼窝漆黑如深渊。背景为荒凉的山谷，枯树与荒草丛生，天空灰暗阴沉，弥漫着淡淡的雾气。采用古代插画风格和传统中国美学的彩色水墨风格，色彩以暗淡为主，突出疾病的阴郁与恐怖感。
暍,疾病,疾病,山海經十八卷,宋淳熙七年（1180）池陽郡齋刻本,,prompt: 古代中国疾病暍，表现为中暑症状，人物形象为一位古代农夫在烈日下劳作，面容憔悴，汗流浃背，身旁稻田干涸，天空呈现一片酷热的橙黄色，远处山峦隐约可见，采用传统中国美学的彩色水墨风格，画面充满古朴与自然的气息。
癰,疾病,疾病,山海經十八卷,宋淳熙七年（1180）池陽郡齋刻本,,prompt: 中国传统医学中的疾病形象，癰表现为皮肤上的红肿脓包，周围有炎症扩散的迹象。画面中，癰被描绘成一个红色的、充满脓液的圆形肿块，周围有火焰般的红晕，象征着炎症和疼痛。背景采用淡雅的水墨风格，以黑白灰为主色调，突出癰的鲜艳红色。整体画面简洁而富有传统中国美学特色。
厭,疾病,疾病,山海經十八卷,宋淳熙七年（1180）池陽郡齋刻本,,prompt: 中国传统水墨风格，厭，一种象征疾病的古老生物，形象扭曲而病态，身体呈现暗绿色，皮肤上布满溃烂的疮疤和斑点，四肢细长无力，眼神空洞无神，周身散发着腐朽的气息，背景为阴沉的山林，空气中弥漫着淡淡的雾气，整体氛围压抑而沉重。
愚,疾病,疾病,山海經十八卷,宋淳熙七年（1180）池陽郡齋刻本,,prompt: 一个象征疾病的古老形象，名为愚，其形态如同一团混沌的黑雾，缠绕着病态的苍白面容。在画面中，愚的形象隐匿于一片枯萎的草木之间，周围弥漫着一种压抑而沉重的氛围。背景是荒凉的山野，天空阴沉，仿佛预示着疾病的蔓延。整个画面采用传统中国美学的彩色水墨风格，线条流畅，色彩深邃，透露出一种神秘而古老的氛围。
寓,疾病,疾病,山海經十八卷,宋淳熙七年（1180）池陽郡齋刻本,,prompt: 中国传统神话中的疾病之神寓，以古代插画风格和传统中国美学的彩色水墨风格描绘。画面中，寓被表现为一位面容苍白、身着古装的人物，周围环绕着象征疾病的烟雾和幽暗氛围，背景为模糊的山川河流，整个画面充满神秘而略带阴郁的气息。
癭,疾病,疾病,山海經十八卷,宋淳熙七年（1180）池陽郡齋刻本,,prompt: 中国传统医学插画，癭病患者形象，颈部肿大如囊，面容憔悴，身着古代汉服，背景为古朴的中药铺，色彩以淡雅的水墨色调为主，细节处用细腻的线条描绘，展现古代对疾病的认知和治疗场景。
癡疾,疾病,疾病,山海經十八卷,宋淳熙七年（1180）池陽郡齋刻本,,prompt: 一位面容憔悴、眼神迷茫的古代病人，身着破旧的长袍，皮肤苍白，头发凌乱。他周围环绕着淡淡的黑雾，象征着疾病的侵袭。背景是古老的中国村庄，房屋简陋，远处有山峦和树木。画面采用彩色水墨风格，线条流畅，色彩淡雅，展现出一种忧郁而神秘的氛围。
疫疾,疾病,疾病,山海經十八卷,宋淳熙七年（1180）池陽郡齋刻本,,prompt：疫疾，疾病之源，形象为一团缭绕的黑雾，其中隐约可见扭曲的人形和痛苦的面容。黑雾中夹杂着红色的瘟疫之火，象征着疾病的蔓延与破坏。背景为一片荒芜之地，枯树败叶，暗淡无光，空气中弥漫着压抑的气息。整体风格参考古代插画，采用传统中国美学的彩色水墨风格，笔触细腻，色彩对比强烈。
嗌痛,疾病,疾病,山海經十八卷,宋淳熙七年（1180）池陽郡齋刻本,,prompt: 古代中国医学插画风格，描绘一个身着传统服饰的人，面容痛苦，手抚喉咙，周围环绕着象征疾病的暗色云雾，背景为淡雅的水墨山水，整体色调以灰蓝为主，突出喉部不适的主题，画面中隐约可见古代医书中的草药图案，营造出一种神秘而古老的氛围。
痔,疾病,疾病,山海經十八卷,宋淳熙七年（1180）池陽郡齋刻本,,prompt: 中国传统医学插画风格，痔疮的象征性图像，以古代医书中的描绘为参考，采用彩色水墨技法，画面中可见一个人物侧面坐姿，面部表情痛苦，臀部周围有红色肿块和线条表示疼痛与不适，背景为淡雅的山水图案，整体色调柔和，强调传统美学与医学知识的结合。
灂,疾病,疾病,山海經十八卷,宋淳熙七年（1180）池陽郡齋刻本,,prompt: 传统中国美学彩色水墨风格，描绘一个名为灂的疾病形象，它以一种神秘而幽暗的形态出现，如同一团缭绕的黑雾，其中隐约可见扭曲的人形轮廓。背景是古代中国的山水景色，山峦起伏，江水蜿蜒，但都被这团黑雾笼罩，显得格外阴森。在画面的一角，几株枯萎的树木和荒凉的土地暗示着疾病的破坏力。整幅画采用深色调，以突出疾病带来的压抑感和绝望感。
腫疾,疾病,疾病,山海經十八卷,宋淳熙七年（1180）池陽郡齋刻本,,prompt：肿疾，一种古老的疾病，表现为身体局部或全身的异常肿胀。在古代插画中，这种疾病的描绘通常以夸张的手法展现，患者的身体部分异常膨胀，皮肤呈现不自然的红色或紫色。背景为古朴的山水，画面采用传统中国美学的彩色水墨风格，色调以淡雅为主，但病患部位用鲜艳的颜色突出，形成鲜明对比，象征着疾病对生命的侵袭与破坏。
墊,疾病,疾病,山海經十八卷,宋淳熙七年（1180）池陽郡齋刻本,,prompt: 古代传说中的疾病之神墊，身披灰暗长袍，面容苍白憔悴，眼神中透露出病态的幽光。他手持一根枯萎的树枝，周围环绕着淡淡的黑雾，象征着疾病的蔓延。背景为荒凉的山野，枯树和荒草间弥漫着一种压抑的气氛。画面采用传统中国美学的彩色水墨风格，色彩以灰暗为主，点缀些许深红和墨绿，营造出一种神秘而沉重的氛围。
底,疾病,疾病,山海經十八卷,宋淳熙七年（1180）池陽郡齋刻本,,prompt: 中国传统神话中的疾病之神底，身着古朴长袍，面容苍白而憔悴，手持一根枯萎的树枝，象征着疾病的蔓延。背景是阴暗的山林，树木枯萎，草木凋零，天空中乌云密布，透露出一种压抑和病态的氛围。画面采用彩色水墨风格，色彩以灰暗为主，点缀几抹鲜艳的红色，突出神秘而恐怖的气息。
妬,疾病,疾病,山海經十八卷,宋淳熙七年（1180）池陽郡齋刻本,,prompt: 中国传统水墨画风格，妬，一种象征嫉妒和怨恨的疾病，画面中一位面容憔悴、眼神充满怨毒的女子，身着古代服饰，周围环绕着黑色的烟雾，背景是阴暗的天空和枯萎的树木，表现出嫉妒和怨恨带来的痛苦和毁灭。
癉,疾病,疾病,山海經十八卷,宋淳熙七年（1180）池陽郡齋刻本,,prompt: 中国传统彩色水墨风格，癉病之神，形象为一位面容憔悴、皮肤苍白的男子，身穿破旧的长袍，手持一根枯萎的树枝，周围环绕着淡淡的黑雾，象征着疾病的蔓延。背景是荒凉的山野，远处有几座孤零零的茅屋，天空阴沉，乌云密布，给人一种压抑和不安的感觉。整体色调以灰暗为主，局部点缀一些鲜艳的颜色，突出癉病之神的神秘与恐怖。
倒,疾病,疾病,山海經十八卷,宋淳熙七年（1180）池陽郡齋刻本,,prompt: 古代疾病形象，名为“倒”，以一种神秘而令人不安的病态之美呈现。其身体半透明，如同被薄雾笼罩，皮肤苍白如纸，眼睛深陷，目光空洞无神。它身着古代长袍，衣衫褴褛，飘逸于空中，仿佛随时会消散。周围环绕着淡淡的黑色烟雾，象征着疾病的阴暗与死亡的气息。背景为一片荒凉之地，枯树、残垣断壁，营造出一种末日般的氛围。整体画面采用传统中国美学的彩色水墨风格，色彩以灰暗为主，点缀些许病态的绿色和紫色，给人一种压抑而诡异的感觉。
妒,疾病,疾病,山海經十八卷,宋淳熙七年（1180）池陽郡齋刻本,,prompt: 传统中国美学彩色水墨风格，描绘一个名为妒的疾病形象，其形态如同一团扭曲的黑雾，从中隐约可见嫉妒与怨恨的人脸，周围环绕着被侵蚀的心脏和枯萎的花朵，象征着嫉妒对人心灵的腐蚀。背景是幽暗的森林，树木凋零，空气中弥漫着阴冷的气息，整个画面充满压抑和不安的氛围。
𦢊,疾病,疾病,山海經十八卷,宋淳熙七年（1180）池陽郡齋刻本,,prompt: 《山海经》中的疾病之神“𦢊”，形象为一位面容苍白、身体瘦弱的老人，身穿破旧的长袍，手持一根弯曲的拐杖。他的眼中充满了疲惫和哀伤，周围环绕着淡淡的黑色烟雾，象征着疾病的阴霾。背景是一片荒凉的景象，枯树和荒草遍布，天空中乌云密布，透露出一种压抑和绝望的氛围。整体风格参考古代插画，采用传统中国美学的彩色水墨风格，画面充满神秘与古老的气息。
大疫,疾病,疾病,山海經十八卷,宋淳熙七年（1180）池陽郡齋刻本,,prompt：大疫，一种象征着古代瘟疫与疾病的神秘存在，形象上融合了传统中国美学中的恐怖与神秘元素。它被描绘为一个身披黑袍、面容枯槁的幽灵，手持一根缠绕着毒蛇的法杖，四周弥漫着阴冷的雾气。在它的脚下，枯萎的草木和病态的动物映衬出其带来的毁灭之力。整个画面采用彩色水墨风格，色彩以暗沉的灰黑色为主，辅以血红和病态的绿色，营造出一种压抑而恐怖的氛围。背景中隐约可见荒凉的村庄和哀鸿遍野的景象，进一步强化了大疫所带来的灾难感。
胕,疾病,疾病,山海經十八卷,宋淳熙七年（1180）池陽郡齋刻本,,prompt: 中国传统彩色水墨风格，描绘一个名为胕的疾病形象，它以一种幽暗而扭曲的形态出现，身体如同被病痛侵蚀的枯枝，皮肤呈现不健康的灰绿色。周围环绕着象征疾病的雾气，背景是阴沉的天空和荒凉的大地，整个画面充满了一种压抑而沉重的氛围。参考古代插画风格，注重细节的描绘和传统中国美学的表现。
風,疾病,疾病,山海經十八卷,宋淳熙七年（1180）池陽郡齋刻本,,prompt: 中国传统彩色水墨风格，描绘一位象征疾病的风神，形象为一位身着古朴长袍的老者，面容憔悴，眼中透露出一丝忧郁。他手持一把破旧的扇子，轻轻挥动，带来阵阵阴冷的风。背景是枯黄的树木和荒凉的大地，天空中乌云密布，给人一种压抑和不安的感觉。整幅画面充满神秘而古老的氛围，体现出疾病带来的萧瑟与哀愁。
腹疾,疾病,疾病,山海經十八卷,宋淳熙七年（1180）池陽郡齋刻本,,prompt: 中国古代神话中的疾病之神腹疾，身着古朴的长袍，面容憔悴而苍白，手持一卷古老的医书，身旁围绕着淡淡的病气。背景是古代的宫殿，色调以暗淡的灰色和深蓝色为主，辅以淡淡的红色和黄色，整体风格参考古代插画，采用传统中国美学的彩色水墨风格。
腹痛,疾病,疾病,山海經十八卷,宋淳熙七年（1180）池陽郡齋刻本,,prompt: 传统中国美学彩色水墨风格，描绘一个古代人物因腹痛而痛苦的表情，背景为古朴的室内环境，色调以淡雅为主，强调人物的痛苦神情和身体姿态，表现出疾病带来的不适感。
䊧,疾病,疾病,山海經十八卷,宋淳熙七年（1180）池陽郡齋刻本,,prompt: 中国传统风格的彩色水墨画，描绘了一个名为䊧的疾病之神。䊧的形象是一个半透明的幽灵，身体由烟雾状的病气构成，面部表情痛苦而扭曲，身穿破烂的长袍，手中握着一把象征疾病的枯枝。背景是阴暗的山林，空气中弥漫着一种压抑和不安的气息，远处有几只乌鸦在盘旋，增添了一种不祥的感觉。画面整体色调以灰暗为主，点缀着一些病态的绿色和紫色，突出䊧作为疾病之神的恐怖与神秘。
蠱,疾病,疾病,山海經十八卷,宋淳熙七年（1180）池陽郡齋刻本,,prompt: 中国传统彩色水墨风格，描绘蠱这种神秘的疾病。画面中，一只古老的青铜鼎置于中央，鼎内烟雾缭绕，象征着疾病的源头。四周环绕着各种奇异的虫豸和植物，它们以扭曲的姿态缠绕在一起，形成一种诡异而美丽的图案。背景是幽暗的山林，透露出一丝不祥的气息。整幅画作采用深沉的色调，突出疾病的神秘与恐怖感。
惑,疾病,疾病,山海經十八卷,宋淳熙七年（1180）池陽郡齋刻本,,prompt: 中国传统水墨风格，一个名为“惑”的疾病化身，形象为一位面容憔悴、眼神迷茫的女子，身着淡灰色长袍，长发凌乱，手中握有一束枯萎的花朵，周围环绕着淡淡的雾气和飘落的花瓣，背景是模糊不清的山水，整个画面弥漫着一种忧郁而神秘的气息。
驕,疾病,疾病,山海經十八卷,宋淳熙七年（1180）池陽郡齋刻本,,prompt: 古代神话中的疾病之神驕，面容苍白而憔悴，双眼深陷，身穿破旧的长袍，手持一根枯萎的树枝，周围环绕着病态的绿色烟雾。背景为荒凉的山野，远处有几棵枯树和一片阴沉的天空。整体风格参考古代插画和传统中国美学的彩色水墨风格。
疽,疾病,疾病,山海經十八卷,宋淳熙七年（1180）池陽郡齋刻本,,prompt: 古代神话中的疾病之神疽，以一种半透明的幽灵形态出现，身体由深紫色和黑色的烟雾组成，面容痛苦扭曲，眼神中透露出病痛与绝望。背景为一片荒凉之地，枯树和死寂的河流环绕，天空布满乌云，象征着疾病的蔓延与死亡的气息。整体风格参考古代插画，采用传统中国美学的彩色水墨技法绘制。
厥,疾病,疾病,山海經十八卷,宋淳熙七年（1180）池陽郡齋刻本,,prompt：厥，疾病之神，面容苍白而憔悴，眼神空洞无神，身着破旧的长袍，袍上绣有古老的符文和草药图案。他手持一根枯萎的树枝，树枝上缠绕着几根干枯的藤蔓，象征着生命的衰败。背景是一片荒凉之地，天空灰暗，四周弥漫着淡淡的雾气，远处隐约可见几座破败的庙宇，整个画面呈现出一种阴郁、压抑的氛围，符合传统中国美学的彩色水墨风格。
疥,疾病,疾病,山海經十八卷,宋淳熙七年（1180）池陽郡齋刻本,,prompt: 请绘制一个名为疥的疾病形象，参考《山海经》中的描述和传统中国美学的彩色水墨风格。画面中，疥以一种拟人化的形态出现，身体由红色的斑点和肿块构成，皮肤上布满细小的裂纹，仿佛正在侵蚀健康的肌肤。它的眼睛是深邃的黑色，透露出痛苦和不安。背景可以是一片荒芜的土地，象征着疾病的蔓延和破坏。整体色调以暗红和灰黑为主，营造出一种压抑而神秘的氛围。
瘕疾,疾病,疾病,山海經十八卷,宋淳熙七年（1180）池陽郡齋刻本,,prompt: 传统中国美学彩色水墨风格，描绘一种名为瘕疾的疾病，病症表现为腹部肿胀，患者面容痛苦，周围环绕着象征病痛的暗色云雾，背景为古代中国的山水景色，画面充满神秘与古老的氛围。
狂,疾病,疾病,山海經十八卷,宋淳熙七年（1180）池陽郡齋刻本,,prompt：狂，疾病之神，面容扭曲痛苦，眼神狂乱，身着破烂衣物，周围环绕着黑色的烟雾和扭曲的符文。背景为荒凉的山野，天空阴沉，雷电交加，整体色调以暗黑为主，辅以血红色的点缀，展现出一种压抑而恐怖的氛围。形象参考古代插画风格，融合传统中国美学的彩色水墨技法，注重线条的流畅与色彩的层次感。
腊,疾病,疾病,山海經十八卷,宋淳熙七年（1180）池陽郡齋刻本,,prompt: 传统中国美学的彩色水墨风格，描绘一位名为腊的疾病之神，他身着古老的服饰，面容憔悴，眼神中透露出病态。背景是阴暗的山林，空气中弥漫着淡淡的雾气，象征疾病的蔓延。腊手持一根枯萎的树枝，身边围绕着微小的幽灵和病魔，整体氛围神秘而略带恐怖。
聾,疾病,疾病,山海經十八卷,宋淳熙七年（1180）池陽郡齋刻本,,prompt: 古代中国神话中的疾病形象，名为“聾”，表现为一位面容憔悴、眼神空洞的老人，身穿破旧的长袍，手持一根弯曲的拐杖。背景为阴暗的山林，树木枯萎，象征着疾病的侵袭。画面采用传统中国美学的彩色水墨风格，色彩以灰暗为主，突出疾病的沉重感。
瘻,疾病,疾病,山海經十八卷,宋淳熙七年（1180）池陽郡齋刻本,,prompt: 请绘制一个名为“瘻”的疾病形象，采用古代插画风格和传统中国美学的彩色水墨风格。画面中，一位古代人物身体上出现了许多溃烂的伤口，这些伤口呈现出深红色，边缘略带黑色，周围有黄色脓液流出。背景为淡雅的山水景色，以突出主体的痛苦与疾病的沉重感。整体色调偏暗，但通过细腻的笔触和色彩变化来表达出中国传统绘画中的意境美。
癘,疾病,疾病,山海經十八卷,宋淳熙七年（1180）池陽郡齋刻本,,prompt: 《山海经》中的疾病之神癘，形象为一个瘦弱的人形，皮肤苍白如纸，双眼深陷，脸颊凹陷，身体上布满各种病态的斑点和疮疤。他穿着破旧的长袍，手持一根枯萎的树枝，象征着疾病的蔓延与死亡。背景为一片荒凉之地，天空阴沉，四周弥漫着淡淡的黑雾，营造出一种压抑、绝望的氛围。采用古代插画风格和传统中国美学的彩色水墨风格，画面色彩以灰暗为主，点缀少量红色和绿色，突出癘的病态之美。
勞,疾病,疾病,山海經十八卷,宋淳熙七年（1180）池陽郡齋刻本,,prompt：劳，疾病之神，面容憔悴，眼神疲惫，身着破旧的长袍，手中握着一根枯萎的树枝，周围环绕着淡淡的黑雾，象征着疾病的传播与蔓延。背景为荒凉的山野，远处有几棵枯树，天空阴沉，乌云密布，透露出一种压抑和绝望的气息。整体采用传统中国美学的彩色水墨风格，色彩以暗淡为主，强调劳带来的病痛与衰败。
昧,疾病,疾病,山海經十八卷,宋淳熙七年（1180）池陽郡齋刻本,,prompt：古代神话中的疾病之神昧，面容苍白而憔悴，身穿破旧的长袍，眼神中透露出深深的忧郁。他手持一根枯萎的树枝，周围环绕着淡淡的黑雾。背景是荒凉的山野，远处有一座废弃的村庄，天空阴沉，仿佛预示着即将到来的灾难。整体画面采用传统中国美学的彩色水墨风格，色彩以灰暗为主，营造出一种压抑而神秘的氛围。
眯,疾病,疾病,山海經十八卷,宋淳熙七年（1180）池陽郡齋刻本,,prompt: 传统中国美学彩色水墨风格，描绘一种名为眯的疾病，表现为人们眼睛无法完全睁开，仿佛被无形的力量束缚。画面中，一位古代人物半闭着眼睛，面容痛苦，周围环绕着淡淡的灰色雾气，象征着疾病的困扰。背景是模糊的山水，增添了一种神秘而沉重的氛围。
瞢,疾病,疾病,山海經十八卷,宋淳熙七年（1180）池陽郡齋刻本,,prompt: 《山海经》中的疾病之神瞢，形象为一个面容憔悴、眼神迷茫的中年男子，身穿破旧的长袍，手中握着一根枯萎的树枝。背景是荒凉的山野，四周弥漫着淡淡的雾气，天空呈现出灰暗的颜色，几只乌鸦在空中盘旋。整体画面采用传统中国美学的彩色水墨风格，线条流畅而富有韵味，色彩以淡雅为主，展现出一种神秘而沉重的氛围。
瘧,疾病,疾病,山海經十八卷,宋淳熙七年（1180）池陽郡齋刻本,,prompt: 中国传统水墨风格，描绘一个名为瘧的疾病之神，形象为一缕幽暗的烟雾，缠绕在一片枯萎的竹林之中。烟雾中隐约可见一张痛苦扭曲的人脸，眼神空洞而绝望。背景是阴沉的天空，乌云密布，几只乌鸦在空中盘旋，增添了一丝不祥的气息。画面整体色调偏冷，以灰、蓝、黑为主，营造出一种压抑和病态的氛围。
嘔,疾病,疾病,山海經十八卷,宋淳熙七年（1180）池陽郡齋刻本,,prompt: 中国传统彩色水墨风格，描绘一个名为嘔的疾病形象，它以一种幽暗、扭曲的形态出现，身体由烟雾般的黑气构成，面容痛苦而狰狞，周围环绕着象征疾病的符咒和符号，背景是阴沉的山川和古老的村落，整个画面充满神秘而压抑的氛围。
皮張,疾病,疾病,山海經十八卷,宋淳熙七年（1180）池陽郡齋刻本,,prompt：皮張，一种古老的疾病，表现为皮肤上出现奇异的纹理和斑点，如同山川河流般蜿蜒。画面中，一位古代的人站在河边，他的皮肤上布满了如水墨画般的纹理，仿佛是山川大地的缩影。背景是幽静的山谷，远处有淡淡的云雾缭绕，整体色调以淡雅的水墨风格为主，色彩柔和而富有层次感。
白癬,疾病,疾病,山海經十八卷,宋淳熙七年（1180）池陽郡齋刻本,,prompt: 中国传统医学中的疾病形象，白癬被描绘为一种覆盖着白色鳞片的神秘生物，其身体呈现出枯萎的树枝状，象征着疾病的蔓延。背景为淡雅的水墨山水，整体色调以冷色调为主，强调出疾病的寒凉与侵袭感。
癙,疾病,疾病,山海經十八卷,宋淳熙七年（1180）池陽郡齋刻本,,prompt: 中国传统彩色水墨画风格，癙，一种古代传说中的疾病之神，形象为半人半兽，身体被深紫色的烟雾缭绕，面容憔悴而阴森，眼神中透露出病痛与绝望。它身穿破旧的长袍，手中握着一根枯萎的树枝，周围环境荒凉，草木凋零，天空布满乌云，呈现出一种压抑和不祥的氛围。背景中隐约可见一些受苦的人类，表现出疾病的痛苦与折磨。整体画面充满神秘而恐怖的气息，符合《山海经》中对疾病的描绘。
不字,疾病,疾病,山海經十八卷,宋淳熙七年（1180）池陽郡齋刻本,,prompt: 古代疾病不字，以中国传统医学中的病魔形象为基础，身穿破烂的黑袍，面容憔悴苍白，眼神空洞无神。背景为阴暗的古代药房，四周散落着古老的医书和草药，空气中弥漫着淡淡的药香。画面采用传统中国美学的彩色水墨风格，线条流畅，色彩古朴典雅，营造出一种神秘而沉重的氛围。
霆,疾病,疾病,山海經十八卷,宋淳熙七年（1180）池陽郡齋刻本,,prompt: 中国传统医学中的疾病之神霆，身披暗紫色长袍，面容苍白，眼神深邃而忧郁。他手持一根缠绕着黑云和闪电的法杖，象征着疾病的突然降临与不可预测性。背景是朦胧的山川，用淡墨勾勒出轮廓，整个画面采用传统中国美学的彩色水墨风格，既有神秘感又不失古朴之美。
衕,疾病,疾病,山海經十八卷,宋淳熙七年（1180）池陽郡齋刻本,,prompt: 中国传统水墨画风格，描绘一种名为“衕”的疾病，表现为一个幽暗的、扭曲的人形阴影，周围环绕着病态的绿色和紫色烟雾，背景是古代中国的乡村景象，空气中弥漫着压抑和不安的气息，画面中隐约可见村民们的恐惧表情，整体色调阴沉，充满神秘与恐怖感。
痤,疾病,疾病,山海經十八卷,宋淳熙七年（1180）池陽郡齋刻本,,prompt: 中国传统医学中的痤疮形象，表现为面部红肿痘痘，周围有轻微的炎症和红晕，背景为古代医书插画风格，采用彩色水墨技法，画面中融入草药和针灸元素，展现古代中医治疗痤疮的场景。
䐆,疾病,疾病,山海經十八卷,宋淳熙七年（1180）池陽郡齋刻本,,prompt：《山海经》中的疾病之神“䐆”，以一种神秘而古老的形象出现，它身披暗紫色的长袍，面容苍白且带有病态的青色，双眼深陷，仿佛能洞察人心。它的身体被一层薄雾般的黑气环绕，象征着疾病的蔓延和侵袭。背景是幽暗的森林，树木枯萎，草木凋零，呈现出一片荒凉的景象。整体风格参考古代插画，采用传统中国美学的彩色水墨风格，画面中充满了神秘与不安的氛围。
痸,疾病,疾病,山海經十八卷,宋淳熙七年（1180）池陽郡齋刻本,,prompt: 古代疾病之神痸，形象为一位面容憔悴、身体瘦弱的男子，身着破旧的长袍，手持一根枯萎的树枝作为拐杖。背景为荒凉的山野，天空阴沉，乌云密布。画面采用传统中国美学的彩色水墨风格，色彩以灰暗、土黄为主，突出疾病的沉重与压抑感。人物线条细腻，表情痛苦而无奈，眼神中透露出对生命的渴望和无力。
