名字,一级类目,二级类目,出处书名,版本,描述,prompt,image_path
天嬰,其他,其他,山海經十八卷,宋淳熙七年（1180）池陽郡齋刻本,"其狀如龍骨,",prompt: 天嬰，其狀如龍骨，身体由龙的骨骼构成，呈现出一种神秘而古老的气质。它的头部是龙首，但没有肉身，只有骨架，眼睛处有两团幽蓝色的火焰，仿佛能够洞察世间万物。天嬰的身体弯曲盘旋，如同一条巨大的龙骨，表面覆盖着淡淡的青色光芒，散发出古老而强大的气息。背景是一片虚无缥缈的云雾，周围点缀着星辰和流动的灵气，展现出一种超脱凡尘的仙气。整体风格参考古代插画中的龙形象，结合传统中国美学的彩色水墨风格，画面色彩以淡雅为主，强调线条与光影的对比。,其他\其他\天嬰.png
息壤,其他,其他,山海經十八卷,宋淳熙七年（1180）池陽郡齋刻本,,prompt：息壤，古代传说中的神土，能够自生长，永不耗尽。画面中，一片神秘的土壤在大地上蔓延，色彩斑斓，充满生机。土壤上长出各种奇花异草，远处山川环绕，云雾缭绕，展现出一种古老而神秘的气息。画面采用传统中国彩色水墨风格，线条流畅，色彩丰富，富有诗意。,其他\其他\息壤.png
育沛,其他,其他,山海經十八卷,宋淳熙七年（1180）池陽郡齋刻本,,prompt: 中国传统美学风格，彩色水墨画，描绘育沛，一种神秘的古代护身符，形状为不规则的卵石状，表面有天然形成的纹理和斑点，周围环绕着淡淡的光芒，象征着保护与平安。背景为淡雅的山水景色，远处有隐约可见的山峦和云雾，营造出一种宁静而神秘的氛围。,其他\其他\育沛.png
痺,其他,其他,山海經十八卷,宋淳熙七年（1180）池陽郡齋刻本,,prompt: 一只古代神话中的异兽痺，其身长似蛇，但有四足，每足生有三爪，皮肤覆盖着坚硬的鳞片，颜色为深绿色，头部有一对弯曲的角，眼睛呈红色，口中伸出长长的舌头。背景为山林间的古老景色，树木茂密，云雾缭绕，整体风格参考传统中国彩色水墨画。,其他\其他\痺.png
虖交,其他,其他,山海經十八卷,宋淳熙七年（1180）池陽郡齋刻本,,prompt: 一只古老的神兽虖交，形象神秘而威严，身体如同巨大的蛇，覆盖着五彩斑斓的鳞片，在阳光下闪耀着金属般的光泽。虖交拥有两只强壮的前肢，爪子锋利如刀，头部类似龙，长有弯曲的独角和一对锐利的眼睛。虖交栖息在幽深的山谷中，周围环绕着奇花异草和奇异的岩石。画面采用传统中国美学的彩色水墨风格，背景以淡雅的山水为衬托，展现出一种古老而神秘的气息。,其他\其他\虖交.png
碧緑,其他,其他,山海經十八卷,宋淳熙七年（1180）池陽郡齋刻本,,prompt: 碧緑，一位神秘的山海经人物，身着翠绿色长袍，长发飘逸，面容清秀。她站在一片茂密的竹林中，周围是细腻的水墨画风格的山石和流水，背景中隐约可见远山和云雾。她的手中握着一根碧绿的玉笛，轻轻吹奏，引来一群五彩斑斓的仙鹤在空中盘旋。整个画面充满了传统中国美学的韵味，色彩以淡雅的绿色为主，点缀着些许金色和红色，营造出一种宁静而神秘的氛围。,其他\其他\碧緑.png
龍骨,其他,其他,山海經十八卷,宋淳熙七年（1180）池陽郡齋刻本,,prompt: 一条古老的龙骨，静静地躺在神秘的山洞中，周围环绕着幽暗的蓝色光芒。龙骨上覆盖着一层薄薄的青苔，仿佛已经沉睡了千年。骨骼结构清晰可见，每一块骨头都散发着淡淡的金色光辉，展现出它曾经的威严与力量。背景是深邃的山洞，洞壁上刻画着古朴的图腾和符文，增添了几分神秘感。整体画面采用传统的彩色水墨风格，笔触细腻，色彩柔和，营造出一种古老而庄严的氛围。,其他\其他\龍骨.png
馬腸之物,其他,其他,山海經十八卷,宋淳熙七年（1180）池陽郡齋刻本,,prompt: 中国传统彩色水墨风格，马肠之物，源自《山海经》中的神秘生物，形象为一匹长有巨大肠道的马，肠道盘绕其身，色彩斑斓且富有纹理，背景为古代山水画风格，远处群山环绕，近处流水潺潺，整体画面充满神秘与奇幻色彩。,其他\其他\馬腸之物.png
蔓居之木,其他,其他,山海經十八卷,宋淳熙七年（1180）池陽郡齋刻本,,prompt: 一棵古老而神秘的蔓居之木，树干粗壮扭曲，枝叶繁茂如云，覆盖着青翠欲滴的叶子和五彩斑斓的花朵。这棵树生长在一片幽静的山谷中，周围环绕着清澈的小溪和奇石。画面采用传统中国美学的彩色水墨风格，色彩丰富而柔和，展现出一种宁静祥和的氛围。,其他\其他\蔓居之木.png
麋王,其他,其他,山海經十八卷,宋淳熙七年（1180）池陽郡齋刻本,,prompt: 一只雄伟的麋鹿，身披五彩斑斓的毛皮，头顶着一对巨大的、枝繁叶茂的鹿角，宛如一棵古老的神树。它的眼神深邃而智慧，仿佛能洞察世间万物。背景是神秘的山林，雾气缭绕，古木参天，展现出一种古老而庄严的氛围。整体风格参考古代插画和传统中国美学的彩色水墨风格。,其他\其他\麋王.png
女牀,其他,其他,山海經十八卷,宋淳熙七年（1180）池陽郡齋刻本,,prompt: 中国传统水墨风格，女牀，山海经中的神秘生物，形象为半人半鸟，拥有女性的上身和鸟类的下身，长有华丽的羽毛，羽毛色彩斑斓，以蓝、绿、紫为主色调，背景为远古森林，树木茂盛，云雾缭绕，画面中女牀站在树枝上，姿态优雅，眼神温柔，周围点缀着奇异的花朵和藤蔓。,其他\其他\女牀.png
器酸,其他,其他,山海經十八卷,宋淳熙七年（1180）池陽郡齋刻本,"三歳一成,",prompt: 三岁一成的器酸，形象为一个古老的青铜器皿，表面覆盖着神秘的纹饰，纹饰中包含着山川、河流以及各种神话生物。器皿整体呈现出一种深邃的青绿色，仿佛经历了无数岁月的洗礼。背景是中国传统的山水画风格，远处是层峦叠嶂的山脉，近处是潺潺流水和古木参天。整个画面充满了古老而神秘的气息，展现出传统中国美学的独特魅力。,其他\其他\器酸.png
