名字,一级类目,二级类目,出处书名,版本,描述,prompt,image_path
天吴,人物,神名,山海經十八卷,宋淳熙七年（1180）池陽郡齋刻本,"是為水伯,在𧈫𧈫北兩水間,其為獸也,八首人面,八足八尾,皆青黃,",prompt: 中国神话中的水伯天吴，位于𧈫𧈫北两水之间，形象为八首人面、八足八尾的神兽，全身青黄相间，背景为水墨风格的山水画卷，画面中流水潺潺，山峦起伏，云雾缭绕，展现出浓厚的传统中国美学。,人物\神名\天吴.png
𧕦圍,人物,神名,山海經十八卷,宋淳熙七年（1180）池陽郡齋刻本,"其狀如人靣,羊角,虎爪,恒遊于睢漳之淵,出入有光,",prompt: 《山海经》中的神名𧕦圍，其状如人面，羊角，虎爪，恒游于睢漳之渊，出入有光。请以古代插画风格和传统中国美学的彩色水墨风格绘制这位神秘的神祇。画面中，𧕦圍的人面表情庄重而神秘，头顶长着一对弯曲的羊角，手足则为锐利的虎爪。他悠游在睢漳深渊之中，周身环绕着柔和的光芒，仿佛是水中的一颗明珠。背景可以描绘深邃的水域，水面波光粼粼，远处隐约可见山峦起伏，增添一份神秘与宁静的氛围。,人物\神名\𧕦圍.png
天愚,人物,神名,山海經十八卷,宋淳熙七年（1180）池陽郡齋刻本,,prompt: 中国传统神话中的天愚神，身穿华丽的云纹长袍，手持象征智慧与知识的玉简，面容慈祥而庄严，站在云端之上，周围环绕着五彩神光，背景是浩瀚星空和翻滚的云海，整体风格为彩色水墨画，展现出神秘而庄重的氛围。,人物\神名\天愚.png
田祖,人物,神名,山海經十八卷,宋淳熙七年（1180）池陽郡齋刻本,"叔均乃爲田祖,",prompt: 田祖叔均，身着古代农耕服饰，手持耒耜，站在金黄色的稻田之中，周围是丰收的景象，天空中飘着祥云，背景是远山和古朴的村落，画面采用传统中国美学的彩色水墨风格，充满神话色彩和古典美感。,人物\神名\田祖.png
𪂧,人物,神名,山海經十八卷,宋淳熙七年（1180）池陽郡齋刻本,,prompt: 𪂧，古代神话中的神祇，身披五彩霞光，手持神秘法器，立于云雾缭绕的山巅之上。背景为水墨风格的山川，色彩以青绿为主，点缀金红，展现出传统中国美学的韵味。神祇面容慈祥，目光深邃，仿佛洞察世间万物。服饰华丽，细节处可见龙凤图案，彰显其尊贵身份。,人物\神名\𪂧.png
袜,人物,神名,山海經十八卷,宋淳熙七年（1180）池陽郡齋刻本,"其爲物人身黒首,從目,",prompt: 人身黑首的神明袜，其形象为人类身体，头部漆黑如墨，双眼炯炯有神，散发出神秘而威严的气息。背景为山海经中的奇幻山水，采用传统中国美学的彩色水墨风格绘制。,人物\神名\袜.png
無継,人物,神名,山海經十八卷,宋淳熙七年（1180）池陽郡齋刻本,,prompt: 一位神秘的古代神祇無継，身着华丽的古代服饰，长发飘逸，面容威严而慈祥。背景为山川河流，云雾缭绕，展现出一种超凡脱俗的气质。画面采用传统中国美学的彩色水墨风格，线条流畅，色彩淡雅，充满古朴与神秘感。,人物\神名\無継.png
武羅,人物,神名,山海經十八卷,宋淳熙七年（1180）池陽郡齋刻本,,prompt: 武羅，古代神祇，形象威武庄严，身披金色铠甲，手持长剑，面容刚毅，眼神锐利。背景为云雾缭绕的山峦，色彩以深蓝和金色为主，融合传统中国美学的彩色水墨风格，展现出神秘而庄重的氛围。,人物\神名\武羅.png
無滛,人物,神名,山海經十八卷,宋淳熙七年（1180）池陽郡齋刻本,"帝舜生無滛,降臷處是謂巫臷民,",prompt: 无淫，帝舜之子，降生在巫臷之地，成为巫臷民的首领。画面中，无淫身穿华丽的古装，头戴高冠，面容庄重而威严。背景为巫臷之地，山川秀美，草木葱郁，远处可见巫臷民居住的村落。整体风格参考古代插画和传统中国美学的彩色水墨风格，色彩典雅，线条流畅。,人物\神名\無滛.png
信,人物,神名,山海經十八卷,宋淳熙七年（1180）池陽郡齋刻本,"後土生信,信生夸父,",prompt: 信，神名，後土之子，夸父之父，形象为一位身穿古朴长袍的中年男子，面容慈祥而威严，手持一根象征大地力量的权杖，周围环绕着代表自然与生命的元素，如山川、草木和飞鸟，背景是广袤的大地与天空，整体风格参考古代插画和传统中国彩色水墨画。,人物\神名\信.png
嘘,人物,神名,山海經十八卷,宋淳熙七年（1180）池陽郡齋刻本,"人靣無臂,兩足反屬於頭上,",prompt: 人面无臂，两足反属于头上的神祇嘘，以古代插画风格和传统中国美学的彩色水墨风格绘制。画面中，嘘的形象奇特而神秘，其头部两侧长有两条腿，仿佛替代了手臂的功能，双腿弯曲向上，如同盘旋在头顶的双龙。面部表情平静而深邃，目光炯炯有神。背景采用淡雅的山水画风，云雾缭绕，山川若隐若现，营造出一种超凡脱俗的氛围。,人物\神名\嘘.png
熏池,人物,神名,山海經十八卷,宋淳熙七年（1180）池陽郡齋刻本,,prompt: 熏池，古代神话中的神祇，身披云雾缭绕的长袍，手持象征水与风的法杖，立于波光粼粼的池塘之畔。背景为祥云环绕的山峦，色彩以淡雅的水墨风格为主，辅以细腻的传统中国画技法，展现出神秘而宁静的氛围。,人物\神名\熏池.png
闟非,人物,神名,山海經十八卷,宋淳熙七年（1180）池陽郡齋刻本,"人靣,獸身,青色,",prompt: 人面兽身的神祇闟非，青色皮肤，威严而神秘，形象源自《山海经》，采用古代插画风格和传统中国美学的彩色水墨风格，背景为幽深的山林，增添几分神话色彩。,人物\神名\闟非.png
長乘,人物,神名,山海經十八卷,宋淳熙七年（1180）池陽郡齋刻本,"是天之九德也,其狀如人,犳尾,",prompt: 长乘，天之九德之一，其状如人，犳尾。请以古代插画风格和传统中国美学的彩色水墨风格绘制。画面中，长乘身着华丽的古装，面容庄重而威严，身后拖着一条狟尾，尾巴上有着斑斓的花纹。背景为云雾缭绕的仙境，四周点缀着奇花异草，展现出神秘而庄严的氛围。,人物\神名\長乘.png
羲和,人物,神名,山海經十八卷,宋淳熙七年（1180）池陽郡齋刻本,"日浴於甘淵,帝俊之妻,生十日,",prompt: 羲和，帝俊之妻，生十日，日浴於甘淵。画面中，羲和身着华丽的古代服饰，头戴凤冠，面容慈祥而庄严。她站在甘淵旁，手持长柄玉梳，轻轻梳理着十个太阳的光芒。十个太阳如同十个金色的圆盘，环绕在她的周围，散发着温暖而耀眼的光辉。背景是波光粼粼的水面，远处是连绵起伏的山脉，整个画面充满了神秘而庄重的气息，展现出古代神话中的宏伟景象。,人物\神名\羲和.png
形天,人物,神名,山海經十八卷,宋淳熙七年（1180）池陽郡齋刻本,"與帝至此（竒肱之國）爭神帝断其首葬之常羊之山,乃以乳爲目,以臍爲口,操干戚以舞,",prompt: 中国神话中的战神形天，形象为一位断首的勇士，头部被斩断后以双乳作为眼睛，肚脐作为嘴巴，手持干戚（古代兵器），在常羊之山上挥舞。画面采用传统中国美学的彩色水墨风格，背景是山峦起伏的常羊之山，云雾缭绕，营造出神秘而悲壮的氛围。,人物\神名\形天.png
西王母,人物,神名,山海經十八卷,宋淳熙七年（1180）池陽郡齋刻本,"其狀如人,豹尾,虎齒,善嘨,蓬髮戴勝,是司天之厲及五殘,",prompt: 西王母，其状如人，豹尾虎齿，善啸蓬发戴胜，是司天之厉及五残。请绘制一幅传统中国美学的彩色水墨风格插画，展现西王母的形象。她有着人类的身体，但身后拖着一条豹子般的尾巴，牙齿如同老虎般锋利。她的头发蓬松散乱，头顶戴着华丽的饰物。她是一位掌管天界灾祸和五种刑罚的神祇，面容威严而神秘。背景可以是幽静的山林或飘渺的云雾，增添神话氛围。,人物\神名\西王母.png
堯,人物,神名,山海經十八卷,宋淳熙七年（1180）池陽郡齋刻本,,prompt: 中国传统美学风格，彩色水墨画，尧帝身穿华丽的古代帝王服饰，头戴冕旒，手持玉圭，面容慈祥而威严，背景为古代宫殿和祥云，展现出其作为古代贤明君主的形象。,人物\神名\堯.png
禺䝞,人物,神名,山海經十八卷,宋淳熙七年（1180）池陽郡齋刻本,"東海之渚中,人面,鳥身,珥兩黃蛇,踐兩黃蛇,黄帝生禺䝞,禺䝞生禺京,禺䝞處東海,是惟海神,",prompt: 东海上空，一位人面鸟身的神祇禺䝞展翅飞翔，其双耳佩戴着两条蜿蜒的黄色蛇，双脚踏在两条黄蛇之上。他的面容庄严肃穆，眼神深邃而神秘，周身环绕着淡淡的金色光芒，象征着他是黄帝之子、海神的身份。背景是浩瀚无垠的大海，波涛汹涌，远处有几座仙山若隐若现，画面以传统中国美学的彩色水墨风格呈现，色彩淡雅，线条流畅，展现出一种古朴而神秘的气息。,人物\神名\禺䝞.png
炎帝,人物,神名,山海經十八卷,宋淳熙七年（1180）池陽郡齋刻本,,prompt：炎帝，神农氏，身着古朴的麻布长袍，头戴草帽，手持耒耜，身旁围绕着各种草药和五谷，背景是远古时期的田野与山川，采用古代插画风格，色彩以暖色调为主，融合传统中国美学的彩色水墨风格。,人物\神名\炎帝.png
于兒,人物,神名,山海經十八卷,宋淳熙七年（1180）池陽郡齋刻本,"其狀人身,身操兩蛇,常遊于江淵,出入有光,",prompt: 于兒，神名，其状人身，身操两蛇，常游于江渊，出入有光。请描绘一位身穿古朴长袍的人形神祇，手持两条蜿蜒的蛇，蛇身缠绕在其手臂上，目光深邃而神秘。背景为幽深的江水，水面波光粼粼，周围环绕着淡淡的光芒，营造出一种神秘而庄严的氛围。整体风格参考古代插画和传统中国美学的彩色水墨风格。,人物\神名\于兒.png
禺京,人物,神名,山海經十八卷,宋淳熙七年（1180）池陽郡齋刻本,"禺䝞生禺京,禺京處北海,",prompt: 禺京，北海之神，形象为半人半鱼，身披蓝色鳞甲，手持长矛，立于波涛之上，背景为广阔无垠的北海，海浪翻滚，云雾缭绕，画面采用传统中国美学的彩色水墨风格，色彩以深蓝和白色为主，辅以淡雅的灰色和绿色，营造出神秘而宁静的氛围。,人物\神名\禺京.png
應龍,人物,神名,山海經十八卷,宋淳熙七年（1180）池陽郡齋刻本,"應龍處（凶犁土丘）南極,殺蚩尤與誇父,不得復上,故下數旱,旱而爲應龍之狀乃得大雨,",prompt: 应龙位于凶犁土丘之南，曾击败蚩尤与夸父，无法再升天，因此常导致干旱。描绘应龙在云中盘旋，其身长如龙，有翼，周围环绕着干涸的大地和祈雨的人们，背景是远古的山川，画面风格为古代插画风格和传统中国美学的彩色水墨风格。,人物\神名\應龍.png
禺彊,人物,神名,山海經十八卷,宋淳熙七年（1180）池陽郡齋刻本,"人面鳥身,珥兩青蛇,踐兩青蛇,",prompt：人面鸟身的禺彊，双耳佩戴两条青蛇，脚下踩着两条青蛇，形象威严而神秘。画面采用传统中国美学的彩色水墨风格，背景为云雾缭绕的山峦，色彩以淡雅为主，突出神祇的超凡脱俗。,人物\神名\禺彊.png
雨師,人物,神名,山海經十八卷,宋淳熙七年（1180）池陽郡齋刻本,,prompt: 中国传统神话中的雨师，身着古代官服，手持云雾缭绕的法器，站在云彩之上。背景是水墨风格的山川和细雨蒙蒙的天空，色彩以淡雅的蓝绿色为主，展现出神秘而宁静的氛围。,人物\神名\雨師.png
貟神磈氏,人物,神名,山海經十八卷,宋淳熙七年（1180）池陽郡齋刻本,"主司反景,",prompt: 貟神磈氏，主司反景，形象为一位身披五彩霞光的神祇，手持一面巨大的反光镜，能够反射日月之光，照亮黑暗之地。他站在云端之上，周围环绕着绚丽的光环和流云，背景是深邃的星空和翻滚的云海。整体画面采用传统中国美学的彩色水墨风格，色彩丰富而柔和，线条流畅自然，展现出一种神秘而又庄严的氛围。,人物\神名\貟神磈氏.png
羭山神,人物,神名,山海經十八卷,宋淳熙七年（1180）池陽郡齋刻本,,prompt: 一位身穿华丽古装的羭山神，面容慈祥而威严，手持一柄象征权力的玉如意，身后是雄伟的羭山。他的服饰以深蓝色为主，配以金色的云纹和龙纹，彰显其尊贵的身份。背景是群山环绕，云雾缭绕，营造出神秘而庄严的氛围。画风采用传统的中国彩色水墨风格，色彩丰富且层次分明，展现出浓厚的古典美感。,人物\神名\羭山神.png
因因乎,人物,神名,山海經十八卷,宋淳熙七年（1180）池陽郡齋刻本,"南方曰因乎,夸風曰乎民,處南極以出入風,",prompt: 南方之神因因乎，夸风曰乎民，身处南极掌管风的出入。请以彩色水墨风格描绘这位神秘的南方之神，他身着华丽的传统服饰，手持象征风力的扇子，周围环绕着流动的云彩和飘动的风纹，背景是南极的冰川与星空，展现出一种古老而庄严的氛围。,人物\神名\因因乎.png
弇兹,人物,神名,山海經十八卷,宋淳熙七年（1180）池陽郡齋刻本,"西海陼中,人靣,鳥身,珥兩青蛇,踐兩赤蛇,",prompt: 一位人面鸟身的神祇，名为弇兹，位于西海之中的岛屿上。其面容庄严肃穆，双耳佩戴着两条青色的蛇作为装饰，双脚踏在两条赤色的蛇上。整体形象充满了神秘与威严，背景为波涛汹涌的西海和远处朦胧的海岛。画面采用传统中国美学的彩色水墨风格，色彩以青、赤为主调，辅以淡雅的水墨渲染，展现出一种古朴而神秘的氛围。,人物\神名\弇兹.png
英招,人物,神名,山海經十八卷,宋淳熙七年（1180）池陽郡齋刻本,"其狀馬身,人面,虎文,鳥翼,徇于四海,其音如榴,",prompt: 英招，马身人面，身上有虎纹，长有鸟翼，飞翔于四海之间，声音如同敲击石磬。请以古代插画风格和传统中国美学的彩色水墨风格描绘，背景为浩渺的大海与云雾缭绕的山峦，英招在空中翱翔，展现出其神骏非凡的姿态。,人物\神名\英招.png
重,人物,神名,山海經十八卷,宋淳熙七年（1180）池陽郡齋刻本,"老童生重及㴝,帝令重獻上天令㴝卬下地,",prompt: 重，神名，老童之子，被帝令献上天。画面中，重身着古代长袍，头戴冠冕，手持玉圭，站在祥云之上，背景为苍穹星辰，展现出他作为天神的崇高地位。整体风格采用传统中国美学的彩色水墨画风，色彩淡雅，线条流畅，充满神秘而庄严的气息。,人物\神名\重.png
折丹,人物,神名,山海經十八卷,宋淳熙七年（1180）池陽郡齋刻本,"東方曰折,來風曰俊,處東極以出入風,",prompt: 东方神明折丹，身着华丽的长袍，长袍上绘有云纹和风符，手持一把精致的扇子，扇面上绘有飞舞的凤凰。他站在东极之地，四周是翻滚的云海和飘动的彩带，象征着他掌控风的能力。背景是初升的太阳，光芒万丈，整个画面采用传统中国美学的彩色水墨风格，色彩鲜艳而不失淡雅。,人物\神名\折丹.png
燭龍,人物,神名,山海經十八卷,宋淳熙七年（1180）池陽郡齋刻本,"人靣蛇身而赤,直目正乗,其瞑乃晦,其視乃明,不食,不寢,不息,風兩是謂,是燭九隂,",prompt: 人面蛇身而赤，直目正乘，其瞑乃晦，其视乃明，不食，不寝，不息，风两是谓，是烛九阴。请以古代插画风格和传统中国美学的彩色水墨风格绘制烛龙的形象。画面中，烛龙蜿蜒盘旋于云雾之间，其身体为红色，头部为人面，双眼直视前方，目光炯炯有神。背景可以描绘出幽暗的天空与地底世界，象征烛龙掌管昼夜与阴阳。,人物\神名\燭龍.png
燭隂,人物,神名,山海經十八卷,宋淳熙七年（1180）池陽郡齋刻本,"鍾山之神,視爲晝,瞑爲夜,吹爲冬,呼爲夏,不飲,不食,不息,息爲風,身長千里,在無䏿之東,其爲物人靣蛇身赤色,居鍾山下,",prompt: 中国传统水墨画风格，钟山之神烛阴，人身蛇身，赤色皮肤，面部表情威严而神秘，眼睛一睁一闭之间象征昼夜交替，口中呼出的气息形成四季变化，不饮不食，身体长达千里，盘踞在无䏿之东的钟山脚下，周围环绕着风、云和自然界的元素，背景为幽远的山脉和古老的森林，色彩以深红、墨黑为主，点缀淡雅的绿意，画面充满神秘与古老的气息。,人物\神名\燭隂.png
常義,人物,神名,山海經十八卷,宋淳熙七年（1180）池陽郡齋刻本,"女子方浴月,帝俊妻,生月十有二,此始浴之,",prompt: 常義，帝俊之妻，正在沐浴月亮，她生下了十二个月亮。画面中，常義身着华丽的古代服饰，长发飘逸，站在清澈的水中，手中轻轻捧着一轮皎洁的明月。周围环绕着祥云和繁星，背景是幽静的夜空。整体风格采用传统中国美学的彩色水墨画风，色彩柔和而富有层次感，展现出一种神秘而优雅的氛围。,人物\神名\常義.png
昌意,人物,神名,山海經十八卷,宋淳熙七年（1180）池陽郡齋刻本,"祖生昌意,昌意降處若水,生韓流,",prompt: 祖生昌意，身穿古代帝王服饰，头戴玉冠，面容庄严而慈祥。他站在若水之畔，背后是苍茫的山川景色，身边环绕着淡淡的云雾。他的手中握着一根象征权力的权杖，身旁有一只神兽陪伴。整个画面采用传统中国美学的彩色水墨风格，色彩淡雅，线条流畅。,人物\神名\昌意.png
帝,人物,神名,山海經十八卷,宋淳熙七年（1180）池陽郡齋刻本,"帝乃戮之（皷）鍾山之東曰𡺯崖,",prompt: 中国古代神话中的神祇帝，身穿华丽的龙袍，头戴冕旒，面容威严而慈祥。他站在钟山之东的𡺯崖上，身后是壮丽的山水景色，云雾缭绕，展现出一种神秘而庄严的氛围。画面采用传统的彩色水墨风格，线条流畅，色彩柔和，展现出中国古典美学的独特韵味。,人物\神名\帝.png
帝丹朱,人物,神名,山海經十八卷,宋淳熙七年（1180）池陽郡齋刻本,,prompt: 中国传统彩色水墨风格，帝丹朱，身穿华丽的古代帝王服饰，头戴金冠，面容威严而慈祥，手持象征权力的玉圭，背景为远古时期的山川河流，天空中飘着祥云，周围环绕着象征吉祥的凤凰和龙，整体画面充满神秘与庄重的气息。,人物\神名\帝丹朱.png
帝鴻,人物,神名,山海經十八卷,宋淳熙七年（1180）池陽郡齋刻本,"帝俊生帝鴻,帝鴻生白民,",prompt: 帝鴻，神名，帝俊之子，白民之父，形象为一位身披华丽羽衣的神祇，面容庄严而慈祥，手持象征权力与智慧的玉珪。背景为古代神话中的仙境，云雾缭绕，仙鹤飞翔，远处可见若隐若现的山峰和古木参天。整体风格参考古代插画，色彩以传统中国水墨画的淡雅为主，辅以金色点缀，展现出一种神秘而庄重的氛围。,人物\神名\帝鴻.png
帝江,人物,神名,山海經十八卷,宋淳熙七年（1180）池陽郡齋刻本,"其狀如黄囊,赤如丹火,六足,四翼,渾敦,無面目,是識歌舞,",prompt: 帝江，其状如黄囊，赤如丹火，六足四翼，浑敦无面目，识歌舞，参考古代插画风格和传统中国美学的彩色水墨风格，背景为山海经中的奇幻山川，色彩以红黄为主，画面中帝江翩翩起舞，四周环绕着神秘的光芒和飘渺的云雾。,人物\神名\帝江.png
帝俊,人物,神名,山海經十八卷,宋淳熙七年（1180）池陽郡齋刻本,"帝俊生中容,",prompt: 帝俊，中国古代神话中的重要神祇，形象为一位身着华丽古代帝王服饰的男子，面容英俊威严，头戴玉冠，手持象征权力的玉圭。他站在云端之上，背景是古老的山川和祥云缭绕，周围环绕着各种神兽，如凤凰、麒麟等，画面充满神秘与庄严感。采用传统中国美学的彩色水墨风格，色彩以青绿为主，辅以金黄点缀，展现出帝俊作为天帝的尊贵与威严。,人物\神名\帝俊.png
帝嚳,人物,神名,山海經十八卷,宋淳熙七年（1180）池陽郡齋刻本,,prompt: 中国传统彩色水墨风格，帝嚳身穿华丽的古代帝王服饰，头戴冕旒，手持玉圭，面容威严而慈祥，周围环绕着象征权力和智慧的云纹和龙纹，背景是巍峨的山川和祥云，展现出一种庄重而神秘的气息。,人物\神名\帝嚳.png
阿女,人物,神名,山海經十八卷,宋淳熙七年（1180）池陽郡齋刻本,"韓流取淖子曰阿女生帝顓頊,",prompt: 阿女，神名，韩流之女，帝颛顼的母亲，形象为端庄慈祥的女神，身着古代华丽服饰，头戴凤冠，手持象征权力与智慧的玉如意。背景为远古神话中的山水景色，画面采用传统中国美学的彩色水墨风格，色彩柔和而富有层次感，展现出神秘而庄严的氛围。,人物\神名\阿女.png
魃,人物,神名,山海經十八卷,宋淳熙七年（1180）池陽郡齋刻本,,prompt: 《山海经》中的神名魃，她是黄帝的女儿，拥有控制干旱的能力。画面中，魃身穿古代战袍，头戴金冠，手持长矛，站在一片干涸的大地上，周围是枯萎的树木和龟裂的土地。她的面容坚毅，眼神中透露出不屈的意志。背景是昏黄的天空，远处有几座荒凉的山丘。整体风格采用传统中国美学的彩色水墨画风，色彩以土黄色、暗红色为主，突出干旱的主题。,人物\神名\魃.png
帝女,人物,神名,山海經十八卷,宋淳熙七年（1180）池陽郡齋刻本,"帝女死焉,其名曰女尸,化爲䔄草,",prompt：帝女，神名，古代神话中的神秘女子，传说中她死后化为一种名为䔄草的植物。画面中，一位身着华丽古装、面容清丽的女子缓缓倒下，周围弥漫着淡淡的雾气，她的身体逐渐融入大地，化作一株生机勃勃的䔄草。背景是幽静的山林，远处有淡淡的云雾缭绕，整体色调以淡雅的水墨风格为主，配以细腻的彩色渲染，展现出一种超脱尘世的神秘美感。,人物\神名\帝女.png
帝舜,人物,神名,山海經十八卷,宋淳熙七年（1180）池陽郡齋刻本,,prompt：帝舜，身穿华丽的帝王服饰，头戴玉冠，手持权杖，面容慈祥而威严。背景为古代宫殿，四周环绕着象征吉祥的云纹和龙凤图案，整体画面采用传统中国美学的彩色水墨风格，色彩典雅，线条流畅。,人物\神名\帝舜.png
帝堯,人物,神名,山海經十八卷,宋淳熙七年（1180）池陽郡齋刻本,,prompt: 一位身穿华丽古装的中年男子，面容慈祥，头戴玉冠，手持象征权力的权杖，背景为远古时期的宫殿，色彩以传统中国水墨画风格为主，画面中融入了古代神话元素，如祥云、神兽等，整体呈现出一种庄重而神秘的氛围。,人物\神名\帝堯.png
帝之二女,人物,神名,山海經十八卷,宋淳熙七年（1180）池陽郡齋刻本,"是常遊于江淵,澧沅之風交瀟湘之淵,是在九江之間,出入必以飄風暴雨,",prompt: 帝之二女，常遊于江淵，澧沅之風交瀟湘之淵，在九江之間，出入必以飄風暴雨。形象为两位美丽的女神，身着华丽的古代汉服，衣袂飘飘，长发随风舞动。她们站在波涛汹涌的江面上，周围是风雨交加的景象，天空乌云密布，电闪雷鸣。背景中可见山峦起伏，江水奔腾，展现出一种神秘而壮丽的氛围。采用传统中国美学的彩色水墨风格，画面充满诗意和神话色彩。,人物\神名\帝之二女.png
帝顓頊,人物,神名,山海經十八卷,宋淳熙七年（1180）池陽郡齋刻本,,prompt: 中国古代神话中的五帝之一，帝顓頊，身穿华丽的龙袍，头戴金色冠冕，面容威严而慈祥。他手持玉圭，象征着至高无上的权力。背景为云雾缭绕的仙境，四周有神兽守护，如凤凰和麒麟。整体风格参考古代插画和传统中国美学的彩色水墨风格。,人物\神名\帝顓頊.png
二八神,人物,神名,山海經十八卷,宋淳熙七年（1180）池陽郡齋刻本,,prompt: 二八神，一位神秘的古代神祇，身着华丽的古装长袍，袍上绣有祥云和神兽图案。他面容慈祥，眼神深邃，手持一柄象征权力与智慧的玉如意，周围环绕着淡淡的光芒。背景是典型的中国山水画风格，远处群山若隐若现，近处流水潺潺，松柏挺立，展现出一种宁静而庄严的氛围。整个画面采用传统的彩色水墨风格，色彩柔和，富有层次感。,人物\神名\二八神.png
貳負神,人物,神名,山海經十八卷,宋淳熙七年（1180）池陽郡齋刻本,,prompt: 貳負神，古代神话中的神祇，形象神秘而威严。请绘制貳負神的形象，他身穿华丽的古代服饰，头戴冠冕，面容严肃，手持权杖，象征着他的权力和地位。背景为山海经中描绘的奇异山水，采用传统中国美学的彩色水墨风格，色彩丰富且富有层次感，展现出一种古老而神秘的气息。,人物\神名\貳負神.png
風伯,人物,神名,山海經十八卷,宋淳熙七年（1180）池陽郡齋刻本,,prompt: 風伯，古代中国神话中的风神，身着飘逸的长袍，手持一把能够操控风力的扇子，站在云雾缭绕的山巅之上。背景是翻滚的云海和远处若隐若现的山脉，整体画面采用传统中国水墨画风格，色彩以淡雅为主，突出风伯神秘而威严的形象。,人物\神名\風伯.png
飛獸之神,人物,神名,山海經十八卷,宋淳熙七年（1180）池陽郡齋刻本,"其七神皆人面,牛身,四足,一臂,操杖以行,",prompt: 飞兽之神，七神皆人面牛身，四足一臂，手持杖行走，形象威严而神秘。画面采用传统中国美学的彩色水墨风格，背景为远古山川，云雾缭绕，色彩以淡雅为主，辅以深邃的蓝色和绿色，突出古老而神圣的氛围。,人物\神名\飛獸之神.png
白帝少昊,人物,神名,山海經十八卷,宋淳熙七年（1180）池陽郡齋刻本,,prompt: 白帝少昊，中国古代神话中的五方上帝之一，掌管西方，秋季之神。请以传统中国美学的彩色水墨风格绘制，画面中白帝少昊身着华丽的长袍，头戴象征皇权的冠冕，手持象征权力的玉圭，背景为秋日的山林，金黄与火红的树叶点缀其间，展现出丰收与宁静的氛围。他的面容庄重而威严，眼神深邃，仿佛洞察世间万物。周围环绕着祥云和仙鹤，增添神秘与神圣的气息。,人物\神名\白帝少昊.png
耕,人物,神名,山海經十八卷,宋淳熙七年（1180）池陽郡齋刻本,,prompt：耕，神名，古代农耕之神，形象为一位慈祥的长者，头戴斗笠，身着粗布衣裳，手持木制犁杖，身旁伴随着一头温顺的黄牛。背景是广袤的田野，稻谷金黄，远处有山峦起伏，天空中飘着几朵白云，整个画面以传统中国美学的彩色水墨风格呈现，色彩柔和，充满田园诗意。,人物\神名\耕.png
鯀,人物,神名,山海經十八卷,宋淳熙七年（1180）池陽郡齋刻本,"妻士敬,",prompt: 鯀，古代中国神话中的水神，形象为一位身着古朴长袍的中年男子，面容严肃而威严，手持一把象征治水力量的长杖。他的妻子士敬是一位贤淑端庄的女子，站在鯀身旁，身穿华丽的传统服饰，头戴珠翠，手捧莲花，展现出温柔与智慧并存的气质。背景为中国古代山水，山峦起伏，云雾缭绕，江河奔腾，画面采用彩色水墨风格，既有传统中国画的意境美，又不失细腻的细节描绘。,人物\神名\鯀.png
耕父,人物,神名,山海經十八卷,宋淳熙七年（1180）池陽郡齋刻本,"帝遊清泠之淵,出入有光,見則其國爲敗,",prompt: 古代神话中的耕父，帝遊清泠之淵时出现的神秘光芒，象征着国家将遭遇败亡。画面中，清泠之淵水波荡漾，周围环绕着幽暗的森林和奇石。耕父的形象如同一束光芒，从深渊中升起，光芒中隐约可见人形轮廓，散发出诡异而强大的力量。背景是阴沉的天空，乌云密布，预示着即将到来的灾难。整幅画采用传统中国水墨风格，色彩以深蓝、墨绿和灰色为主，点缀以金色的光芒，营造出一种神秘而压抑的氛围。,人物\神名\耕父.png
勾芒,人物,神名,山海經十八卷,宋淳熙七年（1180）池陽郡齋刻本,"鳥身,人靣,乗两龍,",prompt：勾芒，鸟身人面，乘两龙，形象威严而神秘。画面中，勾芒的上半身是人的面容，头戴古代冠冕，眼神深邃，下半身则是巨大的鸟身，羽毛斑斓绚丽，翅膀微微张开，仿佛随时可以飞翔。他骑在两条蜿蜒盘旋的神龙之上，龙身鳞片闪耀着金色光芒，龙爪有力地抓着云彩，整个画面充满了动感和力量感。背景为祥云缭绕、山川壮丽的仙境，色彩以传统中国水墨画风格为主，辅以鲜艳的色彩点缀，展现出一种古典而神秘的美感。,人物\神名\勾芒.png
怪神,人物,神名,山海經十八卷,宋淳熙七年（1180）池陽郡齋刻本,"狀如人,載蛇,左右手操蛇,",prompt: 一个形状像人的怪神，身上缠绕着蛇，左右手各握一条蛇，采用古代插画风格和传统中国美学的彩色水墨风格，背景为神秘的山林，色彩以青绿为主，细节精致，线条流畅。,人物\神名\怪神.png
黒齒,人物,神名,山海經十八卷,宋淳熙七年（1180）池陽郡齋刻本,"帝俊生黒齒,薑姓,黍食,使四鳥,",prompt: 黒齒，帝俊之子，薑姓，以黍为食，能驱使四种神鸟。请以古代中国神话风格绘制，画面中黒齿身着古朴长袍，面容庄严，周围环绕着四种形态各异的神鸟，背景为山川河流，色彩以传统水墨画的淡雅为主，辅以金色点缀，展现其神秘而威严的形象。,人物\神名\黒齒.png
黄帝,人物,神名,山海經十八卷,宋淳熙七年（1180）池陽郡齋刻本,,prompt: 中国古代神话中的黄帝，身穿华丽的龙袍，头戴金色冠冕，面容威严而慈祥。他手持象征权力的玉圭，身旁环绕着五彩神光，背景是雄伟的昆仑山，天空中飘浮着祥云和飞舞的仙鹤，画面采用传统中国美学的彩色水墨风格，展现出神秘而庄严的氛围。,人物\神名\黄帝.png
紅光,人物,神名,山海經十八卷,宋淳熙七年（1180）池陽郡齋刻本,,prompt: 中国传统彩色水墨风格，红光神，身披赤红色长袍，袍上绣有金色云纹，手持一柄燃烧着熊熊烈火的长剑，火焰映照出他坚毅而威严的面容。背景为一片祥云缭绕的仙境，远处有巍峨的山峦和古老的宫殿。画面中红光四射，象征着力量与正义。,人物\神名\紅光.png
槐鬼離侖,人物,神名,山海經十八卷,宋淳熙七年（1180）池陽郡齋刻本,,prompt: 槐鬼離侖，一位神秘的山海经神祇，面容威严而古老，身着华丽的古代服饰，手持一柄象征权力与智慧的权杖。他的身旁围绕着古老的槐树，树枝上挂满了祈福的红绸带。背景是幽深的山林，远处有云雾缭绕的山峰，整体画面呈现出一种庄重而神秘的氛围，采用传统中国美学的彩色水墨风格绘制。,人物\神名\槐鬼離侖.png
博父,人物,神名,山海經十八卷,宋淳熙七年（1180）池陽郡齋刻本,,prompt: 传统中国美学彩色水墨风格的博父神，身材高大威猛，肌肉线条分明，手持巨大的石斧，身穿兽皮制成的简陋衣物，面容刚毅，眼神坚定，背景为荒凉的远古山林，天空中飘着淡淡的云雾，阳光透过云层洒下，营造出神秘而庄严的氛围。,人物\神名\博父.png
環拘,人物,神名,山海經十八卷,宋淳熙七年（1180）池陽郡齋刻本,"其爲人獸首人身,一曰蝟狀如狗,黄色,",prompt: 神名環拘，形象为人身兽首，头部为刺猬状如狗，全身黄色。请参考古代插画风格和传统中国美学的彩色水墨风格，描绘其神秘而威严的形象。背景可以是山海经中常见的山水景色，色调以淡雅为主，突出环拘的独特特征。,人物\神名\環拘.png
韓流,人物,神名,山海經十八卷,宋淳熙七年（1180）池陽郡齋刻本,"昌意降處若水生韓流,擢首,謹耳,人靣,豕喙,麟身,渠股,豚止,取淖子曰阿女生帝顓頊,",prompt: 韓流，昌意之子，颛顼之父，形象为擢首、谨耳、人面、豕喙、麟身、渠股、豚止，若水之畔诞生的神秘神祇。画面中，韩流站立于清澈的若水旁，头部高耸，耳朵紧贴，面部似人而嘴如猪，身躯覆盖着鳞片如同麒麟，大腿粗壮有力，脚掌则像小猪蹄。背景为远古时期的山水景色，采用传统中国美学的彩色水墨风格绘制，色彩淡雅，线条流畅，展现出一种神秘而古老的氛围。,人物\神名\韓流.png
乎民,人物,神名,山海經十八卷,宋淳熙七年（1180）池陽郡齋刻本,,prompt: 乎民，一位神秘的古代神祇，身着华丽的传统服饰，面容慈祥而威严，手持象征权力与智慧的玉圭，周围环绕着祥云和灵兽，背景是壮丽的山川与古老的宫殿，画面采用传统中国美学的彩色水墨风格，展现出浓厚的神话氛围。,人物\神名\乎民.png
海神,人物,神名,山海經十八卷,宋淳熙七年（1180）池陽郡齋刻本,,prompt: 一位威严的海神，身着华丽的蓝色长袍，手持象征海洋力量的三叉戟，站在波涛汹涌的大海上。他的面容庄严而慈祥，背后是翻滚的海浪和跃出水面的鱼群。画面采用传统的中国彩色水墨风格，线条流畅，色彩丰富，充满神秘与壮丽之感。,人物\神名\海神.png
驕𡺪,人物,神名,山海經十八卷,宋淳熙七年（1180）池陽郡齋刻本,,prompt: 驕𡺪，一位来自《山海经》的神秘神祇，形象为半人半兽，拥有雄壮的虎身和人类的上半身。其面容威严而神秘，头戴古代王冠，身披华丽的战甲，手持长矛，象征着力量与权威。背景为古朴的山林，云雾缭绕，展现出一种古老而庄严的氛围。画面采用传统中国美学的彩色水墨风格，色彩浓郁而富有层次感，线条流畅且富有动感。,人物\神名\驕𡺪.png
蟜,人物,神名,山海經十八卷,宋淳熙七年（1180）池陽郡齋刻本,"其爲人虎文,脛有䏿,在窮竒東,一曰狀如人,崑崙虚北所有,",prompt: 蟜，神名，形象为人身虎纹，小腿有肉翼，位于穷奇之东，另一种说法是其形状像人，居住在昆仑虚北。请以古代插画风格和传统中国美学的彩色水墨风格绘制这位神秘而威严的神祇，画面中要突出蟜人身上的虎纹图案以及小腿上独特的肉翼特征，背景可以是昆仑虚北的山川景象，整体色调古朴而神秘。,人物\神名\蟜.png
驕蟲,人物,神名,山海經十八卷,宋淳熙七年（1180）池陽郡齋刻本,"其狀如人,二首,是爲螫蟲,實惟蜂蜜之廬,其祠之用一雄雞禳而勿殺,",prompt: 驕蟲，其狀如人，擁有兩個頭顱，是螫蟲之首，實際上是蜂蜜的居所。畫面呈現驕蟲站在一叢叢野花之間，周圍飛舞著蜜蜂，背景為幽靜的山林。驕蟲的兩個頭顱分別朝向不同的方向，一個頭戴著花環，另一個頭則戴著蜂巢樣式的冠冕。驕蟲身穿華麗的長袍，長袍上繡有精美的蜂紋和花朵圖案，整體風格融合了古代插畫與傳統中國彩色水墨風格，色彩鮮艷而不失古樸雅致。畫面的一角，有一隻雄雞站立在祭壇旁，象徵著祭祀驕蟲時用以禳災但不殺害的儀式。,人物\神名\驕蟲.png
九鳯,人物,神名,山海經十八卷,宋淳熙七年（1180）池陽郡齋刻本,"九首,人靣,鳥身,",prompt: 九鳯，神名，九首人面鸟身，彩绘水墨风格，传统中国美学，古代插画风格，每个头都有不同的表情和姿态，羽毛色彩斑斓，背景为山海经中的神秘山水，云雾缭绕，仙气十足。,人物\神名\九鳯.png
葆江,人物,神名,山海經十八卷,宋淳熙七年（1180）池陽郡齋刻本,,prompt: 一位神秘的古代神祇葆江，身穿华丽的长袍，头戴金色冠冕，手持象征权力与智慧的权杖，站在云雾缭绕的山巅之上。他的面容慈祥而威严，背后是壮丽的日出景象，天空中飘浮着奇异的彩云。整个画面采用传统中国美学的彩色水墨风格，色彩丰富但不失淡雅，线条流畅自然，展现出一种超凡脱俗的神圣感。,人物\神名\葆江.png
計蒙,人物,神名,山海經十八卷,宋淳熙七年（1180）池陽郡齋刻本,"其狀人身,龍首,恒遊于漳淵,出入必有飄風暴雨,",prompt: 人身龙首的计蒙神，身着古朴长袍，面容威严而神秘，双目炯炯有神。他常游于漳渊之中，出入时必伴随着飘风暴雨。画面中，计蒙站在波涛汹涌的漳渊之上，四周风雨交加，雷电闪烁，展现出其强大的神力和威严。背景为水墨风格的山水，色彩以深蓝、墨绿为主，渲染出一种神秘而古老的氛围。,人物\神名\計蒙.png
吉神泰逢,人物,神名,山海經十八卷,宋淳熙七年（1180）池陽郡齋刻本,"其狀如人,虎尾,好居于萯山之陽,出入有光,太逢神動天地氣也,",prompt: 吉神泰逢，形象为人形，拥有虎尾，常居于萯山之阳，出入时伴有光芒。描绘时，请参考古代插画风格和传统中国美学的彩色水墨风格，背景为山水环绕、云雾缭绕的仙境，吉神泰逢身着古朴华美的服饰，面容慈祥而威严，身后虎尾灵动有力，周围有淡淡的光芒环绕，展现出其动天地气的神力。,人物\神名\吉神泰逢.png
江疑,人物,神名,山海經十八卷,宋淳熙七年（1180）池陽郡齋刻本,,prompt: 中国传统水墨风格，江疑神祇形象，身着古朴长袍，手持碧玉如意，立于波涛汹涌的江面之上，周围环绕着淡淡的云雾，背景是连绵起伏的山峦，色彩以淡雅的青绿为主，展现出神秘而庄严的氛围。,人物\神名\江疑.png
㴝,人物,神名,山海經十八卷,宋淳熙七年（1180）池陽郡齋刻本,"老童生重及㴝,帝令重獻上天令㴝卬下地,下地是生噎,",prompt: 《山海经》中的神名㴝，老童的儿子之一，被帝命令管理下地，生下了噎。画面中，㴝身穿古代帝王服饰，头戴冠冕，面容庄重威严，手持象征大地的权杖，站在一片广阔的田野之上，周围是茂盛的农作物和祥云缭绕的山峦，展现出他作为大地之神的崇高地位。背景中隐约可见古老的宫殿和祭祀场所，整体风格为传统中国美学的彩色水墨画，色彩古朴而典雅。,人物\神名\㴝.png
白馬,人物,神名,山海經十八卷,宋淳熙七年（1180）池陽郡齋刻本,"駱明生白馬,白馬是爲鯀,",prompt: 白马，神名，骆明之子，鲧的化身，形象为一匹通体雪白、鬃毛飘逸的骏马，眼神中透露出深邃与智慧。背景为古代神话中的山水景象，山峦起伏，云雾缭绕，远处有古老的宫殿若隐若现。整体风格参考古代插画，色彩以淡雅的水墨为主，点缀少许金色，展现传统中国美学。,人物\神名\白馬.png
百神,人物,神名,山海經十八卷,宋淳熙七年（1180）池陽郡齋刻本,,prompt: 中国古代神话中的百神，以传统中国美学的彩色水墨风格绘制，画面中众多神祇围绕着天宫，各自展现出独特的形象和神力，有的手持法器，有的驾驭祥云，背景是壮丽的山川和祥瑞的云彩，整个画面充满神秘而庄严的气息。,人物\神名\百神.png
駱明,人物,神名,山海經十八卷,宋淳熙七年（1180）池陽郡齋刻本,"黄帝生駱明,駱明生白馬,",prompt: 駱明，黄帝之子，形象为一位英俊的青年，身穿古代帝王服饰，头戴冠冕，手持权杖。他站在一片祥云之上，周围环绕着神兽和仙鹤。他的脚下是一匹白色的天马，象征着他生下的白马。整个画面采用传统中国美学的彩色水墨风格，背景是壮丽的山川和祥云，展现出一种神秘而庄严的氛围。,人物\神名\駱明.png
雷神,人物,神名,山海經十八卷,宋淳熙七年（1180）池陽郡齋刻本,"龍身,人頭,鼓其腹,在吴西,",prompt: 龙身人头的雷神，鼓其腹部发出雷鸣声，位于吴西之地，古代插画风格，传统中国美学的彩色水墨风格，背景为山川河流，云雾缭绕，色彩以青绿为主，点缀金黄闪电，展现出神秘而威严的气息。,
陸吾,人物,神名,山海經十八卷,宋淳熙七年（1180）池陽郡齋刻本,"其神狀虎身,九尾,人面,虎爪,司天之九部及帝之囿時,","prompt: 陸吾，神名，其神狀虎身,九尾,人面,虎爪,司天之九部及帝之囿時。请描绘一个具有古代中国神话色彩的陆吾形象：它拥有老虎的身体，尾巴却有九条，每一条都色彩斑斓；头部是人类的模样，但面部特征融合了老虎的威严与人的智慧；四肢强健有力，爪子锋利如刀。陆吾站立于云端之上，周围环绕着代表天之九部的不同符号或图案，象征其掌管天地秩序的重要职责。背景采用传统中国水墨画风格，色彩以蓝、绿、紫为主调，营造出神秘而庄重的氛围。",人物\神名\陸吾.png
雷祖,人物,神名,山海經十八卷,宋淳熙七年（1180）池陽郡齋刻本,"黃帝妻,雷祖生昌意,",prompt: 黄帝的妻子雷祖，她是一位神秘而庄重的女神，身着华丽的古代服饰，衣袂飘飘，头戴精致的凤冠，手持象征雷电力量的权杖。背景是祥云缭绕的仙境，周围有闪电和雷鸣的效果，展现出她的威严与力量。画面采用传统中国美学的彩色水墨风格，线条流畅，色彩典雅。,人物\神名\雷祖.png
女魃,人物,神名,山海經十八卷,宋淳熙七年（1180）池陽郡齋刻本,"衣青衣,黄帝乃下天女曰魃,雨止魃不得復上,所居不雨,叔均言之帝後置之赤水之北,魃時亡之,所欲逐之者令曰神北行,",prompt: 女魃，身穿青色长袍，面容清冷而威严。她站在赤水之北的荒凉之地，四周是干涸的土地和枯萎的植物。天空中乌云密布，但雨水却无法落下。女魃的眼神坚定，似乎在守护着这片土地。画面采用传统中国美学的彩色水墨风格，线条流畅，色彩淡雅，展现出古代插画的韵味。背景中隐约可见黄帝的形象，他站在云端之上，目光注视着下方的女魃。整个场景充满了神秘而庄严的氛围。,人物\神名\女魃.png
（南次三經）神,人物,神名,山海經十八卷,宋淳熙七年（1180）池陽郡齋刻本,"龍身,人面,",prompt: 龙身人面神，龙的身体蜿蜒盘旋，鳞片闪耀着五彩斑斓的光芒，龙头上长有人类的面容，表情庄严肃穆，眼神深邃而神秘。背景为山海经中的奇幻山水，云雾缭绕，古树参天，画面采用传统中国美学的彩色水墨风格，色彩丰富且层次分明，展现出古老神话的瑰丽与神秘。,人物\神名\（南次三經）神.png
女娃,人物,神名,山海經十八卷,宋淳熙七年（1180）池陽郡齋刻本,"是炎帝之少女,女娃遊于東海,溺而不返故爲精衛,常銜西山之木石以堙于東海,",prompt: 炎帝之少女女娃，身着古代华丽服饰，长发飘逸，面容清秀，手持西山之木石，飞翔于东海之上，背景为波涛汹涌的大海和远处的山峦，画面采用传统中国美学的彩色水墨风格，充满神话色彩。,人物\神名\女娃.png
女媧之腸,人物,神名,山海經十八卷,宋淳熙七年（1180）池陽郡齋刻本,"有神十人,化爲神處栗廣之野,横道而處,",prompt: 女媧之腸，十位神灵化身为肠，在栗广之野横道而处，画面中可见十段蜿蜒的神肠，每一段都散发着神秘的光芒，周围是古老的山川和荒野，远处有淡淡的雾气缭绕。画面采用传统中国美学的彩色水墨风格，色彩以淡雅为主，线条流畅，富有诗意。背景中的树木和山石用细腻的笔触描绘，展现出一种宁静而庄严的氛围。,人物\神名\女媧之腸.png
欽䲹,人物,神名,山海經十八卷,宋淳熙七年（1180）池陽郡齋刻本,"（皷）與欽䲹殺葆江于崑崙之陽,帝乃戮之（皷、欽䲹）鍾山之東曰𡺯崖,欽䲹化爲大鶚,",prompt: 欽䲹，古代中国神话中的神祇，曾与皷一同在崑崙之陽杀害葆江，后被天帝惩罚。欽䲹最终化为大鹗，栖息于钟山东面的𡺯崖。画面中，欽䲹的形象应为一只巨大的鹗鸟，羽毛呈现出深邃的蓝色和黑色，翅膀展开宽广，眼神锐利而威严。背景是钟山的险峻山脉和悬崖峭壁，远处有昆仑山的轮廓若隐若现。整个画面采用传统中国水墨画风格，色彩以淡雅的蓝、黑、灰为主，辅以金色点缀，展现出一种神秘而庄严的氛围。,人物\神名\欽䲹.png
（西次二經）七神,人物,神名,山海經十八卷,宋淳熙七年（1180）池陽郡齋刻本,"皆人面,牛身,四足,一臂,操杖以行,",prompt: 七神，皆人面牛身，四足一臂，操杖以行，形象威严而神秘。请根据《山海经》中的描述，绘制这七位神祇，他们拥有着人类的面孔和牛的身体，每只手握一根长杖，行走时显得庄重而有力。背景可参考古代神话场景，采用传统中国美学的彩色水墨风格，展现出一种古老而神圣的氛围。,人物\神名\（西次二經）七神.png
彊良,人物,神名,山海經十八卷,宋淳熙七年（1180）池陽郡齋刻本,"銜蛇,操蛇,其狀虎首人身,四蹄長肘,",prompt: 彊良，虎首人身的神祇，手持两条蛇，口中衔着一条蛇，四蹄长肘，形象威猛。请以古代插画风格和传统中国美学的彩色水墨风格描绘，背景为山川河流，色彩古朴典雅，线条流畅有力。,人物\神名\彊良.png
不廷胡余,人物,神名,山海經十八卷,宋淳熙七年（1180）池陽郡齋刻本,"南海渚中,人靣,珥兩青蛇,踐兩赤蛇,",prompt: 南海渚中的神祇不廷胡余，人面，双耳佩戴两条青蛇，脚下践踏两条赤蛇，形象神秘而威严。请以古代插画风格和传统中国美学的彩色水墨风格描绘，背景为波涛汹涌的南海水域，画面中可以加入一些神话元素如祥云、奇石等，色彩上以青绿为主调，辅以红色点缀，突出其独特形象。,人物\神名\不廷胡余.png
耆童,人物,神名,山海經十八卷,宋淳熙七年（1180）池陽郡齋刻本,"其音常如鍾磬,",prompt: 《山海经》中的神祇耆童，其音常如钟磬，身着古朴长袍，面容慈祥，手持一柄古铜色的钟锤，背景为云雾缭绕的山峦，画面采用传统中国彩色水墨风格，色彩淡雅，线条流畅。,人物\神名\耆童.png
戎,人物,神名,山海經十八卷,宋淳熙七年（1180）池陽郡齋刻本,"其爲人人首,三角,",prompt: 一位人首三角的神祇，名为戎。他拥有人类的面孔，但头顶上长着三只角，象征着力量与权威。他的面容威严而神秘，眼神中透露出深邃的智慧。身穿古代战甲，手持长矛，身姿挺拔，仿佛随时准备迎战。背景为山海经中的奇幻山水，采用传统中国美学的彩色水墨风格，画面充满神秘与庄严的气息。,人物\神名\戎.png
蓐収,人物,神名,山海經十八卷,宋淳熙七年（1180）池陽郡齋刻本,,prompt: 蓐収，古代中国神话中的金神，掌管秋季和丰收。画面中蓐収身穿华丽的金色长袍，头戴镶嵌着五彩宝石的金冠，手持一柄象征丰收的金色镰刀。背景是秋日的田野，稻谷金黄饱满，果实累累，远处群山层峦叠嶂，云雾缭绕。整个画面采用传统中国彩色水墨风格，色彩鲜艳而柔和，线条流畅细腻，展现出浓郁的古典美学韵味。,人物\神名\蓐収.png
（東山經）神,人物,神名,山海經十八卷,宋淳熙七年（1180）池陽郡齋刻本,"狀皆人身,龍首,",prompt：東山經中的神，人身龍首，身著古朴長袍，手持玉圭，立於雲霧繚繞的山巔，背景為蜿蜒的山脈和古老的松樹，整體風格採用傳統中國彩色水墨畫風格，色彩以青綠為主，細膩描繪龍首的鱗片和人物的衣紋。,人物\神名\（東山經）神.png
（釐山）神,人物,神名,山海經十八卷,宋淳熙七年（1180）池陽郡齋刻本,"狀皆人靣,獸身,",prompt：釐山之神，人面兽身，面容威严而神秘，兽身覆盖着斑斓的毛发，肌肉线条流畅有力。背景为古代山林，色彩以水墨为主，辅以淡雅的彩色，展现出传统中国美学的韵味。,人物\神名\（釐山）神.png
（岷山）神,人物,神名,山海經十八卷,宋淳熙七年（1180）池陽郡齋刻本,"狀皆馬身,龍首,",prompt: 岷山神，马身龙首，形象威严神秘，身体覆盖着深蓝色的鳞片，鬃毛如云雾般飘逸，眼神锐利，四蹄强健有力，踏在岷山之巅，背景为层峦叠嶂的山脉和缭绕的云雾，画面采用传统中国美学的彩色水墨风格，色彩以青绿为主，点缀金色光芒。,人物\神名\（岷山）神.png
（洞庭山）神,人物,神名,山海經十八卷,宋淳熙七年（1180）池陽郡齋刻本,"狀皆鳥身,龍首,",prompt：洞庭山神，鸟身龙首，形象威严神秘，羽毛斑斓如同彩虹，龙头威猛，眼神锐利。背景为洞庭湖畔的山水景色，云雾缭绕，古木参天，画面风格参考古代彩色水墨画，色彩丰富且层次分明，展现出浓郁的传统中国美学。,人物\神名\（洞庭山）神.png
（北次二經）神,人物,神名,山海經十八卷,宋淳熙七年（1180）池陽郡齋刻本,"皆蛇身,人面,",prompt: 一位来自《山海经》北次二经的神祇，蛇身人面，形象神秘而威严。其身体如同蜿蜒的巨蛇，覆盖着斑斓的鳞片，色彩斑斓且充满光泽。头部则是人类的面孔，表情庄重，眼神深邃，仿佛能洞察人心。整体画面采用传统中国美学的彩色水墨风格，背景为幽静的山林和流动的云雾，营造出一种神秘而古老的氛围。,人物\神名\（北次二經）神.png
（荆山）神,人物,神名,山海經十八卷,宋淳熙七年（1180）池陽郡齋刻本,"狀皆鳥身,人靣,",prompt: 《山海经》中的荆山神，鸟身人面，形象神秘而古老。请以古代插画风格和传统中国美学的彩色水墨风格描绘，背景为荆山的自然景观，色彩淡雅，线条流畅。神明的羽毛细腻且富有层次感，面部表情温和而庄严，展现出一种超凡脱俗的气质。,人物\神名\（荆山）神.png
（西次三經）神,人物,神名,山海經十八卷,宋淳熙七年（1180）池陽郡齋刻本,"皆羊身,人面,",prompt: 羊身人面神，来自《山海经·西次三经》，具有羊的身体和人的面孔，形象古老而神秘。请以古代插画风格和传统中国美学的彩色水墨风格绘制，注重表现出其独特的形态和神秘的气息，背景可以是山川或古木，色彩上以淡雅为主，线条流畅，富有韵律感。,人物\神名\（西次三經）神.png
（東次二經）神,人物,神名,山海經十八卷,宋淳熙七年（1180）池陽郡齋刻本,"狀皆獸身,人靣,載觡,",prompt: 一位来自《山海经·东次二经》的神祇，兽身人面，头戴觡角。其形象结合了野兽的力量与人类的智慧，身躯覆盖着浓密的毛发，肌肉线条明显，展现出原始而强大的生命力。面部则具有鲜明的人类特征，眼神深邃而神秘。头上所戴的觡角弯曲而锋利，象征着其尊贵的地位和非凡的能力。整体画面采用传统中国美学的彩色水墨风格，背景以淡雅的山水为衬托，营造出一种古老而神秘的氛围。,人物\神名\（東次二經）神.png
（西次二經）十神,人物,神名,山海經十八卷,宋淳熙七年（1180）池陽郡齋刻本,"皆人面,馬身,",prompt: 《山海经》中的十神，皆人面马身，形象威严而神秘。他们拥有着人类的面孔，表情庄重，目光炯炯有神；身体则为强壮的马形，肌肉线条流畅，四蹄有力。背景为古代神话中的山川河流，天空中飘浮着祥云，整体画面采用传统中国美学的彩色水墨风格，色彩淡雅，笔触细腻。,人物\神名\（西次二經）十神.png
（濟山）神,人物,神名,山海經十八卷,宋淳熙七年（1180）池陽郡齋刻本,"皆人靣,鳥身,",prompt: 《山海经》中的济山神，人面鸟身，形象威严而神秘。请以古代插画风格和传统中国美学的彩色水墨风格描绘，背景为云雾缭绕的山峦，色彩以淡雅为主，注重细节刻画，展现出其独特的神话气息。,人物\神名\（濟山）神.png
（苦山）十六神,人物,神名,山海經十八卷,宋淳熙七年（1180）池陽郡齋刻本,"皆豕身,人靣,",prompt: 《山海经》中的苦山十六神，豕身人面，形象为猪的身体和人的面孔，采用古代插画风格和传统中国美学的彩色水墨风格绘制，色彩古朴典雅，线条流畅细腻，背景为山林环绕，云雾缭绕，展现出神秘而古老的氛围。,人物\神名\（苦山）十六神.png
（荆山）神,人物,神名,山海經十八卷,宋淳熙七年（1180）池陽郡齋刻本,"狀皆彘身,人首,",prompt: 神名：荆山神，形象：彘身人首，风格：古代插画风格，传统中国美学的彩色水墨风格，背景：神秘的山林，色彩：淡雅的青绿山水，细节：细腻的笔触描绘出人首的表情和神态，猪身上的毛发质感逼真，周围点缀着古老的树木和奇花异草，整体氛围：神秘而庄严，充满神话色彩。,人物\神名\（荆山）神.png
（崑崙之丘）神,人物,神名,山海經十八卷,宋淳熙七年（1180）池陽郡齋刻本,"人靣,虎身,有文,有尾皆白,處之（崑崙之丘）,",prompt：崑崙之丘的神，人面虎身，身上有花纹，尾巴为白色，居住在崑崙之丘，形象威严而神秘，背景为山峦起伏、云雾缭绕的崑崙山脉，采用古代插画风格和传统中国美学的彩色水墨风格，色彩以青绿山水为主，点缀金色和白色。,人物\神名\（崑崙之丘）神.png
（苦山少室太室）神,人物,神名,山海經十八卷,宋淳熙七年（1180）池陽郡齋刻本,,prompt: 中国传统水墨风格，苦山少室太室神，身着古代服饰，手持法器，背景为雄伟的山脉，云雾缭绕，色彩以淡雅为主，画面中融入古朴的元素和神秘的氛围，展现神灵的威严与祥和。,人物\神名\（苦山少室太室）神.png
（北次三經）神,人物,神名,山海經十八卷,宋淳熙七年（1180）池陽郡齋刻本,"皆馬身,人面,廿神,",prompt: 二十位神祇，皆为马身人面，站立于北次三经的神秘之地。他们的身体如同骏马般矫健有力，面容却如人类般智慧而庄严。这些神祇身穿华丽的古代服饰，手持各种神器，背景是壮丽的山川和祥云缭绕的天空，画面充满浓厚的神话氛围，采用传统中国彩色水墨风格绘制。,人物\神名\（北次三經）神.png
神𩳁,人物,神名,山海經十八卷,宋淳熙七年（1180）池陽郡齋刻本,"其狀人面獸身,一足,一手,其音如欽,",prompt: 一位人面兽身的神秘生物，身体部分覆盖着细腻的毛发，拥有一只强壮的手臂和一只脚，面容带有神秘而威严的表情。其声音如同钦响，回荡在山林之间。画面采用传统中国美学的彩色水墨风格，背景为幽静的山林，色调以淡雅为主，突出神𩳁的独特形象和神秘氛围。,人物\神名\神𩳁.png
舜,人物,神名,山海經十八卷,宋淳熙七年（1180）池陽郡齋刻本,,prompt: 传统中国美学的彩色水墨风格，舜，身穿华丽的古代帝王服饰，头戴冕旒，手持玉圭，站在高山之巅，身后是壮丽的日出景象，周围环绕着祥云和仙鹤，展现出一种威严而仁慈的气质。背景中隐约可见古代宫殿和农田，象征着他治理下的繁荣盛世。,人物\神名\舜.png
渉𧕦,人物,神名,山海經十八卷,宋淳熙七年（1180）池陽郡齋刻本,"其狀人身,方靣,三足,",prompt: 人身方靣三足的神明渉𧕦，面容庄严肃穆，身体线条流畅有力，穿着古朴的长袍，袍上绣有神秘的符文和图案。背景为云雾缭绕的山川，色彩以淡雅的水墨为主，点缀着传统的中国红与金色，整体风格融合了古代插画和传统中国美学。,人物\神名\渉𧕦.png
（東次三經）神,人物,神名,山海經十八卷,宋淳熙七年（1180）池陽郡齋刻本,"狀皆人身,羊角,見則風雨水爲敗,",prompt: 东次三经中的神，人身羊角，见到则风雨大作，洪水泛滥。请以传统中国美学的彩色水墨风格绘制，形象为一位身着古代服饰的人形神祇，头顶长有弯曲的羊角，面容严肃而威严，背景为狂风暴雨和滔天洪水，展现出其出现时带来的自然灾害景象。,人物\神名\（東次三經）神.png
（南次二經）神,人物,神名,山海經十八卷,宋淳熙七年（1180）池陽郡齋刻本,"狀皆龍身,鳥首,",prompt：南次二经中的神，龙身鸟首，形象威严神秘，身体蜿蜒如龙，覆盖着五彩斑斓的鳞片，头部则是锐利的鸟喙和炯炯有神的眼睛，羽毛华丽多彩，展现出一种超凡脱俗的气息。背景为云雾缭绕的山川，画面采用传统中国美学的彩色水墨风格，线条流畅，色彩典雅。,人物\神名\（南次二經）神.png
（北山經之首）神,人物,神名,山海經十八卷,宋淳熙七年（1180）池陽郡齋刻本,"皆人面,蛇身,",prompt：北山经之首神，人面蛇身，面容慈祥而庄严，蛇身蜿蜒盘绕，鳞片细腻光泽，背景为幽静的山林，采用传统中国美学的彩色水墨风格，画面中透露出神秘而宁静的气息。,人物\神名\（北山經之首）神.png
少昊,人物,神名,山海經十八卷,宋淳熙七年（1180）池陽郡齋刻本,,prompt: 少昊，中国古代神话中的五方天帝之一，掌管西方之神，以金德王天下。画面中，少昊身穿华丽的金色长袍，头戴镶嵌着宝石的冠冕，手持象征权力与智慧的玉圭。背景为一片金黄色的秋日景象，天空中有几只凤凰飞翔，象征着他的高贵与神圣。整个画面采用传统中国美学的彩色水墨风格，色彩丰富而和谐，线条流畅且富有韵律感。,人物\神名\少昊.png
神人二八,人物,神名,山海經十八卷,宋淳熙七年（1180）池陽郡齋刻本,"連臂,爲帝司夜於此野,在羽民東,小頰,赤肩,盡十六人,畢方鳥在其東,",prompt: 神人二八，连臂站立，为帝司夜于野外，位于羽民之东，小颊赤肩，共十六人，毕方鸟在其东侧。采用古代插画风格，结合传统中国美学的彩色水墨技法，画面中神人二八身着古朴服饰，面容庄重，背景为幽静的夜晚，月光洒落，营造出神秘而宁静的氛围。,人物\神名\神人二八.png
（䧿山）神,人物,神名,山海經十八卷,宋淳熙七年（1180）池陽郡齋刻本,"狀皆鳥身,龍首,",prompt：鸟身龙首的神灵，立于山巅，羽翼丰满色彩斑斓，龙头威严神秘，周围环绕着云雾和古木，背景是雄伟的山川，整体风格参考古代彩色水墨画，充满传统中国美学韵味。,人物\神名\（䧿山）神.png
䰠武羅,人物,神名,山海經十八卷,宋淳熙七年（1180）池陽郡齋刻本,"其狀人靣,豹文,小𦝫,白齒,穿耳以鐻,其鳴如鳴玉,",prompt: 画一个名为䰠武罗的神灵，其形象为半人半兽。他的面部是人的面孔，但身体覆盖着豹子的斑纹。他的耳朵上穿着精美的耳饰，牙齿洁白如玉。当他发声时，声音如同玉器相互碰撞发出的清脆响声。整体风格参考古代插画和传统中国美学的彩色水墨风格。,人物\神名\䰠武羅.png
（首陽山）神,人物,神名,山海經十八卷,宋淳熙七年（1180）池陽郡齋刻本,"狀皆龍身,人靣,",prompt: 首陽山神，龙身人面，形象威严神秘，龙鳞闪耀着金色光芒，面部表情庄重而慈祥，背景为古老的山水画卷，采用传统中国美学的彩色水墨风格，色彩柔和且富有层次感，展现出一种超凡脱俗的意境。,人物\神名\（首陽山）神.png
太逢,人物,神名,山海經十八卷,宋淳熙七年（1180）池陽郡齋刻本,,prompt: 中国古代神话中的神祇太逢，身着华丽的古代服饰，手持象征权力和智慧的玉圭，站在云雾缭绕的山巅之上。背景是壮丽的山川和古老的宫殿，画面采用传统中国彩色水墨风格，展现出神秘而庄严的氛围。,人物\神名\太逢.png
（槐江之山）天神,人物,神名,山海經十八卷,宋淳熙七年（1180）池陽郡齋刻本,"其狀如牛,八足,二首,馬尾,其音如勃皇,",prompt: 槐江之山的天神，形象为牛形，拥有八条腿，两个头，尾巴像马尾，声音如同勃皇。请以古代插画风格和传统中国美学的彩色水墨风格描绘这位神秘的天神，背景是巍峨的山脉和缭绕的云雾，色彩要体现出古老神话中的神秘与庄严感。,人物\神名\（槐江之山）天神.png
