名字,一级类目,二级类目,出处书名,版本,描述,prompt,image_path
天虞,人物,人名,山海經十八卷,宋淳熙七年（1180）池陽郡齋刻本,"有人反臂,",prompt: 一位名叫天虞的人，他拥有奇特的外貌特征，最显著的是他的双臂是反向生长的，仿佛是从背后伸展到前方。他的面容平静而神秘，眼神中透露出深邃的智慧。穿着古代的长袍，色彩以淡雅的青色和白色为主，衣袂飘逸，如同云雾缭绕。背景是一片古老而宁静的山林，树木苍翠，溪流潺潺，远处有几座巍峨的山峰若隐若现。整个画面采用传统的中国水墨画风格，色彩柔和，线条流畅，展现出一种超凡脱俗的意境。,人物\人名\天虞.png
聽訞,人物,人名,山海經十八卷,宋淳熙七年（1180）池陽郡齋刻本,"炎帝之妻赤水之子聽訞生炎居,",prompt：炎帝之妻聽訞，身着华丽的古装，衣袂飘逸，面容端庄美丽。她站在赤水河畔，身后是远古时代的山水背景，天空中飘着祥云。身旁有象征吉祥的凤凰盘旋，展现出她的高贵与神圣。画面采用传统中国美学的彩色水墨风格，线条流畅，色彩淡雅，充满神秘而庄严的气息。,人物\人名\聽訞.png
太子長琴,人物,人名,山海經十八卷,宋淳熙七年（1180）池陽郡齋刻本,"祝融生太子長琴,是處榣山,始作樂風,",prompt: 太子长琴，祝融之子，居于榣山，始创音乐与风雅，形象为一俊美青年，身着古代华服，手持古琴，周围环绕着象征音乐的音符与自然界的和谐元素，背景是云雾缭绕、仙气飘渺的榣山，整体风格参考古代插画与传统中国彩色水墨画。,人物\人名\太子長琴.png
危,人物,人名,山海經十八卷,宋淳熙七年（1180）池陽郡齋刻本,"貳負之臣,危與貳負殺窫窳,帝乃梏之䟽屬之山,桎其右足,反縳两手與髮,繫之山上木,在開題西北,",prompt: 一个古代神话人物，名为危，他是貳負之臣。画面中，危被束缚在疏属之山上，右脚被桎梏，双手反绑，头发也被捆绑在一起，固定在一棵树上。背景是荒凉的山景，远处可以看到开题西北的方向。整体风格采用传统中国美学的彩色水墨画风，注重线条与色彩的和谐，表现出一种神秘而古老的氛围。,人物\人名\危.png
巫,人物,人名,山海經十八卷,宋淳熙七年（1180）池陽郡齋刻本,,prompt: 一位身着古老巫师长袍的神秘人物，头戴羽冠，手持法杖，法杖上雕刻有奇异的图腾。背景是幽暗的森林，月光透过树梢洒下斑驳光影。画面采用传统中国美学的彩色水墨风格，巫师的眼神深邃而神秘，仿佛能洞察人心。,人物\人名\巫.png
（鬼國）物,人物,人名,山海經十八卷,宋淳熙七年（1180）池陽郡齋刻本,"人靣,一目,",prompt: 人面一目的鬼国人物，面部特征独特，只有一只眼睛位于额头中央，表情神秘莫测。身着古朴的长袍，袍上绣有古老的符文和图腾，色彩以深蓝和黑色为主，透露出一种幽暗而神秘的气息。背景为一片荒凉的山野，远处隐约可见一座废弃的古城，天空中弥漫着淡淡的雾气，增添了一种诡异而迷离的氛围。整体风格参考古代插画，采用传统中国美学的彩色水墨技法绘制。,人物\人名\（鬼國）物.png
巫抵,人物,人名,山海經十八卷,宋淳熙七年（1180）池陽郡齋刻本,,prompt：巫抵，古代神话中的巫师形象，身着古朴的长袍，手持法杖，面容严肃而神秘。背景为远古时期的山林，周围环绕着奇异的草木和古老的图腾柱，天空中飘浮着祥云，整体呈现出一种古老而庄重的氛围。画面采用传统中国美学的彩色水墨风格，线条流畅，色彩淡雅，富有诗意。,人物\人名\巫抵.png
巫抵,人物,人名,山海經十八卷,宋淳熙七年（1180）池陽郡齋刻本,"開明東,夾窫窳之尸,皆操不死之藥以距之,",prompt: 巫抵，一位神秘的古代巫师，位于开明之东，守护着窫窳的尸体。他手持不死之药，以抵御一切邪恶势力。画面中，巫抵身着古朴长袍，面容庄重，手中握着一瓶闪耀着微光的不死之药。背景是古老的山川和神秘的云雾，整体风格采用传统中国彩色水墨画风，展现出一种神秘而庄严的氛围。,人物\人名\巫抵.png
巫臷民,人物,人名,山海經十八卷,宋淳熙七年（1180）池陽郡齋刻本,"盼姓,食榖,不績不經服也,不稼不穡食也,",prompt: 巫臷民，盼姓，食榖，不績不經服也，不稼不穡食也。形象为古代神话中的部落人民，身穿简朴的自然纤维衣物，无需纺织，食物来自自然谷物，无需耕种。画面以传统中国美学的彩色水墨风格呈现，背景是茂密的山林和清澈的溪流，巫臷民在自然中和谐生活，展现出与世无争、自给自足的生活状态。,人物\人名\巫臷民.png
巫凡,人物,人名,山海經十八卷,宋淳熙七年（1180）池陽郡齋刻本,"開明東,夾窫窳之尸,皆操不死之藥以距之,",prompt: 巫凡，一位神秘的古代巫师，站在开明东的方向，身旁夹着窫窳之尸。他手持不死之药，准备抵御即将到来的威胁。画面中，巫凡身着古朴的长袍，面容严肃而庄重。背景是幽暗的山林和古老的石碑，展现出一种神秘而庄严的氛围。整体风格参考古代插画和传统中国美学的彩色水墨风格。,人物\人名\巫凡.png
巫姑,人物,人名,山海經十八卷,宋淳熙七年（1180）池陽郡齋刻本,,prompt：巫姑，古代神话中的女巫形象，身着古朴的长袍，头戴精致的银饰，手持法杖，面容神秘而庄重。她站在古老的祭坛前，周围环绕着飘渺的雾气和闪烁的星辰，背景是幽暗的山林和古老的神庙。画面采用传统中国美学的彩色水墨风格，色彩以深蓝、墨绿和金色为主，展现出一种神秘而庄严的氛围。,人物\人名\巫姑.png
無骨,人物,人名,山海經十八卷,宋淳熙七年（1180）池陽郡齋刻本,,prompt: 一个名为無骨的人物，身体轻盈如同云雾，面容清秀，长发飘逸，穿着淡雅的长袍，仿佛可以随风而动。背景是山海经中的奇幻山水，画面采用传统中国美学的彩色水墨风格，色调柔和，充满神秘与诗意。,人物\人名\無骨.png
呉回,人物,人名,山海經十八卷,宋淳熙七年（1180）池陽郡齋刻本,"竒左,是無右臂,",prompt: 呉回，古代神话人物，无右臂，左臂异常强壮，身穿古朴的长袍，头戴冠冕，面容威严，背景为山海经中的奇幻山水，整体风格参考古代插画和传统中国美学的彩色水墨风格。,人物\人名\呉回.png
王亥,人物,人名,山海經十八卷,宋淳熙七年（1180）池陽郡齋刻本,"兩手操鳥,方食其（鳥）頭,王亥託于有易河伯僕牛,有易殺王亥取僕牛,",prompt: 王亥两手各持一只鸟，正在吃其中一只鸟的头，背景为有易河畔，王亥身旁有一群牛，远处有易族人正悄悄接近，准备袭击王亥。画面采用古代插画风格，以传统中国美学的彩色水墨表现，色彩古朴典雅，线条流畅细腻。,人物\人名\王亥.png
巫即,人物,人名,山海經十八卷,宋淳熙七年（1180）池陽郡齋刻本,,prompt: 巫即，一位神秘的古代巫师，身穿华丽的长袍，手持法杖，站在古老的祭坛前。他的面容庄重而深邃，眼神中透露着智慧与力量。背景是幽暗的森林和古老的神庙，月光洒在他的身上，增添了一丝神秘的气息。画面采用传统中国美学的彩色水墨风格，线条流畅，色彩柔和而富有层次感。,人物\人名\巫即.png
巫禮,人物,人名,山海經十八卷,宋淳熙七年（1180）池陽郡齋刻本,,prompt: 一位古代巫師，名為巫禮，身穿傳統的長袍，頭戴精美的玉冠，手持一根雕刻著神秘符文的法杖。背景是遠古的祭祀場景，周圍擺放著青銅器和玉器，整體風格參考古代插畫和傳統中國彩色水墨風格。,人物\人名\巫禮.png
巫羅,人物,人名,山海經十八卷,宋淳熙七年（1180）池陽郡齋刻本,,prompt: 古代巫师巫羅，身着华丽的长袍，手持法杖，站在神秘的祭坛前，周围环绕着烟雾和符咒，背景是古老的山林，画面采用传统中国美学的彩色水墨风格，展现出一种神秘而庄严的氛围。,人物\人名\巫羅.png
巫履,人物,人名,山海經十八卷,宋淳熙七年（1180）池陽郡齋刻本,"開明東,夾窫窳之尸,皆操不死之藥以距之,",prompt: 巫履，开明东，夹窫窳之尸，皆操不死之药以距之，古代神话人物，身着古朴的巫师长袍，手持不死之药，面容严肃而神秘，背景为山海经中的幽暗森林，传统中国美学的彩色水墨风格，画面充满神秘与古老的气息。,人物\人名\巫履.png
沃民,人物,人名,山海經十八卷,宋淳熙七年（1180）池陽郡齋刻本,"是處沃之野,鳯鳥之夘是食,甘露是飲,凡其所欲其味盡存,",prompt: 沃民，身处沃之野，凤鸟在其旁翩翩起舞，他以甘露为饮，四周果实累累，凡其所欲其味尽存，画面采用古代插画风格和传统中国美学的彩色水墨风格，背景是茂密的森林与清澈的溪流，沃民身着古朴服饰，面容祥和，周围环绕着各种奇花异草，展现出一种宁静和谐的自然景象。,人物\人名\沃民.png
巫盼,人物,人名,山海經十八卷,宋淳熙七年（1180）池陽郡齋刻本,,prompt: 古代巫师巫盼，身着传统巫觋服饰，手持法杖，法杖上缠绕着神秘的符文和藤蔓，周围环绕着淡淡的烟雾。他站在山巅之上，背景是远古时期的山水，天空中飘浮着祥云，色彩以淡雅的水墨风格为主，融合了古代插画的细腻线条和传统中国美学的意境。,人物\人名\巫盼.png
巫彭,人物,人名,山海經十八卷,宋淳熙七年（1180）池陽郡齋刻本,,prompt：巫彭，上古时期著名医师，身着古老长袍，手持药草与法杖，面容慈祥而智慧。背景为远古山林，云雾缭绕，充满神秘气息。画面采用传统中国彩色水墨风格，线条流畅，色彩淡雅，展现出浓厚的古典美学。,人物\人名\巫彭.png
巫彭,人物,人名,山海經十八卷,宋淳熙七年（1180）池陽郡齋刻本,"開明東,夾窫窳之尸,皆操不死之藥以距之,",prompt: 巫彭，开明东，夹窫窳之尸，皆操不死之药以距之。巫彭身穿古代巫师的长袍，头戴高冠，手持不死之药，站在开明东的位置，身旁是被夹持的窫窳之尸。背景为古老神秘的山海经世界，画面采用传统中国美学的彩色水墨风格，色彩古朴而深邃，充满神话气息。,人物\人名\巫彭.png
吴權,人物,人名,山海經十八卷,宋淳熙七年（1180）池陽郡齋刻本,"伯陵同吴權之妻阿女縁婦,",prompt: 伯陵同吴權之妻阿女縁婦，古代中国风格，彩色水墨画，吴權身穿华丽的古代服饰，头戴冠冕，面容英俊，眼神坚定，站在庭院中，背景是古典园林，旁边是他的妻子阿女縁婦，她穿着精致的汉服，长发披肩，温婉贤淑，两人手牵手，画面充满和谐与爱意，细节丰富，色彩淡雅，展现出传统中国美学。,人物\人名\吴權.png
文王,人物,人名,山海經十八卷,宋淳熙七年（1180）池陽郡齋刻本,,prompt: 一位智慧而仁慈的君主，身穿华丽的古代王袍，头戴冠冕，手持玉圭，面容慈祥，眼神中透露出深邃的智慧。背景是周朝宫殿，古朴典雅，四周有侍从恭敬地站立。画面采用传统中国美学的彩色水墨风格，线条流畅，色彩淡雅，展现出文王的威严与仁德。,人物\人名\文王.png
巫咸,人物,人名,山海經十八卷,宋淳熙七年（1180）池陽郡齋刻本,,prompt：巫咸，古代传说中的神医和占卜师，身着古朴长袍，手持一根灵蛇缠绕的木杖，面容慈祥而智慧。背景为云雾缭绕的山林，色彩以淡雅的水墨风格为主，点缀以金色和翠绿，展现出神秘而庄严的氛围。,人物\人名\巫咸.png
巫謝,人物,人名,山海經十八卷,宋淳熙七年（1180）池陽郡齋刻本,,prompt: 一位名为巫謝的古代巫师，身着华丽的长袍，手持法杖，头戴羽冠，站在古老的祭坛旁，周围环绕着神秘的符文和烟雾。画面采用传统中国美学的彩色水墨风格，背景为幽暗的森林和古老的神庙，营造出一种神秘而庄严的氛围。,人物\人名\巫謝.png
巫相,人物,人名,山海經十八卷,宋淳熙七年（1180）池陽郡齋刻本,"開明東,夾窫窳之尸,皆操不死之藥以距之,",prompt: 巫相，开明东，夹窫窳之尸，皆操不死之药以距之。画面中，巫相身着古朴的长袍，手持不死之药，站在开明东的方向，面对着窫窳的尸体。背景为山海经中的神秘景象，采用传统中国美学的彩色水墨风格，线条流畅，色彩淡雅，充满神话气息。,人物\人名\巫相.png
巫陽,人物,人名,山海經十八卷,宋淳熙七年（1180）池陽郡齋刻本,"開明東,夾窫窳之尸,皆操不死之藥以距之,",prompt: 巫陽，开明东，夹窫窳之尸，皆操不死之药以距之。画面中，巫阳身着古朴的长袍，手持不死之药，站在开明东的位置，身旁是被夹持的窫窳之尸。背景为山海经中的神秘场景，色彩采用传统中国美学的彩色水墨风格，线条流畅，意境深远。,人物\人名\巫陽.png
巫真,人物,人名,山海經十八卷,宋淳熙七年（1180）池陽郡齋刻本,,prompt：巫真，一位神秘的古代巫师，身穿华丽的长袍，头戴羽毛装饰的高冠，手持法杖，法杖上雕刻着奇异的符文。他站在一片古老的森林中，周围环绕着淡淡的雾气，月光透过树梢洒下，营造出一种神秘而庄严的氛围。他的面容严肃而专注，眼神深邃，仿佛能洞察世间一切秘密。整体画面采用传统中国美学的彩色水墨风格，色彩淡雅，线条流畅，展现出一种古朴而神秘的美感。,人物\人名\巫真.png
戯,人物,人名,山海經十八卷,宋淳熙七年（1180）池陽郡齋刻本,"帝舜生戲,",prompt: 画一个名为戯的人物，他是帝舜的儿子。画面中，戯身穿古代服饰，头戴冠冕，面容温和而庄重。背景为古代宫廷，采用传统中国美学的彩色水墨风格，展现出一种古典而优雅的氛围。,人物\人名\戯.png
脩鞈,人物,人名,山海經十八卷,宋淳熙七年（1180）池陽郡齋刻本,"役采生脩鞈,脩鞈殺綽人,",prompt：役采生脩鞈，脩鞈殺綽人，描绘一位来自《山海经》中的神秘人物脩鞈。他身着古朴的长袍，手持一把古老的青铜剑，面容坚毅而冷峻。背景为荒凉的山野，远处有几座古老的村落，天空中飘着淡淡的云雾。画面采用传统中国美学的彩色水墨风格，色彩淡雅，线条流畅，展现出一种古朴而神秘的氛围。,人物\人名\脩鞈.png
赤國妻氏,人物,人名,山海經十八卷,宋淳熙七年（1180）池陽郡齋刻本,,prompt: 一位身着华丽古装的女子，面容端庄美丽，头戴金冠，服饰上绣有繁复的花纹，手持一把精致的扇子，背景为古代宫廷场景，色彩以红色为主调，融合传统中国美学的彩色水墨风格，展现出赤國妻氏的高贵与典雅。,人物\人名\赤國妻氏.png
夏后開,人物,人名,山海經十八卷,宋淳熙七年（1180）池陽郡齋刻本,"西南海之外,赤水之南,流沙之西,珥兩青蛇,乘兩龍,開上三嬪於天,得九辯與九歌以下,開焉得始歌九招,",prompt: 夏后开，西南海之外，赤水之南，流沙之西，珥两青蛇，乘两龙，开上三嫔于天，得九辩与九歌以下，开焉得始歌九招。画面中，夏后开身着华丽的古代服饰，头戴冠冕，耳挂两条青色的蛇，骑在两条威武的龙上，背景是神秘的山水景色，采用传统中国美学的彩色水墨风格，展现出神话般的氛围。,人物\人名\夏后開.png
夏后啓,人物,人名,山海經十八卷,宋淳熙七年（1180）池陽郡齋刻本,"於此（大樂之野）儛九代,乗兩龍,雲盖三層,左手操翳,右手操環,佩玉璜,",prompt: 夏后啓在大樂之野翩翩起舞，九代鸟环绕飞翔，他乘坐着两条神龙，头顶三重云盖，左手持着华丽的羽扇，右手握着玉环，身上佩戴着精美的玉璜，整体画面充满神秘与庄重，采用传统中国美学的彩色水墨风格，背景为祥云缭绕、山川秀美的仙境。,人物\人名\夏后啓.png
夏桀,人物,人名,山海經十八卷,宋淳熙七年（1180）池陽郡齋刻本,,prompt: 夏桀，中国历史上著名的暴君，身穿华丽的龙袍，头戴王冠，手持权杖，面容威严但略带阴鸷。背景为商朝宫殿，风格参考古代插画和传统中国美学的彩色水墨画，画面中可见宫殿的宏伟与奢华，以及象征权力的玉器、青铜器等物品。,人物\人名\夏桀.png
先龍,人物,人名,山海經十八卷,宋淳熙七年（1180）池陽郡齋刻本,"西岳生先龍,先龍是始生氐羌,",prompt: 西岳华山之巅，先龍诞生于此，作为氐羌族的始祖，他身着古朴的氐羌服饰，头戴羽毛冠饰，手持象征权力与智慧的玉圭。背景是云雾缭绕的华山，山间有松柏挺立，远处可见群山连绵。整体画面采用传统中国美学的彩色水墨风格，色彩以淡雅为主，展现出一种神秘而庄严的氛围。,人物\人名\先龍.png
相栁氏,人物,人名,山海經十八卷,宋淳熙七年（1180）池陽郡齋刻本,"九首以食于九山,相栁之所抵厥爲澤谿,禹殺相栁其血腥不可以樹五榖種,禹厥之三仞三沮乃以爲衆帝之臺,",prompt: 九首蛇身的相柳氏，每个头颅都朝向不同的方向，象征着它食于九山的传说。它的身躯庞大而蜿蜒，覆盖着青色鳞片，眼神凶猛。背景是连绵起伏的山脉和被其血液污染后无法种植五谷的荒芜土地。远处，可以看到禹正在奋力与相柳氏战斗，天空中乌云密布，雷电交加，增添了一种紧张和戏剧性的氛围。整个画面采用传统中国水墨画风格，色彩以深蓝、墨绿和暗红为主，营造出一种神秘而古老的氛围。,人物\人名\相栁氏.png
宵明,人物,人名,山海經十八卷,宋淳熙七年（1180）池陽郡齋刻本,"二女之靈能照此所方百里,",prompt: 宵明，二女之灵能照此所方百里，身穿古代汉服，长发飘逸，手持发光的玉璧，周围环绕着柔和的光芒，照亮四周百里的夜空。背景为幽静的山林和古老的村落，色彩以传统中国水墨画风格为主，色调淡雅，画面充满神秘而宁静的氛围。,人物\人名\宵明.png
咸鳥,人物,人名,山海經十八卷,宋淳熙七年（1180）池陽郡齋刻本,"大皡生咸鳥,咸鳥生乗釐,",prompt: 古代神话人物咸鸟，大皡之子，乘釐之父，形象为半人半鸟，拥有俊美的面容和华丽的羽毛，身着古朴的长袍，手持象征权力的权杖，背景为远古时期的山水画卷，色彩以传统中国美学的彩色水墨风格为主，展现出一种神秘而庄严的氛围。,人物\人名\咸鳥.png
戯器,人物,人名,山海經十八卷,宋淳熙七年（1180）池陽郡齋刻本,"節並生戯器,戯器生祝融,",prompt: 中国神话人物戯器，他是祝融的父亲，形象为一位威严的古代帝王，身着华丽的古装长袍，头戴玉冠，手持象征权力的玉圭。背景为古老的宫殿，周围环绕着祥云和神兽，色彩以传统中国水墨画风格为主，融合淡雅的彩色渲染，展现出神秘而庄严的氛围。,人物\人名\戯器.png
玄丘之民,人物,人名,山海經十八卷,宋淳熙七年（1180）池陽郡齋刻本,,prompt: 古代玄丘之民，身穿华丽的丝绸长袍，头戴精致的玉冠，面容慈祥，手持一卷古老的经书，背景为神秘而幽静的山林，画面采用传统中国美学的彩色水墨风格，色彩淡雅，线条流畅，充满古典韵味。,人物\人名\玄丘之民.png
小人,人物,人名,山海經十八卷,宋淳熙七年（1180）池陽郡齋刻本,"幾姓,嘉榖是食,",prompt: 一个小人，姓幾，以嘉谷为食，形象清瘦而健康，穿着简单的古代服饰，手持一束稻谷，背景是古朴的田园风光，画面采用传统中国美学的彩色水墨风格，色彩淡雅，线条流畅。,人物\人名\小人.png
西岳,人物,人名,山海經十八卷,宋淳熙七年（1180）池陽郡齋刻本,"伯夷父生西岳,西岳生先龍,",prompt: 中国古代神话人物西岳，形象为一位威严的中年男子，身穿古代贵族服饰，头戴冠冕，手持玉圭，面容庄重。背景为华山之巅，云雾缭绕，象征其为西岳之神。画面采用传统中国美学的彩色水墨风格，线条流畅，色彩淡雅，展现出一种神秘而庄严的氛围。,人物\人名\西岳.png
相繇,人物,人名,山海經十八卷,宋淳熙七年（1180）池陽郡齋刻本,"共工臣名曰相繇,九首蛇身自環,食于九土,其所歍所𡰱即爲源澤不辛乃苦百獸莫能處,禹湮洪水殺相繇,其血腥臭不可生穀,",prompt: 九首蛇身的相繇，身体盘绕成环状，每个头都面向不同的方向，眼神凶狠。背景是洪水泛滥的土地，周围是被破坏的植被和荒芜的景象。相繇的身体覆盖着鳞片，颜色为深绿色，头部有红色的斑纹。画面中可以看到大禹手持神器站在远处，准备与相繇对抗。整体风格参考古代插画，采用彩色水墨风格，强调神话氛围和中国传统美学。,人物\人名\相繇.png
奚仲,人物,人名,山海經十八卷,宋淳熙七年（1180）池陽郡齋刻本,"番禺生奚仲,奚仲生吉光,",prompt: 古代工匠奚仲，身着朴素的古代服饰，手持木工工具，背景为简朴的古代作坊，画面采用传统中国美学的彩色水墨风格，展现出一种古朴而宁静的氛围。,人物\人名\奚仲.png
延,人物,人名,山海經十八卷,宋淳熙七年（1180）池陽郡齋刻本,"縁婦孕三年是生𡔷延殳始爲侯,𡔷延是始爲鍾爲樂風,",prompt: 一个古风的延，身穿华丽的古代服饰，手持钟乐器，站在一片祥云之上，背景是传统的中国山水画风格，色彩以淡雅的水墨为主，点缀着金色和红色，象征着音乐与和谐。他的面容温文尔雅，眼神中透露出智慧与平和，周围环绕着飘逸的丝带，表现出一种超凡脱俗的气质。,人物\人名\延.png
噎,人物,人名,山海經十八卷,宋淳熙七年（1180）池陽郡齋刻本,"（㴝）下地是生噎,處於西極,以行日月星辰之行次,",prompt: 《山海经》中的噎，处于西极之地，负责日月星辰的运行秩序。画面中，噎身着古代服饰，手持长杖，站在一片神秘的星空中，周围环绕着日月星辰，展现出一种古老而庄严的氛围。背景为水墨风格的山水，色彩以淡雅为主，突出传统中国美学。,人物\人名\噎.png
羿,人物,人名,山海經十八卷,宋淳熙七年（1180）池陽郡齋刻本,"羿與鑿齒戰於壽華之野,羿射殺之（鑿齒）在崑崙墟東,羿持弓矢鑿齒持盾,",prompt：羿与凿齿在寿华之野激战，背景为昆仑墟东侧的荒野。羿手持弓箭，姿态英勇，目光坚定，身穿古代战甲，服饰细节精致，颜色以深绿和棕色为主。凿齿则手持盾牌，面目狰狞，肌肉发达，身着兽皮，显得野蛮而强大。整个画面采用传统中国美学的彩色水墨风格，线条流畅，色彩对比鲜明，背景中隐约可见远处的山脉和云雾缭绕，营造出一种神秘而古老的氛围。,人物\人名\羿.png
禹,人物,人名,山海經十八卷,宋淳熙七年（1180）池陽郡齋刻本,,prompt: 禹，古代中国神话中的治水英雄，身穿古朴的长袍，手持耒耜，站在滔滔洪水之中，身旁有神兽协助。背景是山川河流，云雾缭绕，展现出他治理洪水的伟大功绩。画面采用传统中国美学的彩色水墨风格，线条流畅，色彩淡雅，充满古典韵味。,人物\人名\禹.png
役釆,人物,人名,山海經十八卷,宋淳熙七年（1180）池陽郡齋刻本,"均國生役采,役采生脩鞈,",prompt: 古代神话人物役采，身穿华丽古装，头戴冠冕，手持玉珪，面容庄重威严，背景为均国的宫殿，画面采用传统中国美学的彩色水墨风格，色彩典雅，线条流畅。,人物\人名\役釆.png
一臂民,人物,人名,山海經十八卷,宋淳熙七年（1180）池陽郡齋刻本,,prompt：一臂民，独臂的奇异民族，身体健壮，皮肤呈古铜色，穿着简朴的兽皮衣物，手持粗犷的木制武器。他们生活在山林之间，与自然和谐共处，表情坚毅而充满智慧。背景为茂密的原始森林，阳光透过树叶洒下斑驳光影，营造出一种神秘而宁静的氛围。整体风格参考古代插画和传统中国美学的彩色水墨风格。,人物\人名\一臂民.png
縁婦,人物,人名,山海經十八卷,宋淳熙七年（1180）池陽郡齋刻本,,prompt: 一位名为縁婦的古代女子，身着华丽的传统汉服，服饰上绣有精致的云纹和凤鸟图案，长发如瀑布般垂下，佩戴着玉制的发饰。她站在一座古色古香的庭院中，周围是盛开的梅花和翠绿的竹林，背景是一片淡雅的山水画。画面采用彩色水墨风格，色彩柔和且富有层次感，展现出一种古典而优雅的美感。,人物\人名\縁婦.png
赤脛之民,人物,人名,山海經十八卷,宋淳熙七年（1180）池陽郡齋刻本,,prompt: 一群生活在古老东方的神秘部落，赤脛之民，他们以红色的腿胫而闻名。画面中，数名赤脛之民身着兽皮衣物，手持简陋的石制工具和武器，在一片茂密的原始森林中狩猎。他们的腿部被鲜艳的红色覆盖，仿佛是大自然赋予的独特印记。背景是一片郁郁葱葱的山林，远处有巍峨的山峰若隐若现，整个画面充满了原始与神秘的气息，采用传统中国美学的彩色水墨风格绘制。,人物\人名\赤脛之民.png
乗釐,人物,人名,山海經十八卷,宋淳熙七年（1180）池陽郡齋刻本,"咸鳥生乗釐,乗釐生後照,",prompt: 乘釐，古代神话人物，形象为一位仙风道骨的长者，身着飘逸的古装，手持羽扇，面容慈祥而智慧。背景为云雾缭绕的山间，远处有飞鸟和日出，象征其后代后照与太阳的关系。画面采用传统中国彩色水墨风格，线条流畅，色彩淡雅，充满神秘与古朴的气息。,人物\人名\乗釐.png
禺號,人物,人名,山海經十八卷,宋淳熙七年（1180）池陽郡齋刻本,,prompt: 禺號，古代神话人物，形象为一位身穿华丽古装的男子，手持玉圭，站立于云雾缭绕的山巅之上。背景为层峦叠嶂的群山和蜿蜒的河流，画面采用传统中国彩色水墨风格，色彩淡雅而富有层次感，展现出一种神秘而庄重的氛围。,人物\人名\禺號.png
義均,人物,人名,山海經十八卷,宋淳熙七年（1180）池陽郡齋刻本,"三身生義均,義均是始爲巧倕,是始作下民百巧,",prompt: 三身国的义均，始为巧倕，始作下民百巧。画面中，义均身着古朴的服饰，手持各种精巧工具，周围环绕着他创造的各种工艺品和机械装置，背景是古老的三身国风光，色彩以传统的中国水墨画风格为主，色调温润典雅，充满神秘与智慧的气息。,人物\人名\義均.png
炎居,人物,人名,山海經十八卷,宋淳熙七年（1180）池陽郡齋刻本,"聽訞生炎居,炎居生節並,",prompt: 炎居，古代神话人物，形象为一位身穿古老服饰的智者，长须飘逸，眼神深邃。他身处于一片神秘的山林之中，周围环绕着古老的树木和奇异的花草，背景中隐约可见远古时代的图腾和符号。画面采用传统中国美学的彩色水墨风格，色彩以淡雅为主，辅以金色点缀，展现出一种古老而神秘的气息。,人物\人名\炎居.png
滛梁,人物,人名,山海經十八卷,宋淳熙七年（1180）池陽郡齋刻本,"禺號生滛梁,滛梁生番禺,",prompt: 《山海经》中的滛梁，禺號之子，番禺之父，形象为一位古代智者，身穿传统汉服，头戴冠帽，手持竹简，面容慈祥而智慧。背景为古代中国山水，采用彩色水墨风格绘制，画面中融入了远古神话的神秘氛围和传统中国美学元素。,人物\人名\滛梁.png
晏龍,人物,人名,山海經十八卷,宋淳熙七年（1180）池陽郡齋刻本,"帝俊生晏龍,晏龍生司幽,",prompt: 中国神话人物晏龍，帝俊之子，司幽之父，形象为一位英俊的古代帝王，身穿华丽的龙袍，头戴金色冠冕，手持玉笏，面容威严而慈祥。背景为中国古代宫廷，宫殿富丽堂皇，色彩以金色、红色为主，传统中国美学的彩色水墨风格，画面充满神秘与庄严感。,人物\人名\晏龍.png
贏民,人物,人名,山海經十八卷,宋淳熙七年（1180）池陽郡齋刻本,"鳥足,",prompt: 贏民，鸟足人形，站立于山川之间，脚如鸟爪，身着古朴服饰，面容慈祥，背景为传统中国山水画风格的山峦与河流，色彩以淡雅水墨为主，点缀以细腻的彩色，展现出神秘而和谐的氛围。,人物\人名\贏民.png
噎鳴,人物,人名,山海經十八卷,宋淳熙七年（1180）池陽郡齋刻本,"后土生噎鳴,噎鳴生歳十有二,",prompt: 后土生噎鳴，噎鳴生歳十有二。描绘噎鳴为一位庄严而神秘的古代神祇，身穿华丽的古装长袍，头戴精致的冠冕，面容慈祥而威严。他站在一片祥云之上，周围环绕着十二个象征岁月轮回的小神灵，每个小神灵代表着一个月份，他们手捧各种象征季节变化的物品，如春花、夏果、秋叶和冬雪。画面采用传统中国美学的彩色水墨风格，色彩柔和而富有层次感，背景是飘渺的仙境山川，远处有若隐若现的宫殿和神木，整体营造出一种庄重而神秘的氛围。,人物\人名\噎鳴.png
揺民,人物,人名,山海經十八卷,宋淳熙七年（1180）池陽郡齋刻本,"王亥託于有易河伯僕牛,有易殺王亥取僕牛,河念有易有易潜出爲國於獸方食之名曰揺民,帝舜生戯戯生揺民,",prompt: 揺民，帝舜的后代，拥有着与自然和谐共存的智慧。他身着兽皮制成的服饰，手持一根象征权力与力量的权杖，这根权杖由珍贵木材制成，顶端镶嵌着一颗璀璨的宝石。揺民站在一片广阔的草原上，周围是各种奇异而友好的野兽，天空中飞舞着色彩斑斓的鸟儿。背景是一条蜿蜒流淌的大河，河边生长着茂密的树木，远处可见连绵起伏的山脉。整幅画面采用传统中国彩色水墨风格绘制，展现出一种宁静而又神秘的氛围。,人物\人名\揺民.png
有窮鬼,人物,人名,山海經十八卷,宋淳熙七年（1180）池陽郡齋刻本,,prompt: 有窮鬼，一位来自《山海经》中的神秘人物，身穿古代服饰，面容憔悴而阴森，手持一根枯木杖，周围环绕着淡淡的幽冥之气。背景为荒凉的山野，天空昏暗，远处有几座模糊的山峰。整体风格参考古代插画和传统中国美学的彩色水墨风格。,人物\人名\有窮鬼.png
夷人,人物,人名,山海經十八卷,宋淳熙七年（1180）池陽郡齋刻本,"在東胡東,",prompt: 一位来自古代东胡以东的夷人，身着传统服饰，头戴羽毛装饰的帽子，手持长弓，站在山林之间。背景是茂密的森林和起伏的山脉，天空中飘着几朵白云。画面采用彩色水墨风格，展现出浓郁的中国传统美学。,人物\人名\夷人.png
蜮人,人物,人名,山海經十八卷,宋淳熙七年（1180）池陽郡齋刻本,"桑姓,食黍,射蜮是食,有人方扞弓射黄蛇,",prompt: 桑姓蜮人，身着古朴的布衣，手持弓箭，正瞄准一条蜿蜒盘旋的黄蛇。背景是茂密的黍田，色彩以水墨为主，辅以淡雅的彩色，展现出古代中国的田园风光。人物形象生动传神，动作流畅自然，整体画面充满浓厚的传统中国美学风格。,人物\人名\蜮人.png
炎融,人物,人名,山海經十八卷,宋淳熙七年（1180）池陽郡齋刻本,"士敬子,炎融生驩頭,",prompt: 炎融，士敬子，炎融生驩頭，古代神话人物，形象为一位身穿古朴长袍的中年男子，面容严肃而慈祥，手持一卷古籍，身旁有一只神鸟相伴，背景为云雾缭绕的山川，采用传统中国美学的彩色水墨风格，画面充满神秘与庄重。,人物\人名\炎融.png
有易,人物,人名,山海經十八卷,宋淳熙七年（1180）池陽郡齋刻本,"王亥託于有易河伯僕牛,有易殺王亥取僕牛,河念有易有易潜出爲國於獸方食之名曰揺民,",prompt: 有易，一位古代部落首领，身着兽皮制成的衣物，手持长矛，站在河岸边。背景是广阔的草原和远处的山峦，天空中飘着几朵白云。画面采用传统中国美学的彩色水墨风格，展现出一种古朴而神秘的氛围。王亥被描绘为倒在地上，身旁散落着一些牛只，象征着被有易所杀并夺取了仆牛的情景。河伯则化身为半人半鱼的形象，从水中探出头来，注视着这一幕。整个画面充满了神话色彩和古老的传说感。,人物\人名\有易.png
祝,人物,人名,山海經十八卷,宋淳熙七年（1180）池陽郡齋刻本,,prompt: 传统中国美学彩色水墨风格，祝融，传说中的火神，身穿古代战甲，手持火焰长枪，站在熊熊燃烧的火山口旁，周围是熔岩和炽热的火焰，背景是远古山川，天空中飘着淡淡的云雾，整个画面充满神秘而庄严的气息。,人物\人名\祝.png
綽人,人物,人名,山海經十八卷,宋淳熙七年（1180）池陽郡齋刻本,"脩鞈殺綽人,帝念之潜爲之國是此毛民,",prompt: 一位名为綽人的古代人物，他身穿古朴的服饰，面容坚毅。背景中，脩鞈正在与綽人交战，脩鞈手持长剑，表情凶狠。天空中，帝的身影若隐若现，他面带忧虑地注视着这场战斗。画面整体采用传统中国美学的彩色水墨风格，线条流畅，色彩淡雅。场景中还描绘了毛民的形象，他们身披兽皮，生活在简陋的茅草屋中，表现出一种原始而质朴的生活状态。,人物\人名\綽人.png
赤水,人物,人名,山海經十八卷,宋淳熙七年（1180）池陽郡齋刻本,"炎帝之妻赤水之子聽訞生炎居,",prompt: 炎帝之妻赤水，身着古代华服，服饰以红色为主，象征火焰与热情。她站在一片祥云之上，周围环绕着古老的图腾和神秘的符文。她的面容慈祥而庄严，眼神中透露出智慧与力量。背景是绚丽的彩霞，映衬着远处的山川河流，呈现出一种古典而神秘的氛围。画面采用传统中国美学的彩色水墨风格，线条流畅，色彩鲜艳而不失古朴。,人物\人名\赤水.png
折,人物,人名,山海經十八卷,宋淳熙七年（1180）池陽郡齋刻本,,prompt: 折，一位神秘的古代人物，身穿华丽的长袍，头戴高冠，面容清秀而威严。他站在一片古老的森林之中，四周环绕着奇异的山石和参天古木。他的身后是一片云雾缭绕的山峦，天空中隐约可见几只仙鹤飞翔。画面采用传统中国美学的彩色水墨风格，色彩淡雅而富有层次感，展现出一种超凡脱俗的意境。,人物\人名\折.png
鑿齒,人物,人名,山海經十八卷,宋淳熙七年（1180）池陽郡齋刻本,"羿與鑿齒戰於壽華之野,羿射殺之在崑崙墟東,鑿齒持盾一曰戈,","prompt: 中国古代神话人物鑿齒，羿與鑿齒戰於壽華之野,羿射殺之在崑崙墟東。描绘一场激烈的战斗场景，鑿齒手持盾牌和戈矛，身穿古代战甲，面容狰狞，肌肉发达，眼神凶狠。背景为寿华之野，远处可见昆仑墟的轮廓。整体风格参考古代插画，采用传统中国美学的彩色水墨风格，画面充满动感和张力。",人物\人名\鑿齒.png
燭光,人物,人名,山海經十八卷,宋淳熙七年（1180）池陽郡齋刻本,"二女之靈能照此所方百里,",prompt：烛光，二女之灵，她的光芒能够照亮周围百里的地方。她身着华丽的古代服饰，长发飘逸，手持一盏古朴而神秘的灯笼，灯笼散发出柔和而温暖的光芒，照亮了四周的黑暗。背景是夜晚的山林，远处的山峦若隐若现，整个画面充满了宁静而神秘的氛围。参考古代插画风格和传统中国美学的彩色水墨风格。,人物\人名\燭光.png
張弘,人物,人名,山海經十八卷,宋淳熙七年（1180）池陽郡齋刻本,"在海上捕魚,",prompt: 一位名叫張弘的渔夫在海上捕鱼，他身着传统的渔民服装，手持长竿和渔网，站在一艘古老的木船上。海面上波涛汹涌，远处有几座小岛若隐若现。天空中飘着几朵白云，阳光透过云层洒在海面上，形成斑驳的光影。整幅画面采用彩色水墨风格，展现出浓厚的传统中国美学。,人物\人名\張弘.png
中容,人物,人名,山海經十八卷,宋淳熙七年（1180）池陽郡齋刻本,"帝俊生中容,",prompt: 传统中国美学的彩色水墨风格，中容，帝俊之子，身着华丽古装，头戴玉冠，面容英俊，手持长剑，背景为远古神话中的山川河流，画面充满神秘与庄严的气息。,人物\人名\中容.png
祝融,人物,人名,山海經十八卷,宋淳熙七年（1180）池陽郡齋刻本,"獸身,人靣,乗兩龍,",prompt：祝融，兽身人面，乘两龙，身披火焰般的红袍，手持火把，周围环绕着炽热的火焰，背景为古老的山川和神秘的云雾，画面采用传统中国美学的彩色水墨风格，线条流畅，色彩鲜明。,人物\人名\祝融.png
中容人,人物,人名,山海經十八卷,宋淳熙七年（1180）池陽郡齋刻本,"食獸,木實,使四鳥豹虎熊羆,",prompt: 中容人，食兽与木实，使四鸟豹虎熊罴，形象为古代勇士，身着兽皮衣裳，手持长矛，身旁围绕着四种神兽：豹、虎、熊、罴。背景为茂密的山林，古木参天，色彩以传统中国水墨画风格为主，注重线条流畅和意境深远。,人物\人名\中容人.png
州山,人物,人名,山海經十八卷,宋淳熙七年（1180）池陽郡齋刻本,"南岳娶州山女,",prompt: 南岳娶州山女，画面中南岳身穿古代汉服，头戴冠冕，面带微笑，正与州山女举行婚礼。州山女身着华丽的红色嫁衣，头戴凤冠，手持红绸，面容娇美。背景为古色古香的庭院，装饰有彩色灯笼和喜庆的对联。整个场景采用传统中国美学的彩色水墨风格，色彩鲜艳而不失雅致，充满浓厚的古典气息。,人物\人名\州山.png
赤水女子獻,人物,人名,山海經十八卷,宋淳熙七年（1180）池陽郡齋刻本,"衣青衣,",prompt: 赤水女子獻，身着青色长袍，衣袂飘逸如流水，面容清秀，眼神中透露出智慧与神秘。她站在赤水之畔，周围是古老的山林和清澈的溪流，背景中隐约可见奇花异草和珍禽异兽。画面采用传统中国美学的彩色水墨风格，色彩淡雅而富有层次感，笔触细腻，展现出一种宁静而又充满生命力的氛围。,人物\人名\赤水女子獻.png
成湯,人物,人名,山海經十八卷,宋淳熙七年（1180）池陽郡齋刻本,,prompt: 成湯，商朝开国君主，身穿华丽的古代帝王服饰，头戴冕旒，手持玉圭，面容威严而慈祥，背景为宏伟的宫殿和飘扬的旌旗，色彩采用传统中国美学的彩色水墨风格，展现出一种庄重而神秘的氛围。,人物\人名\成湯.png
蚩尤,人物,人名,山海經十八卷,宋淳熙七年（1180）池陽郡齋刻本,,prompt: 中国神话中的战神蚩尤，身穿古代战甲，手持长刀，面容凶猛，背景为战场风云，色彩以深红和暗黑为主，风格参考古代插画和传统中国彩色水墨画。,人物\人名\蚩尤.png
大比赤隂,人物,人名,山海經十八卷,宋淳熙七年（1180）池陽郡齋刻本,"是始爲國,",prompt: 大比赤隂，始為國的創建者，身穿古代華貴長袍，頭戴冠冕，手持權杖，站在高山之巔俯瞰著他所建立的國家。背景是遠古時代的山川河流，天空中雲霧繚繞，呈現出一種莊嚴而神秘的氛圍。畫面採用傳統中國彩色水墨風格，線條流暢，色彩豐富而深沉。,人物\人名\大比赤隂.png
登比氏,人物,人名,山海經十八卷,宋淳熙七年（1180）池陽郡齋刻本,"舜妻,生宵明燭光,處河大澤,一曰登北氏,",prompt: 传统中国美学彩色水墨风格，舜帝的妻子登比氏，身穿华丽的古代服饰，头戴精致的发饰，面容温婉，眼神温柔。她站在河泽之畔，周围是茂密的芦苇和清澈的河水。她的两个女儿宵明和燭光在旁边嬉戏，画面充满和谐与宁静。背景是远山和蓝天，整个场景充满了诗意和古风。,人物\人名\登比氏.png
登北氏,人物,人名,山海經十八卷,宋淳熙七年（1180）池陽郡齋刻本,,prompt: 登北氏，一位神秘的古代人物，身着古朴的长袍，头戴高冠，面容庄重而慈祥。他站在山巅之上，身后是连绵起伏的山脉，云雾缭绕，仿佛置身于仙境之中。画面采用传统中国美学的彩色水墨风格，线条流畅，色彩淡雅，展现出一种超凡脱俗的气质。背景中隐约可见一些古老的建筑和树木，增添了几分历史的厚重感。,人物\人名\登北氏.png
儋耳,人物,人名,山海經十八卷,宋淳熙七年（1180）池陽郡齋刻本,,prompt: 《山海经》中的儋耳，身着古朴的兽皮衣，头戴奇异的羽毛装饰，双耳垂至肩部，面容坚毅，手持一柄长矛，站立于茂密的原始森林之中，背景为远古时期的自然景观，色彩以传统中国美学的彩色水墨风格呈现。,人物\人名\儋耳.png
大皡,人物,人名,山海經十八卷,宋淳熙七年（1180）池陽郡齋刻本,,prompt: 大皡，古代神话人物，身着华丽的古装，头戴冠冕，面容威严而慈祥，手持象征权力的权杖，站在云雾缭绕的山巅之上，背景是壮丽的山水景色，采用传统中国美学的彩色水墨风格，画面充满神秘与庄重的气息。,人物\人名\大皡.png
阿女縁婦,人物,人名,山海經十八卷,宋淳熙七年（1180）池陽郡齋刻本,"伯陵同吴權之妻阿女縁婦,縁婦孕三年是生𡔷延殳始爲侯,",prompt: 传统中国美学彩色水墨风格，阿女縁婦，伯陵同吴權之妻，身着华丽古装，面容温婉，长发如瀑，手持玉如意，背景为古代宫廷，身旁有祥云环绕，孕三年后诞下𡔷延殳，画面充满神秘而庄严的氛围。,人物\人名\阿女縁婦.png
般,人物,人名,山海經十八卷,宋淳熙七年（1180）池陽郡齋刻本,"少皡生般,是始爲弓矢,",prompt: 一位古代的弓箭手，名叫般，他是少皡的儿子，被认为是弓箭的发明者。画面中，般身穿传统的古代服饰，手持一把精美的弓箭，站在一片古朴的山林之中。他的眼神坚定而专注，仿佛正在瞄准远方的目标。背景是充满神秘色彩的山水，以彩色水墨风格呈现，展现出浓厚的传统中国美学。,人物\人名\般.png
苖民,人物,人名,山海經十八卷,宋淳熙七年（1180）池陽郡齋刻本,,prompt: 苖民，古代神话中的族群，身着华丽的服饰，头戴羽毛装饰，手持长矛和盾牌，面容坚毅，背景为山川河流，风格参考古代插画和传统中国彩色水墨画。,人物\人名\苖民.png
氐羌,人物,人名,山海經十八卷,宋淳熙七年（1180）池陽郡齋刻本,"先龍是始生氐羌,氐羌乞姓,",prompt：氐羌，一位古老而神秘的人物，传说中先龙的后代。他身着古朴的长袍，袍上绣有龙纹和云纹，象征着他的高贵血统。氐羌面容庄重，眼神深邃，透露出智慧与威严。他手持一根龙头杖，杖上缠绕着一条活灵活现的小龙，仿佛随时可以腾空而起。背景是古老的山川，远处有祥云缭绕，整体画面充满神秘而庄严的氛围，采用传统中国美学的彩色水墨风格绘制。,人物\人名\氐羌.png
大行伯,人物,人名,山海經十八卷,宋淳熙七年（1180）池陽郡齋刻本,"在崑崙虚北,把戈,其東有犬封國,貳負之尸在大行伯東,",prompt: 大行伯，崑崙虚北的守卫者，手持长戈，身着古代战甲，面容威严，目光坚定。其东侧是犬封国，贰负之尸在其东边不远处。背景为苍茫的山川与古老的城墙，整体风格参考古代插画和传统中国美学的彩色水墨风格。,人物\人名\大行伯.png
貳負,人物,人名,山海經十八卷,宋淳熙七年（1180）池陽郡齋刻本,,prompt: 《山海经》中的貳負，身穿古代服饰，头戴冠帽，面容严肃，手持长剑，站在山巅之上，背景是苍茫的群山和云雾缭绕的天空，画面采用传统中国美学的彩色水墨风格，线条流畅，色彩淡雅。,人物\人名\貳負.png
娥皇,人物,人名,山海經十八卷,宋淳熙七年（1180）池陽郡齋刻本,"帝俊妻,生此三身之國,",prompt: 娥皇，帝俊之妻，三身国之母，形象端庄典雅，身着华丽的古代宫廷服饰，头戴凤冠，手持玉如意，背景为古典宫殿，周围环绕着祥云和凤凰，画面采用传统中国美学的彩色水墨风格，色彩淡雅而富有层次感。,人物\人名\娥皇.png
鳧,人物,人名,山海經十八卷,宋淳熙七年（1180）池陽郡齋刻本,"北方曰𪂧,是處東極隅以止日月,使無相間出沒司其短長,",prompt: 北方神祇鳧，位于东极之隅，掌控日月交替，确保其有序出没。形象为一位庄严的古代仙人，身穿华丽的长袍，手持象征日月的法器，背景是绚丽的日月光辉和古老的东方建筑。画面采用传统中国美学的彩色水墨风格，线条流畅，色彩浓郁而富有层次感。,人物\人名\鳧.png
北狄,人物,人名,山海經十八卷,宋淳熙七年（1180）池陽郡齋刻本,"始均生北狄,",prompt: 始均生北狄，身穿兽皮衣，手持长弓，面容坚毅，眼神锐利，背景是苍茫的北方草原，天空中飘着几朵白云，远处有连绵起伏的山脉，画面采用传统中国美学的彩色水墨风格，笔触细腻，色彩古朴。,人物\人名\北狄.png
共工,人物,人名,山海經十八卷,宋淳熙七年（1180）池陽郡齋刻本,,prompt: 共工，古代神话中的水神，面容威严而英俊，身穿蓝色长袍，袍上绣有波涛汹涌的海水图案，手持一根巨大的水蓝色权杖，权杖顶端镶嵌着一颗璀璨的蓝色宝石。他站在一片波涛汹涌的大海之上，周围是翻滚的浪花和飞溅的水珠，背景是深蓝色的天空和远处的山峦。画面采用传统中国美学的彩色水墨风格，展现出共工掌控天地间水流的磅礴气势。,人物\人名\共工.png
贑巨人,人物,人名,山海經十八卷,宋淳熙七年（1180）池陽郡齋刻本,"人靣,長臂,黒身,有毛,反踵,見人笑亦笑,唇蔽其面因即逃也,",prompt: 贑巨人，人面长臂黑身有毛反踵，见人笑亦笑，唇蔽其面因即逃也。请以古代插画风格和传统中国美学的彩色水墨风格绘制，贑巨人拥有黑色的身体，身上覆盖着浓密的毛发，手臂异常长，脚后跟朝前。他的脸庞像人类，但嘴唇巨大，几乎遮住了整个面部。当贑巨人遇到人类时，他会模仿人类的笑容，但很快就会因为害羞而迅速逃跑。背景可以是山林或荒野，展现出贑巨人的神秘与独特。,人物\人名\贑巨人.png
河伯,人物,人名,山海經十八卷,宋淳熙七年（1180）池陽郡齋刻本,,prompt: 河伯，古代中国神话中的水神，身穿华丽的长袍，头戴冠冕，手持玉如意，站在波涛汹涌的黄河岸边，背景是古老的山水画风格，色彩以淡雅的水墨为主，辅以金色和蓝色点缀，展现出河伯威严而神秘的形象。,人物\人名\河伯.png
倍伐,人物,人名,山海經十八卷,宋淳熙七年（1180）池陽郡齋刻本,"少昊生倍伐,倍伐降處緡淵,",prompt: 少昊之子倍伐，身穿古代贵族服饰，站在緡渊旁，背景是幽深的水潭和神秘的山林，色彩以淡雅的水墨风格为主，画面中透出一种古朴而神秘的气息。,人物\人名\倍伐.png
伯服,人物,人名,山海經十八卷,宋淳熙七年（1180）池陽郡齋刻本,"顓頊生伯服,食黍,",prompt: 伯服，颛顼之子，身穿古代服饰，手持黍穗，面容慈祥，背景为远古时期的山水田园风光，画面采用传统中国美学的彩色水墨风格。,人物\人名\伯服.png
栢髙,人物,人名,山海經十八卷,宋淳熙七年（1180）池陽郡齋刻本,"肇山有人名曰栢髙,栢髙上下於此（肇山）至於天,",prompt: 一位名为栢髙的神秘人物，身着古代长袍，面容清秀，站立于肇山之巅，背景是云雾缭绕的山峦和远处的天际。栢髫手持一根象征通天的玉杖，周围环绕着祥云和飞鸟，展现出他能够自由往来天地之间的超凡能力。画面采用传统中国彩色水墨风格，色彩淡雅而富有层次感，强调人物与自然环境的和谐统一。,人物\人名\栢髙.png
后稷,人物,人名,山海經十八卷,宋淳熙七年（1180）池陽郡齋刻本,,prompt: 后稷，古代农神，身着传统汉服，手持五谷，站在金黄色的麦田中，背景是远山和蓝天，画面采用传统中国美学的彩色水墨风格，线条流畅，色彩淡雅，展现出后稷作为农业始祖的庄严与慈祥。,人物\人名\后稷.png
黒人,人物,人名,山海經十八卷,宋淳熙七年（1180）池陽郡齋刻本,"虎首,鳥足,四手,持蛇方㗖之,",prompt: 黒人，虎首人身，鸟足四手，手持蛇正在吞食，形象威猛神秘，采用传统中国美学的彩色水墨风格，背景为山林幽谷，色彩以深蓝、墨绿为主，点缀金色线条，展现出古朴而奇幻的氛围。,人物\人名\黒人.png
互人,人物,人名,山海經十八卷,宋淳熙七年（1180）池陽郡齋刻本,"靈恝生互人,是能上下于天,",prompt: 互人，灵恝之子，能够上下于天，身穿古代服饰，头戴冠冕，面容庄重而神秘，背后是浩瀚星空与云雾缭绕的天界，画面采用传统中国美学的彩色水墨风格，线条流畅，色彩淡雅，充满神话气息。,人物\人名\互人.png
后土,人物,人名,山海經十八卷,宋淳熙七年（1180）池陽郡齋刻本,"後土生信,",prompt: 后土，中国古代神话中的土地神，形象为慈祥的中年女性，身着华丽的传统服饰，头戴金色凤冠，手持玉圭，站立在五色祥云之上。她身后是连绵起伏的山川大地，象征着她对土地的主宰和保护。画面采用传统中国美学的彩色水墨风格，色彩丰富而柔和，充满神秘而庄严的气息。,人物\人名\后土.png
驩頭,人物,人名,山海經十八卷,宋淳熙七年（1180）池陽郡齋刻本,"炎融生驩頭,人靣,鳥喙,有翼,食海中魚杖,杖翼而行,維冝芑苣穋楊是食,有驩頭之國,",prompt: 炎融之子驩頭，人面鸟喙，拥有翅膀，手持海中鱼杖，依靠翅膀行走。他生活在驩頭之国，以芑苣、穋杨为食。画面采用古代插画风格和传统中国美学的彩色水墨风格，描绘驩頭在海边行走，手持鱼杖，翅膀微微张开，背景是广阔的海洋和远处的山峦，天空中有几只飞翔的鸟儿，整个画面充满神秘而古老的气息。,人物\人名\驩頭.png
後照,人物,人名,山海經十八卷,宋淳熙七年（1180）池陽郡齋刻本,"乗釐生後照,後照是始爲巴人,",prompt: 一位身着古巴人传统服饰的青年，面容俊朗，眼神坚定。他站在一片茂密的森林之中，周围环绕着奇异的山川和古老的树木。他的身后是一轮明亮的太阳，阳光透过树叶洒在他的身上，形成斑驳的光影。画面采用彩色水墨风格，展现出浓厚的古代中国美学气息。背景中隐约可见一些神话中的奇珍异兽，增添了一丝神秘感。,人物\人名\後照.png
稷,人物,人名,山海經十八卷,宋淳熙七年（1180）池陽郡齋刻本,,prompt: 中国古代农神稷，身穿传统汉服，头戴冠冕，手持稻穗，面容慈祥，站在一片丰收的田野之中，背景是金黄色的麦田和远山，画面采用彩色水墨风格，充满古朴与神秘的气息。,人物\人名\稷.png
節並,人物,人名,山海經十八卷,宋淳熙七年（1180）池陽郡齋刻本,"炎居生節並,節並生戯器,",prompt：炎居之子，节并，身着古朴的长袍，面容威严而慈祥，手持一卷古老的经书，站在一片神秘的山林之中。他的身旁环绕着淡淡的光芒，象征着智慧与传承。背景是连绵起伏的山脉和茂密的森林，画面采用传统中国美学的彩色水墨风格，展现出一种古老而神秘的氛围。,人物\人名\節並.png
據比,人物,人名,山海經十八卷,宋淳熙七年（1180）池陽郡齋刻本,"其爲人折頸,被髮,無一手,",prompt: 據比，其为人折颈，被发，无一手。请以古代插画风格和传统中国美学的彩色水墨风格绘制，人物形象为折颈状态，头发散乱披肩，缺少一只手，面容憔悴但不失威严，背景为山海经中的神秘山水，色彩以淡雅为主，突出人物的神秘与传奇色彩。,人物\人名\據比.png
均國,人物,人名,山海經十八卷,宋淳熙七年（1180）池陽郡齋刻本,"禹生均國,均國生役釆,",prompt: 一位古代的智者，名为均国，身穿传统的汉服长袍，头戴高冠，面容慈祥而智慧。他站在一片古老的中国山水之间，背景是淡雅的水墨画风格，山峦起伏，云雾缭绕。均国手持一卷竹简，身旁有一名年轻的弟子役釆，正恭敬地聆听他的教诲。画面整体色调柔和，以淡墨和浅色为主，展现出一种宁静而深远的氛围。,人物\人名\均國.png
吉光,人物,人名,山海經十八卷,宋淳熙七年（1180）池陽郡齋刻本,"奚仲生吉光,是始以木為車,",prompt: 奚仲之子吉光，始以木为车，画面中吉光身着古朴的服饰，正专注地在制作木制车辆，周围是简陋但充满智慧的工作环境，背景是中国古代的山水，采用传统中国美学的彩色水墨风格，色彩淡雅，线条流畅。,人物\人名\吉光.png
季格,人物,人名,山海經十八卷,宋淳熙七年（1180）池陽郡齋刻本,"女虔生季格,季格生壽麻,",prompt: 一位古代女子，名为季格，她是女虔的女儿，壽麻的母亲。她身着华丽的古代服饰，长发披肩，面容温柔而端庄。背景为古色古香的宫殿，周围环绕着祥云和仙鹤，展现出一种古典而神秘的氛围。画面采用传统中国美学的彩色水墨风格，色彩柔和且富有层次感。,人物\人名\季格.png
伯陵,人物,人名,山海經十八卷,宋淳熙七年（1180）池陽郡齋刻本,"炎帝之孫伯陵,伯陵同吴權之妻阿女縁婦,",prompt: 伯陵，炎帝之孙，与吴权之妻阿女缘妇私通，形象为古代英俊青年，身着华丽的古装长袍，头戴冠冕，面容英气逼人。背景为古代宫廷花园，周围有古典建筑和精致的园林景观，整体画面采用传统中国美学的彩色水墨风格，色彩柔和而富有层次感，展现出浓郁的古典气息。,人物\人名\伯陵.png
季釐,人物,人名,山海經十八卷,宋淳熙七年（1180）池陽郡齋刻本,"食獸,帝俊生季釐,",prompt: 中国古代神话人物季釐，帝俊之子，形象为一位英武的青年，身穿华丽的古代服饰，手持长剑，站在山林之间，周围有各种奇珍异兽环绕，背景是雄伟的山脉和苍翠的森林，整体风格参考古代插画和传统中国美学的彩色水墨风格。,人物\人名\季釐.png
教民,人物,人名,山海經十八卷,宋淳熙七年（1180）池陽郡齋刻本,,prompt: 中国传统水墨画风格，教民，古代贤者形象，身着古朴长袍，面容慈祥，手持竹简，站在山间，背景是云雾缭绕的山峦，色彩以淡雅为主，展现出一种宁静而智慧的氛围。,人物\人名\教民.png
靖人,人物,人名,山海經十八卷,宋淳熙七年（1180）池陽郡齋刻本,,prompt: 古典中国风彩色水墨画，靖人，古代传说中的矮小民族，身着古朴的麻布衣裳，面容和善，生活在山林之间，周围是茂密的树木和清澈的小溪，画面充满宁静和谐的氛围，参考《山海经》中的描述，展现出传统中国美学。,人物\人名\靖人.png
菌人,人物,人名,山海經十八卷,宋淳熙七年（1180）池陽郡齋刻本,"小人,",prompt: 菌人，小人，身高仅一尺，面容稚嫩，身穿古朴麻衣，手持细长竹杖，脚踏轻盈草鞋，眼神灵动好奇，背景为远古山林，色彩以淡雅的水墨为主，辅以细腻的彩色点缀，展现出传统中国美学的韵味。,人物\人名\菌人.png
繼無民,人物,人名,山海經十八卷,宋淳熙七年（1180）池陽郡齋刻本,"任姓,無骨子,食氣魚,",prompt: 任姓无骨子，名为繼無民，身姿轻盈如云，面容清秀脱俗，衣着古朴典雅，仿佛与世隔绝的仙人。他以食气鱼为生，周围环绕着淡淡的雾气和游动的鱼群，背景是山海经中描绘的奇幻山水，采用传统中国美学的彩色水墨风格绘制。,人物\人名\繼無民.png
夸父,人物,人名,山海經十八卷,宋淳熙七年（1180）池陽郡齋刻本,,prompt: 古代神话人物夸父，身穿兽皮衣，手持桃木杖，奔跑在大地上追赶太阳，身后是连绵的山川和广阔的草原，天空中太阳高悬，光芒万丈，整个画面采用传统中国美学的彩色水墨风格，展现出夸父追日的壮丽场景。,人物\人名\夸父.png
昆吾,人物,人名,山海經十八卷,宋淳熙七年（1180）池陽郡齋刻本,,prompt: 昆吾，古代铸剑大师，身着古朴长袍，手持一柄流光溢彩的宝剑，背景为山川云雾缭绕，采用传统中国美学的彩色水墨风格，画面中融入青铜器纹饰元素，展现远古神秘氛围。,人物\人名\昆吾.png
靈,人物,人名,山海經十八卷,宋淳熙七年（1180）池陽郡齋刻本,,prompt: 一个名为靈的神秘人物，身着古代汉服，长发飘逸，面容清秀，眼神深邃。背景为山林间，云雾缭绕，古树参天。整体风格参考古代插画，采用传统中国美学的彩色水墨风格，色彩淡雅，线条流畅。,人物\人名\靈.png
梁父,人物,人名,山海經十八卷,宋淳熙七年（1180）池陽郡齋刻本,,prompt: 一位身着古朴长袍的老者，站在山巅之上，面容慈祥而威严，手中握着一卷古老的竹简，背后是连绵起伏的山脉，云雾缭绕，仿佛整个天地都在他的脚下。画面采用传统中国美学的彩色水墨风格，色彩淡雅，线条流畅，展现出一种超脱尘世的意境。,人物\人名\梁父.png
白民,人物,人名,山海經十八卷,宋淳熙七年（1180）池陽郡齋刻本,"帝鴻生白民,白民銷姓,黍食,使四鳥虎豹熊羆,",prompt: 《山海经》中的白民，帝鴻之子，身穿白色长袍，面容清秀，手持一束黍穗，身旁有四只鸟儿飞翔，分别是鹤、孔雀、凤凰和大鹏，周围还有虎豹熊罴四种猛兽环绕，背景为古代山水，风格参考传统中国彩色水墨画。,人物\人名\白民.png
白犬,人物,人名,山海經十八卷,宋淳熙七年（1180）池陽郡齋刻本,"白犬有牝牡,是為犬戎,肉食,",prompt: 白犬，人名，形象为犬戎族的首领，具有半人半犬的特征，身体覆盖着白色的毛发，拥有锐利的犬齿和爪子，穿着兽皮制成的衣物，手持长矛，眼神中透露出野性和智慧。背景为荒凉的草原，远处有犬戎族的帐篷和猎物。画面采用传统中国美学的彩色水墨风格，线条流畅，色彩淡雅，充满神秘而古老的氛围。,人物\人名\白犬.png
巴人,人物,人名,山海經十八卷,宋淳熙七年（1180）池陽郡齋刻本,,prompt: 一位古代巴人，身着传统服饰，头戴羽冠，手持长矛，站在山林之间。背景是茂密的森林和蜿蜒的河流，画面采用彩色水墨风格，展现了巴人勇猛而神秘的形象。,人物\人名\巴人.png
靈恝,人物,人名,山海經十八卷,宋淳熙七年（1180）池陽郡齋刻本,"炎帝之孫名曰靈恝,靈恝生互人,",prompt：炎帝之孙灵恝，身穿古朴的华服，头戴玉冠，面容英俊而威严。他站在一片祥云之上，手持一卷古老的竹简，身后是连绵的山脉和流淌的江河，象征着他的智慧与力量。画面采用传统中国美学的彩色水墨风格，色彩淡雅，线条流畅，展现出一种古典而神秘的美感。,人物\人名\靈恝.png
老童,人物,人名,山海經十八卷,宋淳熙七年（1180）池陽郡齋刻本,"顓頊生老童,老童生祝融,",prompt: 顓頊生老童，老童生祝融，描绘一位古代神话中的长者形象，面容慈祥，长须飘逸，身着传统汉服，手持一卷古籍。背景为云雾缭绕的山川，远处可见祝融的火光，画面采用彩色水墨风格，融合古代插画元素，展现古老而神秘的氛围。,人物\人名\老童.png
（釘靈之國）民,人物,人名,山海經十八卷,宋淳熙七年（1180）池陽郡齋刻本,"從膝已下有毛,馬蹄善走,",prompt: 釘靈之國的居民，下半身膝盖以下长有浓密的毛发，脚呈马蹄状，擅长快速行走。画面采用传统中国美学的彩色水墨风格，背景为山海经中的奇幻山林，人物形象生动传神，充满神秘感。,人物\人名\（釘靈之國）民.png
苗龍,人物,人名,山海經十八卷,宋淳熙七年（1180）池陽郡齋刻本,"黄帝生苗龍,苗龍生融吾,",prompt: 中国古代神话人物苗龍，黄帝之子，形象威严而庄重，身穿华丽的古代服饰，头戴冠冕，手持象征权力的玉圭。背景为神秘的山海景象，融合了传统中国美学的彩色水墨风格，画面中融入了象征皇权和自然和谐的元素，如龙纹、云雾、山水等，展现出苗龍作为黄帝后代的尊贵身份和与自然界的紧密联系。,人物\人名\苗龍.png
毛民,人物,人名,山海經十八卷,宋淳熙七年（1180）池陽郡齋刻本,"依姓,食黍,使四鳥,脩鞈殺綽人帝念之潜爲之國,",prompt: 一个名叫毛民的人，他依姓而居，以黍为食，能够驱使四种鸟类。他的形象是一位古代的智者，身穿传统的汉服，手持一根长杖，杖上栖息着四种不同的鸟：一只凤凰、一只孔雀、一只鹦鹉和一只鹤。毛民站在一片茂密的森林中，周围是各种奇花异草，远处可以看到一座古老的宫殿。整个画面采用传统中国美学的彩色水墨风格，色彩鲜艳而不失古朴，充满神秘与和谐之美。,人物\人名\毛民.png
苗民,人物,人名,山海經十八卷,宋淳熙七年（1180）池陽郡齋刻本,"有翼,驩頭生苗民,厘姓,食肉,",prompt: 有翼的苗民，驩頭生苗民，厘姓，食肉。形象为半人半鸟，拥有翅膀和人类的身体，头戴羽毛装饰，身穿古代服饰，手持长矛，表情凶猛，背景为山林，色彩以水墨为主，融入传统中国美学风格。,人物\人名\苗民.png
（夘民之國）民,人物,人名,山海經十八卷,宋淳熙七年（1180）池陽郡齋刻本,"皆生夘,",prompt：古代中国神话中的夘民国人，皆生夘，形象为半人半兔，人身兔耳，面容温和，身穿传统汉服，手持竹简，背景为山海经描绘的神秘山川，画面采用彩色水墨风格，色彩淡雅，线条流畅，充满传统中国美学。,人物\人名\（夘民之國）民.png
不死民,人物,人名,山海經十八卷,宋淳熙七年（1180）池陽郡齋刻本,"在其（交脛國）東,其爲人黒色,壽不死,一曰在穿匈國東,",prompt: 不死民，黑色皮肤，长生不老，位于交胫国之东或穿匈国之东，身穿古代服饰，周围环绕着神秘的光芒和仙气，背景为山海经中的奇异山水，采用传统中国美学的彩色水墨风格。,人物\人名\不死民.png
孟涂,人物,人名,山海經十八卷,宋淳熙七年（1180）池陽郡齋刻本,"夏後啟之臣,是司神于巴人,請訟于孟塗之所,其衣有血者乃執之,是請生,居山上在丹山西,",prompt: 一位古代巴人的司神，孟涂，身穿华丽的祭司长袍，袍上隐约可见血迹。他站在丹山西的一座山上，周围是茂密的森林和险峻的山峰。背景中可以看到远处的丹山，山色如血，夕阳映照下显得格外壮丽。孟涂手持一把象征权力的权杖，面容严肃而庄重，眼神坚定地注视着前方。整个画面采用传统的中国彩色水墨风格，线条流畅，色彩古朴，充满了神秘而庄严的氛围。,人物\人名\孟涂.png
淖,人物,人名,山海經十八卷,宋淳熙七年（1180）池陽郡齋刻本,"韓流取淖子曰阿女生帝顓頊,",prompt: 古代神话人物，淖，韩流之妻，阿女生母，帝颛顼之母，形象为端庄贤淑的古代女子，身着华丽的传统汉服，服饰上绣有精美的云纹和龙凤图案，头戴珠翠首饰，面容慈祥，眼神温柔，背景为古代宫廷场景，采用传统中国美学的彩色水墨风格绘制。,人物\人名\淖.png
女丑,人物,人名,山海經十八卷,宋淳熙七年（1180）池陽郡齋刻本,,prompt: 一位古代女子，名为女丑，身穿传统汉服，服饰以深色为主，头戴简单的发饰。她站在一片荒凉之地，周围是枯萎的树木和干涸的土地，天空呈现出灰暗的色调。她的表情显得忧郁而坚定，手中握着一把破旧的扇子。整体画面采用彩色水墨风格，展现出一种古朴而神秘的氛围。,人物\人名\女丑.png
（犬封國）女子,人物,人名,山海經十八卷,宋淳熙七年（1180）池陽郡齋刻本,"方跪,進柸食,",prompt: 古代神话中的犬封国女子，方跪姿态，双手恭敬地呈上一杯食物，面容温婉，身穿华丽的传统服饰，背景为古朴典雅的宫殿内景，画面采用传统中国美学的彩色水墨风格，色彩柔和，线条流畅。,人物\人名\（犬封國）女子.png
女祭,人物,人名,山海經十八卷,宋淳熙七年（1180）池陽郡齋刻本,"在其（竒肱之國）北,居兩水間,祭操爼,",prompt: 女祭，一位神秘的女性形象，居住在竒肱之国以北，位于两条河流之间。她手持祭祀用的俎器，面容庄重而肃穆，身着古代汉服，衣袂飘逸，长发披肩。背景是幽静的山林与潺潺流水，色彩以传统中国水墨画风格为主，色调淡雅，线条流畅，展现出一种古朴而神秘的氛围。,人物\人名\女祭.png
弄明,人物,人名,山海經十八卷,宋淳熙七年（1180）池陽郡齋刻本,"融吾生弄明,弄明生白犬,",prompt: 中国传统彩色水墨风格，画面中央是古代神话人物弄明，他身穿古朴的长袍，面容慈祥而智慧。周围环绕着他的后代白犬，这些白犬形态各异，有的嬉戏玩耍，有的安静地躺在地上，表现出一种和谐与宁静的氛围。背景是山川河流，云雾缭绕，展现出一幅充满神秘与诗意的景象。,人物\人名\弄明.png
女薎,人物,人名,山海經十八卷,宋淳熙七年（1180）池陽郡齋刻本,,prompt：女薎，一位神秘的古代女子，身着华丽的汉服，长发如瀑，眼神温柔而深邃。她手持一把精致的折扇，站在一片盛开的桃花林中，花瓣随风飘落，增添了几分诗意。背景是远山和云雾缭绕的仙境，整体画面呈现出一种古典而梦幻的氛围，色彩以淡雅的水墨色调为主，点缀着几抹鲜艳的红色和绿色，展现出传统中国美学的独特魅力。,人物\人名\女薎.png
女虔,人物,人名,山海經十八卷,宋淳熙七年（1180）池陽郡齋刻本,"州山女,女虔生季格,",prompt: 州山女虔，身着古朴的长裙，头戴花环，手持竹篮，面容慈祥，站在州山之巅，背景是苍翠的山林和清澈的溪流，身旁围绕着各种山间小动物，画面采用传统中国美学的彩色水墨风格，色彩淡雅，线条流畅。,人物\人名\女虔.png
女戚,人物,人名,山海經十八卷,宋淳熙七年（1180）池陽郡齋刻本,"在其（竒肱之國）北,居兩水間,戚操魚䱉,",prompt：女戚，来自《山海经》中的竒肱之国北部，居住在两河之间。她手持鱼竿，正在河边垂钓。画面采用传统中国美学的彩色水墨风格，背景为宁静的河流和远处的山峦，女戚身着古朴的服饰，面容温婉，展现出一种恬静而和谐的氛围。,人物\人名\女戚.png
鳥氏,人物,人名,山海經十八卷,宋淳熙七年（1180）池陽郡齋刻本,"鳥首,",prompt: 鳥氏，鸟首人身，面容为一只精美的翠鸟，羽毛色彩斑斓，眼睛炯炯有神。身穿古代汉服，衣袂飘飘，手持一根青竹杖，背景为远古山林，树木葱郁，云雾缭绕，画面风格参考古代插画和传统中国彩色水墨风格。,人物\人名\鳥氏.png
南岳,人物,人名,山海經十八卷,宋淳熙七年（1180）池陽郡齋刻本,"南岳娶州山女,",prompt: 南岳娶州山女，画面中南岳身穿古代汉族传统服饰，头戴冠帽，面容英俊，正与州山女举行婚礼。州山女身着华丽的红色婚服，头戴珠翠，面带微笑，两人手牵手站在山水之间，周围是祥云环绕，远处是连绵起伏的山脉，近处是清澈的小溪和盛开的花朵，整个场景充满喜庆和祥和的氛围，色彩以传统中国水墨画风格为主，细节精致，富有诗意。,人物\人名\南岳.png
番禺,人物,人名,山海經十八卷,宋淳熙七年（1180）池陽郡齋刻本,"滛梁生番禺,是始爲舟,番禺生奚仲,",prompt: 古代神话人物番禺，身穿古代服饰，手持木制工具，正在专心致志地制作一艘古老的木舟。背景是远古时期的自然环境，山川秀美，树木葱郁。画面采用传统中国美学的彩色水墨风格，线条流畅，色彩淡雅，展现出一种宁静而神秘的氛围。,人物\人名\番禺.png
巧倕,人物,人名,山海經十八卷,宋淳熙七年（1180）池陽郡齋刻本,"葬其（不距之山）西,",prompt：巧倕，葬于不距之山西侧，形象为古代工匠，身着传统汉服，手持木工工具，面容慈祥智慧。背景为不距之山的雄伟山峦，山间云雾缭绕，古树参天。画面采用传统中国美学的彩色水墨风格，色彩淡雅，线条流畅，展现出一种宁静而庄重的氛围。,人物\人名\巧倕.png
犬戎,人物,人名,山海經十八卷,宋淳熙七年（1180）池陽郡齋刻本,"弄明生白犬,白犬有牝牡,是爲犬戎,肉食,",prompt: 古代神话中的犬戎，由弄明所生的白犬幻化而成，形象为半人半犬，上身为人形，下身为犬形，身穿兽皮衣，手持长矛，表情凶猛。背景为荒野山林，色彩以水墨画风格为主，色调偏冷，突出其野性和神秘感。,人物\人名\犬戎.png
（氐人國）人,人物,人名,山海經十八卷,宋淳熙七年（1180）池陽郡齋刻本,"人靣,魚身,無足,",prompt：氐人国之人，人面鱼身无足，形象融合了人类的面部特征与鱼类的身体结构，面部表情宁静祥和，鱼身覆盖着细腻的鳞片，在水中自由游弋。整体画面采用传统中国美学的彩色水墨风格，色彩以淡雅为主，背景为清澈见底的河流，周围点缀着水草和莲花，营造出一种神秘而和谐的氛围。,人物\人名\（氐人國）人.png
（無䏿之國）人,人物,人名,山海經十八卷,宋淳熙七年（1180）池陽郡齋刻本,"無䏿,",prompt: 无䏿之国的人，没有肋骨，身体柔软如蛇，面容祥和，穿着古朴的麻布衣裳，背景为山海经中的奇异山水，风格参考古代插画和传统中国彩色水墨画。,人物\人名\（無䏿之國）人.png
（柔利國）人,人物,人名,山海經十八卷,宋淳熙七年（1180）池陽郡齋刻本,"一手,一足,反膝曲足居上,",prompt：柔利国之人，身体奇特，仅有一手一足，膝盖反向弯曲，脚掌朝上。请以古代中国插画风格绘制，采用传统彩色水墨技法，展现出其独特的身体构造和神秘的气质。背景可选用山海经中常见的奇幻山水，增添神话色彩。,人物\人名\（柔利國）人.png
（留利之國）人,人物,人名,山海經十八卷,宋淳熙七年（1180）池陽郡齋刻本,"足反折,",prompt: 古代留利之国的人，足部反折向后，身着传统服饰，面容祥和，背景为山海经中的奇异山水，画面采用彩色水墨风格，展现出浓郁的中国传统美学。,人物\人名\（留利之國）人.png
（深目國）人,人物,人名,山海經十八卷,宋淳熙七年（1180）池陽郡齋刻本,"舉一手,一目,",prompt: 深目国之人，举一手，一目，面容奇异，独眼炯炯有神，身着古朴长袍，衣袂飘逸，背景为山海经中的神秘山水，色彩采用传统中国美学的彩色水墨风格，画面充满神话气息。,人物\人名\（深目國）人.png
（無膓之國）人,人物,人名,山海經十八卷,宋淳熙七年（1180）池陽郡齋刻本,"長,無膓,",prompt: 无肠之国的人，身形修长，腹部平坦无肠胃，面容清瘦，穿着古老的服饰，背景为山海经中描绘的奇异山水，采用彩色水墨风格，画面充满神秘与古朴的气息。,人物\人名\（無膓之國）人.png
（聶耳之國）人,人物,人名,山海經十八卷,宋淳熙七年（1180）池陽郡齋刻本,"使兩文虎,兩手聶其耳,",prompt: 聶耳之國的人，身穿古朴的长袍，头戴传统的冠帽，面容庄重而神秘。他正站在一片古老森林中，双手各握着一只文虎的耳朵，文虎身上有着精美的纹饰，显得威武而祥和。整个画面采用传统中国美学的彩色水墨风格，色彩淡雅，线条流畅，背景是朦胧的山川与云雾，营造出一种幽远而神秘的氛围。,人物\人名\（聶耳之國）人.png
（愽父國）人,人物,人名,山海經十八卷,宋淳熙七年（1180）池陽郡齋刻本,"大,右手操青蛇,左手操黄蛇,",prompt：博父国之人，体型庞大，右手握着一条青色的蛇，左手握着一条黄色的蛇，形象威严而神秘。请以古代插画风格和传统中国美学的彩色水墨风格描绘，背景为山川河流，天空中飘浮着祥云。人物衣着古朴，面容刚毅，展现出一种古老而庄重的气息。,人物\人名\（愽父國）人.png
（跂踵國）人,人物,人名,山海經十八卷,宋淳熙七年（1180）池陽郡齋刻本,"犬,两足亦大,",prompt: 犬形人，两足特别大，站立姿态，穿着古代服饰，背景为山水画风格的自然景观，整体采用彩色水墨风格，参考《山海经》中的跂踵国描述。,人物\人名\（跂踵國）人.png
（結匈國）人,人物,人名,山海經十八卷,宋淳熙七年（1180）池陽郡齋刻本,"其爲人結匈,",prompt：结匈国之人，其为人胸骨突出，身形瘦削，面容清癯，衣着古朴，服饰以麻布为主，色彩淡雅。背景为山海经中描绘的古老村落，房屋简陋，环境荒凉，远处是连绵起伏的山脉，天空灰蒙蒙，透露出一种神秘而苍凉的氛围。整体风格参考古代插画和传统中国美学的彩色水墨风格。,人物\人名\（結匈國）人.png
（羽民國）人,人物,人名,山海經十八卷,宋淳熙七年（1180）池陽郡齋刻本,"長頭,身生羽,",prompt：长头羽民国人，头部修长，身体覆盖着五彩斑斓的羽毛，面容祥和，身姿轻盈，仿佛随时可以飞翔于天际，背景为山海经中描绘的奇幻山水，画面采用传统中国彩色水墨风格，色彩丰富而柔和。,人物\人名\（羽民國）人.png
（讙頭國）人,人物,人名,山海經十八卷,宋淳熙七年（1180）池陽郡齋刻本,"人靣,有翼,鳥喙,方捕魚,",prompt: 人面有翼鸟喙的讙頭國人，正在捕鱼，形象参考古代插画风格和传统中国美学的彩色水墨风格，背景为山海经中的奇幻山水，人物动作生动，色彩淡雅，线条流畅。,人物\人名\（讙頭國）人.png
（三苗國）人,人物,人名,山海經十八卷,宋淳熙七年（1180）池陽郡齋刻本,"相隨,",prompt: 三苗國人，古代部落的居民，身着传统服饰，服饰上绣有图腾和自然元素图案，面容坚毅，眼神中透露出对自由和土地的热爱。他们相随而行，彼此间充满信任与团结，背景为茂密的森林和蜿蜒的河流，画面采用彩色水墨风格，展现出浓厚的传统中国美学。,人物\人名\（三苗國）人.png
（臷國）人,人物,人名,山海經十八卷,宋淳熙七年（1180）池陽郡齋刻本,"黄,能操弓射蛇,",prompt: 一个来自《山海经》的臷国之人，身穿黄色传统服饰，手持弓箭，正准备射向一条盘踞在地上的蛇。画面采用彩色水墨风格，背景是古代山水和树木，人物动作生动有力，展现出一种古老而神秘的气息。,人物\人名\（臷國）人.png
（貫匈國）人,人物,人名,山海經十八卷,宋淳熙七年（1180）池陽郡齋刻本,"匈有竅,",prompt：贯匈国人，其胸有孔窍，形象奇特，身着古朴服饰，面容肃穆。背景为古代山水，采用传统中国美学的彩色水墨风格，画面中透露出神秘而古老的氛围。,人物\人名\（貫匈國）人.png
（交脛國）人,人物,人名,山海經十八卷,宋淳熙七年（1180）池陽郡齋刻本,"交脛,",prompt: 交胫国之人，双腿自膝盖以下交叉而生，行走时需跳跃前行。他们身着古代服饰，色彩以青、蓝为主，背景为山海经中的奇幻山水，采用传统中国美学的彩色水墨风格绘制。,人物\人名\（交脛國）人.png
（大人國）人,人物,人名,山海經十八卷,宋淳熙七年（1180）池陽郡齋刻本,"大,坐而削舡,",prompt: 一个巨大的人坐在地上，手中拿着一把大刀正在削制一只小船，他的身体巨大到几乎占据了整个画面，背景是远古的山川和森林。画面采用传统的中国彩色水墨风格，色彩淡雅，线条流畅。,人物\人名\（大人國）人.png
（君子國）人,人物,人名,山海經十八卷,宋淳熙七年（1180）池陽郡齋刻本,"衣冠,帶劒,食獸,使二大虎在旁,其人好讓不争,",prompt: 古代君子国人物，身穿华丽的衣冠，腰间佩戴着宝剑，身旁有两只大虎相伴。此人性格温和谦让，不与人争斗，画面采用传统中国美学的彩色水墨风格，背景为山林和古木，展现出一种宁静和谐的氛围。,人物\人名\（君子國）人.png
（牛㴝之國）人,人物,人名,山海經十八卷,宋淳熙七年（1180）池陽郡齋刻本,"無骨,儋耳之子,",prompt: 无骨儋耳之子，牛㴝之国的居民，他身体柔软如水，没有骨骼支撑，面容温和，耳朵上挂着巨大的耳环，穿着古代朴素的服饰，背景是水墨风格的山水，色彩淡雅，充满神秘感。,人物\人名\（牛㴝之國）人.png
（三首國）人,人物,人名,山海經十八卷,宋淳熙七年（1180）池陽郡齋刻本,"一身,三首,",prompt: 一身三首的神秘人物，三个头颅各自面向不同的方向，面容各异，有的表情平静，有的则显得凶猛。他们身穿古代服饰，衣袍随风飘动，色彩斑斓且富有层次感。背景是山海经中的奇幻山水，云雾缭绕，古木参天。整体风格参考古代插画和传统中国美学的彩色水墨风格。,人物\人名\（三首國）人.png
（周饒國）人,人物,人名,山海經十八卷,宋淳熙七年（1180）池陽郡齋刻本,"短小,冠帶,",prompt: 《山海经》中周饒國人，身材短小，头戴古代冠冕，身穿传统服饰，腰间系有玉带，面容和善，手持竹简，背景为古朴的山水画卷，采用彩色水墨风格，展现传统中国美学。,人物\人名\（周饒國）人.png
（天毒）人,人物,人名,山海經十八卷,宋淳熙七年（1180）池陽郡齋刻本,"水居,偎人愛之,",prompt: 水中居住的天毒人，他们与人类友好相处，画面展现他们在水中和岸边的生活场景，色彩以淡雅的水墨风格为主，人物形象温婉可亲，背景是清澈的河流和绿意盎然的自然环境，整体氛围宁静和谐。,人物\人名\（天毒）人.png
（黒齒國）人,人物,人名,山海經十八卷,宋淳熙七年（1180）池陽郡齋刻本,"爲人黒,食稲,啖蛇一赤一青在其旁,",prompt: 黑齿国之人，皮肤黝黑，身穿传统服饰，手持稻穗正在进食，身旁有一红一青两条蛇相伴，背景为山海经中的神秘森林，采用古代插画风格和传统中国美学的彩色水墨风格。,人物\人名\（黒齒國）人.png
（雨師妾）人,人物,人名,山海經十八卷,宋淳熙七年（1180）池陽郡齋刻本,"其爲人黒,两手各操一蛇,左耳有青蛇,右耳有赤蛇,",prompt: 一个名为雨师妾的人，其形象为黑色皮肤，双手各持一条蛇，左耳挂有一条青色的蛇，右耳挂有一条红色的蛇。画面采用古代插画风格，结合传统中国美学的彩色水墨风格，背景为神秘而幽静的山林，色彩以深蓝和墨绿为主，营造出一种古老而神秘的氛围。,人物\人名\（雨師妾）人.png
（張弘之國）人,人物,人名,山海經十八卷,宋淳熙七年（1180）池陽郡齋刻本,"食魚,使四鳥,鳥喙,有翼,方捕魚於海,",prompt: 张弘之国的人，食鱼，使四鸟，鸟喙，有翼，方捕鱼于海。画面中，张弘之国的人身着古朴的服饰，头部和手臂上长有羽毛，拥有鸟喙和翅膀，正在海边捕鱼。四周环绕着四只不同种类的鸟类，它们各自展示出独特的羽毛和姿态。背景是波涛汹涌的大海和远处朦胧的山峦，整体采用传统中国彩色水墨风格，色彩淡雅而富有层次感。,人物\人名\（張弘之國）人.png
（玄股之國）人,人物,人名,山海經十八卷,宋淳熙七年（1180）池陽郡齋刻本,"衣魚,食䳼,使两鳥夾之,",prompt: 玄股之国的人，穿着鱼皮制成的衣服，食物是名为䳼的鸟，身旁有两只鸟陪伴，整体画面采用古代插画风格和传统中国美学的彩色水墨风格，背景为远古时期的山林，色彩以淡雅为主，人物表情平静祥和，细节丰富，构图和谐。,人物\人名\（玄股之國）人.png
（毛民之國）人,人物,人名,山海經十八卷,宋淳熙七年（1180）池陽郡齋刻本,"身生毛,",prompt：毛民之国的人，身生浓密的毛发，面容温和，身穿简朴的兽皮衣物，手持木制工具，背景为山海经中描述的神秘森林，风格参考古代插画和传统中国美学的彩色水墨风格。,人物\人名\（毛民之國）人.png
（勞民國）人,人物,人名,山海經十八卷,宋淳熙七年（1180）池陽郡齋刻本,"其爲人黒,或曰教民,",prompt: 劳民国人，其为人黑，或曰教民，形象为肤色黝黑的古代居民，身着简朴的麻布衣裳，手持农具，面带淳朴笑容，背景为远古时期的田野和简陋的茅草屋，采用传统中国美学的彩色水墨风格，色彩以淡雅为主，线条流畅自然。,人物\人名\（勞民國）人.png
（竒肱之國）人,人物,人名,山海經十八卷,宋淳熙七年（1180）池陽郡齋刻本,"一臂,三目有隂有陽,乗文馬,",prompt：一臂三目的竒肱之國人，其左眼为阳，右眼为阴，中眼明亮如星辰；身着华丽的古代服饰，乘骑一匹色彩斑斓、带有神秘符文的骏马，背景为山海经中的奇幻山水，采用传统中国美学的彩色水墨风格绘制。,人物\人名\（竒肱之國）人.png
（梟陽國）人,人物,人名,山海經十八卷,宋淳熙七年（1180）池陽郡齋刻本,"人靣,長唇,黒身,有毛,反踵,見人笑亦笑,左手操管,",prompt: 人面，长唇，黑身，有毛，反踵，见人笑亦笑，左手操管，古代插画风格，传统中国美学的彩色水墨风格，背景为山林，人物形象生动传神，线条流畅，色彩鲜明，充满神秘感和古老气息。,人物\人名\（梟陽國）人.png
（丈夫國）人,人物,人名,山海經十八卷,宋淳熙七年（1180）池陽郡齋刻本,"衣冠,帶劔,",prompt: 丈夫国之人，身着华丽衣冠，腰间佩戴长剑，面容刚毅，眼神坚定，背景为山海经中的奇幻山水，采用传统中国美学的彩色水墨风格，画面中融入古代插画元素，展现古朴而神秘的氛围。,人物\人名\（丈夫國）人.png
柔僕民,人物,人名,山海經十八卷,宋淳熙七年（1180）池陽郡齋刻本,"是維嬴土之國,",prompt: 柔僕民，维嬴土之国的居民，他们生活在一片肥沃的土地上，穿着古朴的服饰，以农耕为生。画面中，柔僕民们在田野间辛勤劳作，背景是连绵起伏的山峦和清澈的小溪，天空中飘着几朵白云，整个场景充满了宁静和谐的氛围。采用古代插画风格，传统中国美学的彩色水墨风格，展现柔僕民与自然和谐共处的生活场景。,人物\人名\柔僕民.png
融吾,人物,人名,山海經十八卷,宋淳熙七年（1180）池陽郡齋刻本,"苗龍生融吾,融吾生弄明,",prompt: 苗族传说中的融吾，身穿传统苗族服饰，头戴银饰，手持长笛，站在山间云雾缭绕之处。背景是苍翠的山峦和清澈的溪流，色彩以淡雅的水墨风格为主，融合了丰富的彩色元素，展现出一种神秘而宁静的氛围。,人物\人名\融吾.png
戎宣王尸,人物,人名,山海經十八卷,宋淳熙七年（1180）池陽郡齋刻本,"赤獸,馬狀,無首,",prompt: 戎宣王尸，赤兽，马状，无首，身披烈焰般的红毛，四蹄生风，奔跑时仿佛火焰在草原上蔓延，背景为远古山川，天空中飘着淡淡的云彩，整体风格参考古代插画和传统中国美学的彩色水墨风格。,人物\人名\戎宣王尸.png
殳,人物,人名,山海經十八卷,宋淳熙七年（1180）池陽郡齋刻本,"縁婦孕三年是生𡔷延殳始爲侯,",prompt：縁婦孕三年是生𡔷延殳始爲侯，画面描绘一位古代女子怀孕三年后诞下名为殳的婴儿，婴儿周围环绕着祥云和神兽，象征其非凡的诞生。背景为古老的宫殿，采用传统中国美学的彩色水墨风格，展现出浓厚的神话色彩。人物服饰华丽，细节精致，整体氛围庄重而神秘。,人物\人名\殳.png
少皡,人物,人名,山海經十八卷,宋淳熙七年（1180）池陽郡齋刻本,"少皡生般,",prompt: 少皡，身穿华丽的古代帝王服饰，头戴冠冕，手持玉圭，面容威严而慈祥。身旁有一只凤凰，象征其与神鸟的关系。背景为古代宫殿，彩云缭绕，充满神秘气息。画面采用传统中国美学的彩色水墨风格，色彩鲜艳而不失古朴典雅。,人物\人名\少皡.png
竪亥,人物,人名,山海經十八卷,宋淳熙七年（1180）池陽郡齋刻本,"帝命竪亥歩自東極至于西極,五億十選九千八百歩,竪亥右手把筭,左手指青丘北,一曰禹令竪亥,一曰五億十萬九千八百歩,",prompt: 竪亥，古风人物，身着古代服饰，手持算筹，左手指向青丘北方向，背景为山海经中的东极至西极的壮丽景象，五彩水墨风格，细腻而富有诗意，展现其丈量天地的伟岸形象。,人物\人名\竪亥.png
少昊之子,人物,人名,山海經十八卷,宋淳熙七年（1180）池陽郡齋刻本,"一目當面中生,一曰是威姓,食黍,",prompt: 一目当面中生的少昊之子，威姓，食黍，形象为一位神秘而庄重的古代贵族，面容俊美，额头正中长有一只眼睛，眼神深邃且充满智慧。他身着华丽的古代服饰，服饰上绣有象征权力与尊贵的图案，手持一把精致的玉圭，展现出其高贵的身份。背景为古朴典雅的宫殿，四周环绕着茂盛的黍田，画面采用传统中国美学的彩色水墨风格，色彩丰富而柔和，展现出浓厚的文化氛围。,人物\人名\少昊之子.png
氷夷,人物,人名,山海經十八卷,宋淳熙七年（1180）池陽郡齋刻本,"人靣,乗两龍,",prompt: 氷夷，人面乘两龙，形象源自《山海经》，描绘一位面容清秀的人类男子，身着古代服饰，双手分别握着两条蜿蜒盘旋的青色巨龙的缰绳。背景为云雾缭绕的仙境，色彩以淡雅的水墨风格为主，辅以传统中国画的细腻笔触，展现出一种神秘而庄严的氛围。,人物\人名\氷夷.png
伯夷父,人物,人名,山海經十八卷,宋淳熙七年（1180）池陽郡齋刻本,"伯夷父生西岳,",prompt: 伯夷父，西岳之神，身着古朴长袍，面容慈祥，立于华山之巅，背景是雄伟的山峦和缭绕的云雾，画面采用传统中国美学的彩色水墨风格，色彩淡雅，线条流畅。,人物\人名\伯夷父.png
始均,人物,人名,山海經十八卷,宋淳熙七年（1180）池陽郡齋刻本,"黄帝之孫曰始均,始均生北狄,",prompt：始均，黄帝之孙，北狄之祖，身穿兽皮衣，头戴羽毛冠，手持长矛，站在苍茫的草原上，背景是辽阔的北方大地，天空中飘着几朵白云，画面采用古代插画风格，色彩以水墨为主，线条流畅，充满传统中国美学韵味。,人物\人名\始均.png
叔均,人物,人名,山海經十八卷,宋淳熙七年（1180）池陽郡齋刻本,,prompt: 叔均，古代农耕之神，身穿粗布衣裳，手持耒耜，面容慈祥，站在金黄色的稻田之中，背景是远山和夕阳，画面采用传统中国美学的彩色水墨风格，展现出浓郁的田园诗意。,人物\人名\叔均.png
士敬,人物,人名,山海經十八卷,宋淳熙七年（1180）池陽郡齋刻本,"鯀妻,士敬子曰炎融,",prompt: 士敬，鲧的妻子，炎融的母亲，身着古代服饰，面容慈祥，眼神温柔，长发用简单的发饰束起，站在古朴的庭院中，周围是传统的中国园林景色，背景为淡雅的水墨山水画风格，色彩以青绿为主，画面充满宁静和谐的氛围。,人物\人名\士敬.png
壽麻,人物,人名,山海經十八卷,宋淳熙七年（1180）池陽郡齋刻本,"季格生壽麻,壽麻正立無景疾呼無嚮,",prompt: 《山海经》中的壽麻，形象为一位正立无影、疾呼无声的神秘人物，他站立时仿佛与周围环境融为一体，没有影子；即使大声呼喊，声音也似乎被某种力量所吸收，没有任何回响。画面采用中国传统彩色水墨风格，背景为古代山水景色，壽麻身着古朴服饰，面容平静而神秘，四周环绕着淡淡的雾气，增添了一种超自然的气息。,人物\人名\壽麻.png
三靣之人,人物,人名,山海經十八卷,宋淳熙七年（1180）池陽郡齋刻本,"有人焉三靣,是顓頊之子,三靣一臂,三靣之人不死,",prompt: 三面之人，颛顼之子，拥有三个面孔和一条手臂，传说中他长生不死。画面中，这位神秘的人物站在古老的山川之间，背景是幽深的山谷与缭绕的云雾，体现出一种超凡脱俗的氛围。他的三个面孔分别朝向不同的方向，每个面孔都表情各异，或威严、或慈祥、或沉思，展现出复杂而多变的性格。他的单臂显得异常强壮有力，仿佛能够撑起天地。整体色彩以传统中国水墨画的淡雅为主，辅以金色线条勾勒出神秘的轮廓，营造出一种古老而庄严的气息。,人物\人名\三靣之人.png
思女,人物,人名,山海經十八卷,宋淳熙七年（1180）池陽郡齋刻本,"司幽生思士,不夫,",prompt: 一位古代女子，名为思女，身着华丽的古装，长发披肩，面容清秀，眼神中流露出淡淡的忧郁。她站在一片幽静的山林之中，周围是茂密的树木和清澈的小溪。背景中有几只飞鸟掠过，增添了几分宁静与神秘感。画面采用传统的中国彩色水墨风格，色彩淡雅，线条流畅，展现出一种古典而优雅的美感。,人物\人名\思女.png
術器,人物,人名,山海經十八卷,宋淳熙七年（1180）池陽郡齋刻本,"共工生術器,術器首方顛,是復土穰以處江水,",prompt: 术器，共工之子，头颅方正而颠倒，身着古朴的衣袍，手持农具，站在江水边，背景是肥沃的土地和古老的村落。画面采用传统中国美学的彩色水墨风格，色彩淡雅，线条流畅，展现出古代神话人物与自然和谐共处的场景。,人物\人名\術器.png
三身,人物,人名,山海經十八卷,宋淳熙七年（1180）池陽郡齋刻本,"帝俊生三身,三身生義均,",prompt: 三身，帝俊之子，形象为一位身穿古代华服的青年，面容俊美，身体两侧各有一个分身，形成三个身影并立的奇特景象。三人皆手持玉珪，象征其高贵身份。背景为古朴典雅的宫殿，四周环绕着祥云与仙鹤，画面采用传统中国美学的彩色水墨风格，色彩淡雅而富有层次感。,人物\人名\三身.png
思士,人物,人名,山海經十八卷,宋淳熙七年（1180）池陽郡齋刻本,"司幽生思士,不妻,",prompt: 一位孤独的古代男子，名为思士，身穿传统的汉服长袍，站在一片幽静的山林之中。他面容清秀，眼神中透露出淡淡的忧郁和沉思。背景是淡雅的水墨山水画风格，远处山峦若隐若现，近处树木葱郁，溪流潺潺。画面整体色调以淡雅的青绿色为主，呈现出一种宁静而神秘的氛围。,人物\人名\思士.png
三頭人,人物,人名,山海經十八卷,宋淳熙七年（1180）池陽郡齋刻本,"服常樹其上,伺琅玕樹,","prompt: 三頭人，服常樹其上,伺琅玕樹,古代神話中的人物，有三個頭顱生長在同一個身體上，身穿古老的漢服，立於一棵巨大的服常樹下，樹枝茂盛，樹葉翠綠，樹幹粗壯。他目光炯炯有神，專注地觀察著另一棵高大的琅玕樹，樹上結滿了五彩斑斕的寶石般的果實。背景是遠處朦朧的山巒和飄渺的雲霧，整體呈現出一種神秘而幽靜的氛圍，風格參考傳統中國彩色水墨畫。",人物\人名\三頭人.png
石夷,人物,人名,山海經十八卷,宋淳熙七年（1180）池陽郡齋刻本,"來風曰韋,處西北隅以司日月之長短,",prompt: 石夷，古代神话人物，位于西北隅，掌管日月长短。画面中，石夷身穿传统古装，头戴冠冕，手持一把象征权力的权杖，站在一片神秘的西北高原之上。背景是壮丽的日落景象，太阳和月亮同时出现在天空中，寓意他掌管着日月的变化。整体风格采用彩色水墨画风，线条流畅，色彩柔和，展现出浓厚的中国传统文化氛围。,人物\人名\石夷.png
司幽,人物,人名,山海經十八卷,宋淳熙七年（1180）池陽郡齋刻本,"晏龍生司幽,司幽生思土,司幽生思女,",prompt: 司幽，晏龙之子，思土与思女之父，形象为古代贤者，长袍飘逸，面容慈祥，手持竹简，背景为山水间，采用传统中国美学的彩色水墨风格，展现其深邃的智慧和对后人的关爱。,人物\人名\司幽.png
台蠒,人物,人名,山海經十八卷,宋淳熙七年（1180）池陽郡齋刻本,"稷之弟,生叔均,",prompt: 古代神话人物台蠒，稷之弟，生叔均，身穿古代服饰，面容慈祥，手持农具，身旁有稻谷和耕牛，背景为田园风光，画面采用传统中国美学的彩色水墨风格，色彩柔和，线条流畅。,人物\人名\台蠒.png
