名字,一级类目,二级类目,出处书名,版本,描述,prompt,image_path
王子夜之尸,人物,尸,山海經十八卷,宋淳熙七年（1180）池陽郡齋刻本,"两手两股胷首齒皆斷異處,",prompt：王子夜之尸，分类：尸，描述：两手两股胷首齒皆斷異處。画面中，王子夜的尸体散落一地，双手、双腿、胸膛和头部以及牙齿都断开分离。整个场景弥漫着一种神秘而恐怖的气息，背景是荒凉的山野，天空昏暗，云层低垂。画风采用传统中国美学的彩色水墨风格，线条流畅，色彩深沉，充满古代插画的韵味。,人物\尸\王子夜之尸.png
相顧之尸,人物,尸,山海經十八卷,宋淳熙七年（1180）池陽郡齋刻本,"北海之内,反縛,盜械,帶戈,常倍之佐,",prompt: 北海之内的相顧之尸，被反绑双手，戴着盗贼的枷锁，腰间挂着一柄戈，常作为倍之佐的形象出现。请以古代插画风格和传统中国美学的彩色水墨风格描绘，注重细节如枷锁、戈等元素，背景为北海之内的神秘景象。,人物\尸\相顧之尸.png
夏耕之尸,人物,尸,山海經十八卷,宋淳熙七年（1180）池陽郡齋刻本,"無首,操戈盾立,故成湯伐夏桀于章山克之,斬耕厥前,耕既立無首走厥咎,乃降於巫山,",prompt: 夏耕之尸，无头，手持戈盾站立，背景为章山战场，周围有战斗后的痕迹，如倒下的士兵和战马，天空阴沉，象征着战争的残酷。夏耕之尸虽然无首，但依然坚定地站立着，表现出不屈的精神。画面采用传统中国美学的彩色水墨风格，线条流畅，色彩淡雅，强调了古代插画的韵味。,人物\尸\夏耕之尸.png
柤狀之尸,人物,尸,山海經十八卷,宋淳熙七年（1180）池陽郡齋刻本,"有人方齒虎尾,",prompt: 有人方齒虎尾的柤狀之尸，形象为半人半兽，拥有人类的身体和四肢，但牙齿呈方形，排列整齐如同切割过的石块，尾巴则如同猛虎一般，粗壮有力，尾尖带有黑色条纹。背景为幽暗的山林，月光透过稀疏的树梢洒落，增添几分神秘感。整体风格参考古代插画，采用传统中国美学的彩色水墨风格，色彩以深蓝、墨绿为主，点缀以金色和白色，营造出一种古老而神秘的氛围。,人物\尸\柤狀之尸.png
貳負之尸,人物,尸,山海經十八卷,宋淳熙七年（1180）池陽郡齋刻本,"在大行伯東,",prompt: 《山海经》中的貳負之尸，位于大行伯东，形象为一具被斩首的尸体，头部被放置在胸口上，身体僵硬而扭曲。画面背景为荒凉的山野，远处隐约可见山脉轮廓。整体风格参考古代插画，采用传统中国美学的彩色水墨技法，色调以灰暗为主，突出其神秘而恐怖的氛围。,人物\尸\貳負之尸.png
肝榆之尸,人物,尸,山海經十八卷,宋淳熙七年（1180）池陽郡齋刻本,,prompt: 肝榆之尸，古代神话中的神秘尸体，身着古朴的长袍，面容苍白而宁静，双眼紧闭仿佛在沉睡。周围环绕着古老的树木和藤蔓，树上挂满了奇异的果实，背景是朦胧的山峦和云雾。画面采用传统中国美学的彩色水墨风格，色彩淡雅，线条流畅，展现出一种超脱尘世的幽静与神秘感。,人物\尸\肝榆之尸.png
黄姖之尸,人物,尸,山海經十八卷,宋淳熙七年（1180）池陽郡齋刻本,,prompt: 中国传统彩色水墨风格，黄姖之尸，面容苍白，身着古代破损的衣袍，身体部分腐烂，露出森森白骨，周围环绕着淡淡的幽冥之气，背景为荒凉的山野，天空阴沉，远处有几只乌鸦盘旋。,人物\尸\黄姖之尸.png
犁䰰之尸,人物,尸,山海經十八卷,宋淳熙七年（1180）池陽郡齋刻本,"人靣,獸身,",prompt: 犁䰰之尸，人面兽身，面容威严而神秘，身体覆盖着浓密的黑色毛发，四肢粗壮有力，背后有一对巨大的翅膀。背景为古老而神秘的山林，色彩以深绿和墨色为主，点缀以金色的光芒，展现出一种古老而庄重的氛围。整体风格参考古代插画，采用传统中国美学的彩色水墨风格。,人物\尸\犁䰰之尸.png
女丑之尸,人物,尸,山海經十八卷,宋淳熙七年（1180）池陽郡齋刻本,"生而十日炙殺之,在丈夫北,以右手鄣其靣,十日居上女丑居山之上,",prompt: 女丑之尸，生而十日炙殺之，在丈夫北，以右手鄣其靣，十日居上女丑居山之上。画面中，女丑之尸站在山顶，她的身体被烈日炙烤得焦黑，右手遮住脸部，试图躲避太阳的灼热光芒。天空中有十个太阳高悬，炽热的阳光洒满大地。背景是苍茫的山脉和枯萎的树木，呈现出一种荒凉而凄美的景象。整体风格采用传统中国美学的彩色水墨画风，色彩以暗红、灰黑为主，突出女丑之尸的悲惨命运。,人物\尸\女丑之尸.png
女尸,人物,尸,山海經十八卷,宋淳熙七年（1180）池陽郡齋刻本,"化爲䔄草,",prompt：女尸，化为䔄草，古代神话中的神秘存在，她的形象由一具沉睡的女性尸体逐渐转变为一株盛开的䔄草。画面中，女尸静静地躺在一片幽暗的古墓之中，周围弥漫着淡淡的雾气，她的身体逐渐变得透明，最终完全化为一株美丽的䔄草。䔄草的花朵绽放着淡紫色的光芒，叶片上覆盖着一层薄薄的露珠，整个场景充满了神秘而宁静的气息。背景是古老的石壁和壁画，描绘着古代神话故事，增添了一种历史的厚重感。整体风格采用传统的中国彩色水墨画技法，色彩柔和，线条流畅，展现出一种古典而唯美的氛围。,人物\尸\女尸.png
奢比之尸,人物,尸,山海經十八卷,宋淳熙七年（1180）池陽郡齋刻本,"在其（大人國）北,獸身,人靣,大耳,珥兩青蛇,一曰肝榆之尸,在大人北,",prompt：兽身人面的奢比之尸，拥有大耳朵，耳朵上挂着两条青蛇作为装饰。其形象位于大人国北方，背景为古代神话中的山川河流，采用彩色水墨风格绘制，色彩鲜艳且富有层次感，展现出神秘而古老的气息。,人物\尸\奢比之尸.png
