﻿名字,一级类目,二级类目,出处书名,版本,描述,prompt
桃枝,植物,木名,山海經十八卷,宋淳熙七年（1180）池陽郡齋刻本,,prompt: 桃枝，木名，古代神话中的神木，象征着长寿与繁荣。请绘制一幅具有传统中国美学的彩色水墨风格插画，画面中桃树枝繁叶茂，花朵盛开，色彩鲜艳而不失淡雅，树干苍劲有力，展现出其古老而神秘的气息。背景可以是山间云雾缭绕，或是一片宁静的湖水，增添画面的意境。
文莖,植物,木名,山海經十八卷,宋淳熙七年（1180）池陽郡齋刻本,"其實如棗,",prompt: 古代神木文莖，果实如枣，树干粗壮古朴，枝叶繁茂，果实挂满枝头，色彩鲜艳如同红枣，背景为山海经中的神秘山林，画面采用传统中国美学的彩色水墨风格，充满神秘与古韵。
文玉樹,植物,木名,山海經十八卷,宋淳熙七年（1180）池陽郡齋刻本,"開明北,",prompt: 古代神木文玉樹，生长在开明北之地，枝繁叶茂，树干粗壮，叶片翠绿如玉，树冠覆盖广阔，根系深深扎入大地。树上挂满奇异的果实，散发着柔和的光芒，吸引着各种珍禽异兽栖息其上。画面采用传统中国美学的彩色水墨风格，背景为幽静的山林，远处有若隐若现的仙山，营造出一种神秘而祥和的氛围。
栒,植物,木名,山海經十八卷,宋淳熙七年（1180）池陽郡齋刻本,,prompt: 古代神木栒，根深叶茂，枝干苍劲有力，树皮粗糙如龙鳞，树叶翠绿欲滴，树冠庞大如同云朵，生长于神秘的山林之中，周围环绕着淡淡的雾气，远处可见层峦叠嶂的山脉，画面采用传统中国彩色水墨风格，注重笔墨韵味和意境营造。
藇,植物,木名,山海經十八卷,宋淳熙七年（1180）池陽郡齋刻本,,prompt: 一棵古老的藇树，枝繁叶茂，树干粗壮而扭曲，树皮呈现出深褐色的纹理。树叶呈长条形，翠绿色，随风轻轻摇曳。树下散布着一些落叶，地面上覆盖着一层薄薄的青苔。整个场景以彩色水墨风格呈现，充满了古朴和神秘的气息。背景中隐约可见山峦起伏，云雾缭绕，营造出一种幽静而深远的氛围。
相,植物,木名,山海經十八卷,宋淳熙七年（1180）池陽郡齋刻本,,prompt: 中国传统水墨画风格，一棵古老而神秘的相木，树干粗壮且盘根错节，枝叶繁茂，叶片呈深绿色，透出淡淡的金色光芒。树下散落着几朵紫色的小花，周围环绕着轻盈的雾气，仿佛是连接天地的神木，象征着自然与宇宙的和谐统一。背景是远山和云海，整个画面充满了宁静与祥和的气息。
杏,植物,木名,山海經十八卷,宋淳熙七年（1180）池陽郡齋刻本,,prompt: 一棵古老的杏树，枝繁叶茂，树干粗壮而弯曲，树皮呈现出斑驳的纹理。树叶翠绿，随风轻轻摇曳，树上挂满了金黄色的杏子，散发出诱人的香气。背景是山间清新的自然风光，远处有淡淡的云雾缭绕，整体画面采用传统中国美学的彩色水墨风格，展现出一种宁静而和谐的氛围。
雄常,植物,木名,山海經十八卷,宋淳熙七年（1180）池陽郡齋刻本,"常先入代帝於此（肅慎之國）取之,",prompt：雄常，一种神秘的木名，生长在肃慎之国。画面中，古木参天，枝叶繁茂，树干粗壮而古老，树皮上布满了岁月的痕迹。背景是远山和云雾缭绕的肃慎之国，景色幽静而神秘。画风采用传统中国美学的彩色水墨风格，色彩以淡雅为主，突出自然和谐之美。
尋木,植物,木名,山海經十八卷,宋淳熙七年（1180）池陽郡齋刻本,"長千里,在拘纓南,生河上西北,",prompt: 寻木，一种传说中的神木，生长在拘缨南边，位于河的西北方向，树干粗壮，枝叶繁茂，延伸千里。画面中，寻木如同一条蜿蜒的巨龙，根部深深扎入大地，枝条伸展至天际，树叶青翠欲滴，与周围的山水相映成趣。整幅画采用传统中国彩色水墨风格，展现出寻木的雄伟壮观和神秘感。背景为山川河流，远处有淡淡的云雾缭绕，增添几分仙气。
檿,植物,木名,山海經十八卷,宋淳熙七年（1180）池陽郡齋刻本,,prompt: 古老的檿树，枝繁叶茂，树干粗壮而弯曲，树皮呈现出深褐色，纹理清晰可见。树叶呈椭圆形，颜色翠绿，随风轻轻摇曳。树下散落着几片落叶，周围是茂密的草地和远处的山峦。整个画面采用传统的中国彩色水墨风格，充满古朴而宁静的氛围。
榆,植物,木名,山海經十八卷,宋淳熙七年（1180）池陽郡齋刻本,,prompt: 古代神话中的榆树，生长在神秘的山林之中，枝繁叶茂，树干粗壮，树皮呈现出深棕色，叶片翠绿欲滴。背景是幽静的山谷，远处有云雾缭绕的山峰，画面采用传统中国美学的彩色水墨风格，细腻地描绘出榆树的古老与神秘。
棫,植物,木名,山海經十八卷,宋淳熙七年（1180）池陽郡齋刻本,,prompt: 古代神木棫，树干粗壮挺拔，枝叶繁茂，树叶呈深绿色，树冠如伞盖般张开，根部盘根错节，展现出强大的生命力。背景为山川河流，远处有云雾缭绕的山峰，整幅画面采用传统中国美学的彩色水墨风格，色彩淡雅，线条流畅。
楢,植物,木名,山海經十八卷,宋淳熙七年（1180）池陽郡齋刻本,,prompt: 一棵古老的楢树，枝繁叶茂，树干粗壮而扭曲，树皮呈现出深褐色，树叶呈羽状复叶，翠绿欲滴。背景是山林间，远处有层峦叠嶂的山峰，云雾缭绕。整体画面采用传统中国彩色水墨风格，充满古朴与神秘的气息。
楊,植物,木名,山海經十八卷,宋淳熙七年（1180）池陽郡齋刻本,,prompt: 一棵古老的杨树，枝繁叶茂，树干粗壮而挺拔。树皮呈现出深褐色，有纵向裂纹，展现出岁月的痕迹。树叶翠绿欲滴，随风轻轻摇曳，仿佛在诉说着古老的故事。背景是山林间的一片宁静景象，远处的山峦若隐若现，天空中飘着淡淡的云彩，整个画面充满了中国古典水墨画的韵味。
櫾,植物,木名,山海經十八卷,宋淳熙七年（1180）池陽郡齋刻本,,prompt: 一棵古老的櫾树，枝繁叶茂，树干粗壮而扭曲，树皮呈现出深褐色的纹理。树叶呈椭圆形，翠绿色中带有淡淡的金色光泽。树下散落着几片落叶，周围是细腻的青苔和野花。画面采用传统中国美学的彩色水墨风格，背景是淡雅的山水景色，远处有隐约的山峦和云雾缭绕。
蒼棘,植物,木名,山海經十八卷,宋淳熙七年（1180）池陽郡齋刻本,,prompt: 一棵古老的蒼棘树，枝干苍劲有力，树皮粗糙如同历经沧桑的老人皮肤，树叶稀疏但每片都绿意盎然，仿佛蕴含着无尽的生命力。背景是朦胧的山峦与淡淡的云雾，整幅画面采用传统中国水墨画风格，色彩以淡雅为主，带有一丝神秘而宁静的气息。
櫄木,植物,木名,山海經十八卷,宋淳熙七年（1180）池陽郡齋刻本,,prompt: 一棵古老的櫄木，树干粗壮而扭曲，枝叶繁茂，树叶呈现出深绿色，树皮粗糙并带有岁月的痕迹。画面采用传统中国美学的彩色水墨风格，背景是淡雅的山水景色，远处有淡淡的云雾缭绕，整体氛围宁静而神秘。
楊栁,植物,木名,山海經十八卷,宋淳熙七年（1180）池陽郡齋刻本,,prompt: 一棵古老的杨柳树，枝条柔软下垂，如同绿色的瀑布。树干粗壮而苍老，表面覆盖着斑驳的树皮，展现出岁月的痕迹。树叶繁茂，随风轻轻摇曳，仿佛在诉说着古老的故事。背景是淡雅的山水景色，远处有淡淡的云雾缭绕，整个画面呈现出中国传统水墨画的风格，色彩以淡绿、墨黑和浅灰色为主，营造出一种宁静而悠远的氛围。
棪木,植物,木名,山海經十八卷,宋淳熙七年（1180）池陽郡齋刻本,,prompt: 棪木，古老而神秘的神木，生长于东方的海外仙山之上。其树干粗壮挺拔，枝叶繁茂，叶片呈深绿色，边缘有锯齿状。果实硕大如斗，色泽金黄，散发着诱人的光泽。整棵树散发出淡淡的金色光芒，仿佛是太阳神所赐予的光辉。背景为云雾缭绕的仙境，远处可见仙鹤飞翔，山峦若隐若现。画面采用传统中国美学的彩色水墨风格，色彩丰富而柔和，线条流畅自然。
寓木,植物,木名,山海經十八卷,宋淳熙七年（1180）池陽郡齋刻本,,prompt: 中国传统彩色水墨画风格，寓木，一种神秘的树木，生长在古老而遥远的山脉之中。它的树干粗壮，枝叶繁茂，树皮呈现出深棕色，纹理细腻如同古老的画卷。树叶宽大，呈心形，边缘有锯齿状，叶片上有着淡淡的金色光泽，仿佛蕴含着某种神秘的力量。在树冠中，偶尔可以看到几朵淡紫色的小花，散发着幽香。背景是连绵起伏的山峦和云雾缭绕的山谷，营造出一种宁静而神秘的氛围。
栯木,植物,木名,山海經十八卷,宋淳熙七年（1180）池陽郡齋刻本,"葉狀如梨,赤理,",prompt: 一棵古老的栯木，树叶形状如同梨叶，树干呈现出赤红色的纹理，整体风格参考古代插画和传统中国美学的彩色水墨风格。背景为淡雅的山水景色，增添神秘而宁静的氛围。
榣木,植物,木名,山海經十八卷,宋淳熙七年（1180）池陽郡齋刻本,,prompt: 榣木，古代神话中的神木，枝叶繁茂，树干粗壮，生长于幽深的山谷之中。其树皮呈深棕色，纹理清晰可见，树叶翠绿欲滴，四季常青。树冠庞大，仿佛能遮天蔽日，树下有各种奇花异草，散发出淡淡的香气。整个画面以彩色水墨风格呈现，展现出榣木的神秘与庄严之美。
玗琪樹,植物,木名,山海經十八卷,宋淳熙七年（1180）池陽郡齋刻本,"開明北,",prompt: 一棵古老的玗琪樹，生长在开明北之地，树干粗壮，枝叶繁茂。树冠如伞盖般展开，覆盖着一片宁静的天地。树叶呈现出深绿色，边缘带有金色光泽，仿佛被阳光镀上了一层金边。树下散落着几朵奇异的花朵，花瓣色彩斑斓，散发着淡淡的幽香。整个场景采用古代插画风格和传统中国美学的彩色水墨风格，展现出一种神秘而宁静的氛围。
羊桃,植物,木名,山海經十八卷,宋淳熙七年（1180）池陽郡齋刻本,"狀如桃,方莖,",prompt: 一棵古木，形状如桃树，但其茎干呈方形，枝叶繁茂，果实累累，色彩斑斓如同古代彩绘，背景为山海经中的奇幻山水，整体风格参考传统中国彩色水墨画。
豫章,植物,木名,山海經十八卷,宋淳熙七年（1180）池陽郡齋刻本,,prompt: 一棵古老的豫章树，枝繁叶茂，树干粗壮，树皮呈现出深褐色，树叶翠绿欲滴。背景是山川秀丽的自然风光，远处有层峦叠嶂的山脉，近处是清澈的小溪。整幅画面采用中国传统水墨画风格，色彩淡雅，线条流畅，展现出一种宁静而悠远的意境。
棗,植物,木名,山海經十八卷,宋淳熙七年（1180）池陽郡齋刻本,,prompt: 一棵古老的棗树，枝繁叶茂，树干粗壮而扭曲，树皮斑驳，展现出岁月的痕迹。树上挂满了红彤彤的枣子，仿佛是点缀在绿色海洋中的宝石。背景是一片宁静的山林，远处有几座山峰若隐若现，天空中飘着淡淡的云彩。画面采用传统中国水墨画风格，色彩以淡雅为主，但枣子的红色鲜艳夺目，形成鲜明对比。
枳,植物,木名,山海經十八卷,宋淳熙七年（1180）池陽郡齋刻本,,prompt: 古代中国神话中的枳树，树干粗壮而弯曲，枝叶繁茂，果实累累，色彩斑斓的果实如同宝石般点缀在枝头。画面采用传统中国彩色水墨风格，背景为山林幽谷，远处有云雾缭绕，近处有溪流潺潺，整体氛围宁静而神秘。
榛,植物,木名,山海經十八卷,宋淳熙七年（1180）池陽郡齋刻本,,prompt: 一棵古老的榛树，枝繁叶茂，树干粗壮而扭曲，树皮呈现出深棕色，上面布满了岁月的痕迹。树叶呈鲜绿色，果实累累，散落在树下的草地上。背景是远山和云雾缭绕的景象，画面采用传统中国彩色水墨风格，展现出一种宁静而神秘的氛围。
柞,植物,木名,山海經十八卷,宋淳熙七年（1180）池陽郡齋刻本,,prompt: 一棵古老的柞树，枝繁叶茂，树干粗壮且扭曲，树皮呈现出深褐色的纹理。树叶呈椭圆形，边缘有锯齿，颜色为深绿色。树下散落着一些枯叶和小石子，周围是茂密的草丛。背景是一片宁静的山林，远处有几座朦胧的山峰。整体画面采用传统的中国彩色水墨风格，色彩淡雅，线条流畅，富有诗意。
柘,植物,木名,山海經十八卷,宋淳熙七年（1180）池陽郡齋刻本,,prompt: 古代神话中的柘树，树干粗壮，枝叶繁茂，树叶呈深绿色，果实鲜红诱人。背景为远古山林，山石嶙峋，云雾缭绕，画面采用传统中国彩色水墨风格，色彩丰富而柔和，充满神秘与自然之美。
櫧,植物,木名,山海經十八卷,宋淳熙七年（1180）池陽郡齋刻本,,prompt: 一棵古老的櫧树，枝繁叶茂，树干粗壮且布满岁月的痕迹，树皮呈现出深棕色，树叶翠绿欲滴。背景是山林间，远处有淡淡的云雾缭绕，画面采用传统的中国水墨画风格，色彩以淡雅为主，展现出一种宁静而神秘的氛围。
杼,植物,木名,山海經十八卷,宋淳熙七年（1180）池陽郡齋刻本,,prompt: 一棵古老的杼树，枝繁叶茂，树干粗壮而扭曲，树叶呈现出深绿色，阳光透过树叶洒下斑驳的光影。背景是典型的中国山水画风格，远处有连绵起伏的山峦和流淌的小溪。整幅画面采用传统的彩色水墨风格，色彩淡雅，富有诗意。
梓,植物,木名,山海經十八卷,宋淳熙七年（1180）池陽郡齋刻本,,prompt: 一棵古老的梓树，枝繁叶茂，树干粗壮而弯曲，树皮呈现出深棕色，裂纹中透露出岁月的痕迹。树叶翠绿且密集，阳光透过树叶洒下斑驳的光影。背景是山林和远山，天空中有几朵淡淡的云彩，整体画面采用传统中国彩色水墨风格，充满诗意与古韵。
柤,植物,木名,山海經十八卷,宋淳熙七年（1180）池陽郡齋刻本,,prompt: 一棵古老的柤树，枝繁叶茂，树干粗壮而扭曲，树皮呈现出深褐色的纹理。树叶呈深绿色，形状独特，叶片边缘有锯齿状。树下散落着几片落叶，周围环绕着一些小草和野花。背景是山林景色，远处有淡淡的云雾缭绕。整体画面采用传统的中国水墨画风格，色彩以淡雅为主，展现出一种宁静而神秘的氛围。
棷,植物,木名,山海經十八卷,宋淳熙七年（1180）池陽郡齋刻本,,prompt: 古代神话中的神木棷，树干粗壮挺拔，枝叶繁茂，树叶呈深绿色，果实金黄。树皮上刻有神秘的符文，树根深入地下，与大地紧密相连。背景为远古森林，周围环绕着奇异的山石和清澈的小溪，天空中飘浮着祥云，整体风格参考古代插画和传统中国美学的彩色水墨风格。
植楮,植物,木名,山海經十八卷,宋淳熙七年（1180）池陽郡齋刻本,"其狀如葵葉,赤華,莢實,實如椶莢,",prompt: 一株古木，其葉如葵葉般寬大，樹幹粗壯，枝葉繁茂。花朵呈現鮮艷的紅色，如同火焰般耀眼。莢果長而扁平，形狀類似棕櫚樹的果實，色彩深沉，散發著神秘的光澤。整體畫面以傳統中國彩色水墨風格呈現，背景為幽靜的山林，營造出一種古老而神祕的氛圍。
朱木,植物,木名,山海經十八卷,宋淳熙七年（1180）池陽郡齋刻本,"赤皮枝幹,青葉,",prompt: 朱木，一种神奇的树木，赤色的树皮和枝干，青绿色的叶子，展现出独特的生命力。请以传统中国美学的彩色水墨风格描绘这棵树，注重表现其赤色树皮与青绿叶子之间的鲜明对比，同时融入古代插画风格中的细腻线条和丰富层次感。背景可设置为一片幽静的山林，增添神秘而宁静的氛围。
朱木,植物,木名,山海經十八卷,宋淳熙七年（1180）池陽郡齋刻本,"赤支,青華,玄實,",prompt: 朱木，一种神秘的树木，其枝干呈赤红色，花朵为青绿色，果实则为深黑色。请以古代插画风格和传统中国美学的彩色水墨风格描绘这棵树木，注意突出其独特的色彩搭配，背景可以是祥云缭绕的山间或仙气飘渺的仙境，营造出一种超凡脱俗的感觉。
楨木,植物,木名,山海經十八卷,宋淳熙七年（1180）池陽郡齋刻本,,prompt: 一棵古老的楨木，树干粗壮，枝叶繁茂，树叶呈现出深绿色，树皮粗糙而有质感。背景是山川河流，云雾缭绕，画面采用传统中国水墨画风格，色彩淡雅，笔触细腻，展现出一种宁静而神秘的氛围。
珠樹,植物,木名,山海經十八卷,宋淳熙七年（1180）池陽郡齋刻本,"開明北,",prompt: 珠树，开明北，这棵神木生长在神话中的奇异之地，树干挺拔而粗壮，枝叶繁茂，树叶如同翠绿的翡翠，在阳光下闪烁着耀眼的光芒。树上结满了五彩斑斓的宝石般的果实，犹如星辰般璀璨夺目。整个画面以彩色水墨风格呈现，背景是淡雅的山水，远处有若隐若现的仙山楼阁，展现出一种神秘而宁静的氛围。
棟,植物,木名,山海經十八卷,宋淳熙七年（1180）池陽郡齋刻本,,prompt: 古代神话中的神木棟，树干粗壮挺拔，枝叶繁茂，覆盖着翠绿的叶子和五彩斑斓的花朵，树冠如伞盖般遮天蔽日，根部盘根错节深入大地，周围环绕着祥云和飞鸟，呈现出一种神秘而庄严的氛围，背景为山峦起伏、云雾缭绕的仙境，整体风格参考古代插画和传统中国彩色水墨画。
丹木,植物,木名,山海經十八卷,宋淳熙七年（1180）池陽郡齋刻本,"貟葉,赤莖,黄華,赤實,其味如飴,",prompt: 丹木，一种神秘的树木，拥有貟形的叶子，赤色的茎干，黄色的花朵，以及红色的果实。果实的味道如同甜蜜的糖浆。请以古代插画风格和传统中国美学的彩色水墨风格描绘这棵树，注重表现其独特的色彩和形态特征。背景可以是中国古典园林或山野，画面中可以有几只小鸟或小动物在树下嬉戏，增添生动气息。
帝女之桑,植物,木名,山海經十八卷,宋淳熙七年（1180）池陽郡齋刻本,"夫五十尺,其枝四衢,其葉大尺餘,赤理,黄華,青柎,",prompt: 一棵高达五十尺的帝女之桑，其枝干四通八达，叶子宽大超过一尺，叶脉呈红色，花朵为黄色，花萼为青色，整体呈现出一种神秘而庄重的氛围，背景是远古时期的山林景象，风格参考古代插画和传统中国美学的彩色水墨风格。
彫棠,植物,木名,山海經十八卷,宋淳熙七年（1180）池陽郡齋刻本,"其葉如榆葉而方,其實如赤菽,",prompt: 一棵古老的彫棠树，树叶形状类似榆树叶但呈方形，果实如同红色的豆子，树干粗壮，枝叶繁茂。画面采用传统中国美学的彩色水墨风格，背景是淡雅的山水景色，树木和果实的细节描绘精细，展现出一种宁静而神秘的氛围。
帝屋,植物,木名,山海經十八卷,宋淳熙七年（1180）池陽郡齋刻本,"葉狀如椒,反傷,赤實,",prompt: 一棵古老的帝屋树，叶子形状类似花椒叶，但边缘带有反向的尖刺，果实鲜红饱满，生长在神秘的山林之中，背景是淡雅的水墨山水画风格，色彩以传统中国美学为主，展现出一种幽静而神秘的气息。
帝休,植物,木名,山海經十八卷,宋淳熙七年（1180）池陽郡齋刻本,"葉狀如楊,其枝五衢,黄華,黒實,",prompt: 一棵古老的帝休树，叶子形状如同杨树叶，树枝分为五个方向，形成五衢之状，树上开满黄色的花朵，结出黑色的果实，画面采用彩色水墨风格，背景为山川河流，展现出古代中国神话中的神秘与美丽。
服常樹,植物,木名,山海經十八卷,宋淳熙七年（1180）池陽郡齋刻本,"其上有三頭人伺琅玕樹,",prompt: 服常樹，一棵古老而神秘的树木，其上栖息着三位头颅相连的人形生物，他们正专注地守护着琅玕树。画面采用传统中国美学的彩色水墨风格，背景是幽静的山林，服常樹的枝干粗壮且盘根错节，树叶繁茂，色彩以淡雅的绿色为主。三头人穿着古代服饰，表情庄重，每个头颅都具有独特的特征和表情，象征着智慧与守护。琅玕树则在不远处，其果实闪烁着微光，显得格外珍贵。整体构图充满神秘感，展现出《山海经》中奇幻而又古朴的氛围。
榑木,植物,木名,山海經十八卷,宋淳熙七年（1180）池陽郡齋刻本,,prompt: 梓木，古木参天，枝繁叶茂，树干粗壮而挺拔，树皮呈深褐色，纹理清晰。树叶翠绿欲滴，随风轻摆，仿佛在诉说着古老的故事。背景为山林，云雾缭绕，远处山峦若隐若现，展现出一种神秘而宁静的氛围。整体风格参考古代插画，采用彩色水墨技法，画面充满传统中国美学的韵味。
楓木,植物,木名,山海經十八卷,宋淳熙七年（1180）池陽郡齋刻本,"蚩尤所棄其桎梏,是謂楓木,",prompt: 蚩尤所弃其桎梏，化为枫木，树干粗壮扭曲，枝叶繁茂，树叶呈深红色，仿佛染上了蚩尤的血色。背景是古老而神秘的山林，树木参天，云雾缭绕。画面采用传统中国美学的彩色水墨风格，笔触细腻，色彩层次丰富，展现出枫木的神秘与沧桑感。
扶木,植物,木名,山海經十八卷,宋淳熙七年（1180）池陽郡齋刻本,"柱三百里,其葉如芥,",prompt: 古典中国风格的扶木，巨大的神木矗立在天地之间，树干粗壮高达三百里，树叶细小如芥菜叶，色彩以传统水墨画的淡雅为主，背景是飘渺的云雾和远处的山峦，整个画面充满神秘与宁静的气息。
扶桑,植物,木名,山海經十八卷,宋淳熙七年（1180）池陽郡齋刻本,,prompt: 一棵巨大的扶桑树，树干粗壮，枝叶繁茂，树冠如同华盖般展开。树叶呈深绿色，叶片边缘有细小的锯齿。树上开满了金黄色的花朵，花瓣层层叠叠，散发出淡淡的光芒。树下有几只凤凰栖息，羽毛绚丽多彩。背景是祥云缭绕的天空和远处的山峦，整体画面采用传统中国美学的彩色水墨风格，色彩鲜艳而不失雅致。
柸,植物,木名,山海經十八卷,宋淳熙七年（1180）池陽郡齋刻本,,prompt: 古代神话中的神木柸，树干粗壮挺拔，枝叶繁茂，叶片呈深绿色，树皮纹理清晰可见，树根盘根错节。画面背景为山川河流，远处有云雾缭绕的群山，近处是清澈见底的小溪，整体风格参考古代插画和传统中国美学的彩色水墨风格。
栢,植物,木名,山海經十八卷,宋淳熙七年（1180）池陽郡齋刻本,,prompt: 古典中国风格的栢树，枝叶繁茂，树干挺拔有力，树皮呈现出深褐色，树叶细长且密集，整体展现出一种坚韧不拔的生命力。背景是淡雅的水墨山水，山峦起伏，云雾缭绕，营造出一种宁静而深远的氛围。色彩以墨绿和深褐色为主，点缀少量淡黄色，体现出传统中国美学的精髓。
白䓘,植物,木名,山海經十八卷,宋淳熙七年（1180）池陽郡齋刻本,"其狀如糓,赤理,其汗如漆,其味如飴,可以血玉,",prompt: 一棵古老的树木，树干粗壮，枝叶繁茂，树皮呈现出谷物般的纹理，但纹理中透出淡淡的红色。树干上流淌着漆黑的树脂，如同黑色的血液一般缓缓滴落。树叶间挂着晶莹剔透的果实，果实的味道甜美如糖浆。整棵树散发出一种神秘而古老的气息，仿佛蕴含着无尽的生命力和魔力。背景为淡雅的水墨山水，色彩以青绿为主，点缀以红色和黑色，展现出传统中国美学的韵味。
桂,植物,木名,山海經十八卷,宋淳熙七年（1180）池陽郡齋刻本,,prompt: 一棵古老的桂树，枝繁叶茂，树干粗壮而扭曲，树皮呈现出深棕色，树叶翠绿且密集。树冠中点缀着一簇簇金黄色的桂花，散发出淡淡的香气。背景是朦胧的山峦和云雾，整个画面采用传统的中国水墨画风格，色彩淡雅，线条流畅。
榖,植物,木名,山海經十八卷,宋淳熙七年（1180）池陽郡齋刻本,,prompt: 古老的神木榖，生长在神秘的山林之中，树干粗壮，枝叶繁茂，覆盖着翠绿的叶片。树冠高耸入云，仿佛连接天地。树皮呈深褐色，纹理清晰可见，透露出岁月的沧桑。周围环绕着各种奇异的花草，散发出淡淡的幽香。整个画面采用传统中国美学的彩色水墨风格，色彩淡雅，线条流畅，展现出一种宁静而神秘的氛围。
鈎端,植物,木名,山海經十八卷,宋淳熙七年（1180）池陽郡齋刻本,,prompt: 一棵古老的鈎端树，枝繁叶茂，树干粗壮而扭曲，树皮呈现出深棕色，叶片细长且密集，颜色翠绿欲滴。树下散落着一些落叶，周围环绕着淡淡的雾气，背景是朦胧的山峦和远处的云海，整体画面采用传统中国彩色水墨风格，富有诗意和神秘感。
甘果,植物,木名,山海經十八卷,宋淳熙七年（1180）池陽郡齋刻本,,prompt: 甘果，一种神秘的树木，生长在古老的山林之中。它的树干粗壮而挺拔，枝叶繁茂，四季常青。树叶呈深绿色，边缘有细小锯齿，叶片上似乎有淡淡的金色光泽。果实呈圆形，表面光滑，颜色从淡绿渐变为金黄，散发着诱人的香气。整个画面以传统中国彩色水墨风格呈现，背景是云雾缭绕的山峦和潺潺流水，营造出一种宁静而神秘的氛围。
柜格之松,植物,木名,山海經十八卷,宋淳熙七年（1180）池陽郡齋刻本,"青樹,日月所出入也,",prompt: 一棵古老的青松，树干粗壮，枝叶繁茂，日月在其间穿梭而出入，背景为神秘的山川景象，采用传统中国美学的彩色水墨风格描绘。
甘華,植物,木名,山海經十八卷,宋淳熙七年（1180）池陽郡齋刻本,,prompt: 甘華，一种传说中的神木，生长于幽谷之中，树干粗壮挺拔，枝叶繁茂如云。树叶呈深绿色，边缘有金黄色的光泽，仿佛被阳光镶嵌。花朵为淡紫色，花瓣细腻如丝绸，花蕊中散发着淡淡的幽香。果实为橙红色，如同小灯笼般挂在枝头。整棵树在微光下显得神秘而优雅，周围弥漫着淡淡的雾气，增添了几分仙气。背景是山峦起伏、云雾缭绕的幽静山谷，画面采用传统中国美学的彩色水墨风格，展现出古朴而典雅的氛围。
怪木,植物,木名,山海經十八卷,宋淳熙七年（1180）池陽郡齋刻本,,prompt: 古老的怪木，生长在神秘的山林之中，树干粗壮扭曲，枝叶繁茂而奇异，树叶呈现出深绿色和暗紫色交织的色彩，树皮粗糙且有裂纹，树根盘根错节，仿佛是大地的一部分。背景为幽静的山谷，远处有淡淡的云雾缭绕，整体风格参考古代插画，采用传统中国美学的彩色水墨风格。
甘木,植物,木名,山海經十八卷,宋淳熙七年（1180）池陽郡齋刻本,,prompt: 甘木，一种神秘的古老树木，生长于幽静的山谷之中，树干粗壮而挺拔，枝叶繁茂，树叶呈深绿色，叶片宽大且边缘有锯齿。树上结着金黄色的果实，散发着淡淡的香气。在阳光照耀下，甘木显得格外生机勃勃，周围环绕着轻盈的雾气，增添了几分神秘感。背景是连绵起伏的山峦和清澈的小溪，画面采用传统中国美学的彩色水墨风格，色彩淡雅而富有层次。
剛木,植物,木名,山海經十八卷,宋淳熙七年（1180）池陽郡齋刻本,,prompt: 中国传统彩色水墨风格，刚木，一种传说中的神木，树干粗壮挺拔，枝叶繁茂，叶片呈深绿色，树皮粗糙且有裂纹，树根盘根错节，深入地下，象征着坚韧不拔的生命力。背景是山峦起伏，云雾缭绕，远处有古建筑若隐若现，整幅画面充满神秘而宁静的氛围。
甘祖,植物,木名,山海經十八卷,宋淳熙七年（1180）池陽郡齋刻本,,prompt: 甘祖，一种神秘的古木，树干粗壮，枝叶繁茂，树皮呈现出深棕色，树叶呈翠绿色，果实为鲜艳的红色。背景为中国古代山水画风格，山峦起伏，云雾缭绕，画面中隐约可见古代村落和亭台楼阁，整体色调以淡雅的水墨色为主，点缀以甘祖树的鲜明色彩，展现出一幅宁静而祥和的自然景象。
甘柤,植物,木名,山海經十八卷,宋淳熙七年（1180）池陽郡齋刻本,,prompt: 甘柤，一种神秘的树木，生长在古老而遥远的山林之中。树干粗壮，枝叶繁茂，叶片呈深绿色，边缘有细锯齿。树上结着奇异的果实，果实呈金黄色，形状如小灯笼，散发着淡淡的光芒。整个画面以传统中国美学的彩色水墨风格呈现，背景是幽静的山谷和清澈的小溪，远处隐约可见古老的庙宇。
槐,植物,木名,山海經十八卷,宋淳熙七年（1180）池陽郡齋刻本,,prompt: 一棵古老的槐树，枝繁叶茂，树干粗壮而扭曲，树皮呈现出苍老的纹理。树冠宽阔，绿叶浓密，阳光透过树叶洒下斑驳的光影。树下有一块平坦的石头，上面摆放着几本古书和一壶清茶。远处是连绵起伏的山峦，天空中飘着淡淡的云彩，整个画面充满了宁静与祥和的气息。画风采用传统中国美学的彩色水墨风格，展现出一种古典而优雅的美感。
桓,植物,木名,山海經十八卷,宋淳熙七年（1180）池陽郡齋刻本,,prompt: 一棵古老的桓树，枝繁叶茂，树干粗壮而扭曲，树叶呈现出深绿色，树皮上布满岁月的痕迹。背景是幽静的山谷，远处有云雾缭绕的山峰，天空中飘着几朵白云。画面采用传统的中国水墨画风格，色彩以淡雅为主，强调自然和谐之美。
百果樹,植物,木名,山海經十八卷,宋淳熙七年（1180）池陽郡齋刻本,,prompt: 一棵繁茂的百果树，枝叶覆盖着各种奇异的果实，果实色彩斑斓，形状各异，有的像灯笼，有的像宝石。树干粗壮，树皮呈现出古老的纹理，根部深深扎入大地。整棵树散发着神秘而生机勃勃的气息，背景是远古时代的山水，山峦起伏，云雾缭绕，画面采用传统中国美学的彩色水墨风格，细腻而富有诗意。
黄棘,植物,木名,山海經十八卷,宋淳熙七年（1180）池陽郡齋刻本,"黄華,貟葉,其實如蘭,",prompt: 黄棘，一种神秘的树木，其花为黄色，叶子呈圆形，果实形似兰花。请以《山海经》中的描述为基础，结合古代插画风格和传统中国美学的彩色水墨风格，绘制这棵黄棘树。画面中，黄棘树生长在一片幽静的山谷之中，枝叶繁茂，金黄色的花朵点缀其间，果实如精致的兰花般垂挂，展现出一种古朴而优雅的美感。背景可以是淡雅的山水景色，增加画面的意境。
櫰木,植物,木名,山海經十八卷,宋淳熙七年（1180）池陽郡齋刻本,"其狀如棠,貟葉,赤實,實大如木瓜,",prompt: 櫰木，其状如棠，圆叶，赤实，实大如木瓜。请以古代插画风格和传统中国美学的彩色水墨风格描绘，画面中櫰木树干挺拔，枝繁叶茂，叶子呈圆形，果实硕大且呈红色，如同成熟的木瓜般诱人。背景可以是山间或林间小道，营造出一种幽静而神秘的氛围。
稷,植物,木名,山海經十八卷,宋淳熙七年（1180）池陽郡齋刻本,,prompt: 中国传统水墨画风格，稷树矗立于山野之间，枝繁叶茂，树干粗壮有力，树叶青翠欲滴，背景是连绵起伏的山脉和淡淡的云雾，画面古朴典雅，充满自然和谐之美。
橿,植物,木名,山海經十八卷,宋淳熙七年（1180）池陽郡齋刻本,,prompt: 一棵古老的橿树，枝繁叶茂，树干粗壮，树皮呈现出深褐色，树叶呈长椭圆形，颜色翠绿。树下有几只小鹿在悠闲地吃草，背景是连绵起伏的山峦和清澈的小溪。画面采用传统中国彩色水墨风格，展现出一种宁静和谐的自然美景。
椐,植物,木名,山海經十八卷,宋淳熙七年（1180）池陽郡齋刻本,,prompt: 一棵古老的椐木，树干粗壮，枝叶繁茂，根系深深扎入土壤之中。画面采用传统中国美学的彩色水墨风格，背景为幽静的山林，远处有淡淡的云雾缭绕，展现出一种神秘而宁静的氛围。
椒,植物,木名,山海經十八卷,宋淳熙七年（1180）池陽郡齋刻本,,prompt: 一棵古老的椒树，枝繁叶茂，树干粗壮且扭曲，树皮呈现出深褐色，树叶浓绿且密集。树上挂满了红艳艳的椒果，果实饱满诱人，散发着淡淡的香气。背景是山间云雾缭绕，远处隐约可见其他树木和山峦。整体画面采用传统中国美学的彩色水墨风格，展现出一种古朴而神秘的氛围。
舉,植物,木名,山海經十八卷,宋淳熙七年（1180）池陽郡齋刻本,,prompt: 一棵古老的举树，枝繁叶茂，树干粗壮而扭曲，树皮呈现出深褐色的纹理。树叶呈心形，翠绿欲滴，随风轻轻摇曳。树下散落着几朵野花，周围是茂密的草丛和各种小动物。背景是一片幽静的山林，远处有淡淡的云雾缭绕，整个画面充满了神秘而宁静的气息。风格参考古代插画，采用传统中国美学的彩色水墨风格。
荆,植物,木名,山海經十八卷,宋淳熙七年（1180）池陽郡齋刻本,,prompt: 中国传统彩色水墨风格，一株古老的荆树矗立在山间，枝条繁茂，树叶青翠欲滴，树干粗壮且纹理清晰，背景是淡雅的远山和轻柔的云雾，画面充满诗意与古韵。
橘,植物,木名,山海經十八卷,宋淳熙七年（1180）池陽郡齋刻本,,prompt: 一棵古老的橘树，枝繁叶茂，结满了金黄色的橘子。树干粗壮，树皮斑驳，显露出岁月的痕迹。树叶翠绿欲滴，与金黄的橘子形成鲜明对比。背景是山林间的云雾缭绕，远处有隐约的山峰和溪流。整体画面采用传统中国彩色水墨风格，富有诗意和古典美感。
棘,植物,木名,山海經十八卷,宋淳熙七年（1180）池陽郡齋刻本,,prompt: 古典中国风格的彩色水墨画，描绘了一棵名为棘的树木。这棵树生长在一片幽静的山谷中，枝叶繁茂，树干粗壮且扭曲，充满了生命力。树上挂满了尖锐的刺，这些刺在阳光下闪烁着金属般的光泽。周围的环境被细腻地描绘出来，远处是连绵起伏的山峦，近处则有清澈的小溪和各种奇花异草。整幅画面充满了神秘而宁静的气息，展现了古代中国自然景观的美丽与和谐。
苴,植物,木名,山海經十八卷,宋淳熙七年（1180）池陽郡齋刻本,,prompt: 一棵古老的苴树，树干粗壮扭曲，枝叶繁茂，树叶呈深绿色，树皮粗糙且有裂纹，树下散落着一些枯叶和小石子，背景是朦胧的山峦和云雾，整体画面采用传统中国水墨画风格，色彩以淡雅为主。
葪栢,植物,木名,山海經十八卷,宋淳熙七年（1180）池陽郡齋刻本,"其狀如荆,白華,赤實,",prompt: 古典中国风格的彩色水墨画，一棵名为葪栢的树木，其形状如同荆棘，绽放着洁白如雪的花朵，结出鲜红欲滴的果实，枝条交织错落有致，画面充满生机与自然之美。
嘉果,植物,木名,山海經十八卷,宋淳熙七年（1180）池陽郡齋刻本,"其實如桃,其葉如棗,黄華,赤柎,",prompt: 嘉果，一种神秘的树木，果实如桃般硕大鲜美，叶片细长似枣叶，花朵呈明亮的黄色，花萼则为鲜艳的红色。请以古代插画风格和传统中国美学的彩色水墨风格描绘这株嘉果，展现其独特的美丽与神秘。背景可以是山林间的一片幽静之地，阳光透过树叶洒下斑驳光影，增添几分诗意。
白栁,植物,木名,山海經十八卷,宋淳熙七年（1180）池陽郡齋刻本,,prompt: 一棵古老的白栁树，树干粗壮而弯曲，枝条繁茂，树叶呈淡绿色，仿佛覆盖着一层薄薄的霜雪。背景是山峦起伏，云雾缭绕的仙境。画面采用传统中国彩色水墨风格，注重笔墨的流畅和意境的营造。
建木,植物,木名,山海經十八卷,宋淳熙七年（1180）池陽郡齋刻本,"其狀如牛,引之有皮若纓黃蛇,其葉如羅,其實如欒,其木若蓲,在窫窳西弱水上,",prompt: 建木，其状如牛，引之有皮若缨黄蛇，其叶如罗，其实如欒，其木若蓲，在窫窳西弱水上。请以古代插画风格和传统中国美学的彩色水墨风格绘制建木，树干粗壮且弯曲如牛，树皮上缠绕着黄色的蛇形纹路，叶子细密如罗网，果实呈鲜艳的红色，树枝繁茂如同蓲草。背景为弱水环绕的神秘之地，远处是朦胧的山峦，营造出一种古老而神秘的氛围。
机木,植物,木名,山海經十八卷,宋淳熙七年（1180）池陽郡齋刻本,,prompt: 机木，一种古老的神木，树干粗壮挺拔，枝叶繁茂，叶片呈深绿色，边缘有锯齿状。树皮粗糙，呈现出古铜色的质感。在阳光下，树叶闪烁着微光，仿佛蕴含着神秘的力量。整棵树散发出一种古老而庄严的气息，背景是淡雅的水墨山水，云雾缭绕，山峦起伏，展现出传统中国美学的韵味。
據樹,植物,木名,山海經十八卷,宋淳熙七年（1180）池陽郡齋刻本,,prompt: 據樹，一种古老的树木，生长在神秘的山林之中。它的树干粗壮挺拔，枝叶繁茂，覆盖着翠绿的叶子，仿佛是大自然的守护者。据樹的树皮呈现出深棕色，带有独特的纹理，树冠宽大，如同一把巨大的伞盖，为下方的生灵提供庇护。在这片幽静的山林中，據樹静静地矗立，见证了无数岁月的变迁。背景以传统中国山水画风格呈现，山峦起伏，云雾缭绕，营造出一种宁静而神秘的氛围。
楛,植物,木名,山海經十八卷,宋淳熙七年（1180）池陽郡齋刻本,,prompt: 一棵古老的楛树，枝繁叶茂，树干粗壮而扭曲，树皮呈现出深褐色，纹理清晰可见。树叶呈椭圆形，颜色为深绿色，阳光透过树叶洒下斑驳的光影。树下有几只小鹿在悠闲地吃草，远处是连绵起伏的山峦，整个画面充满了宁静与和谐，采用传统中国美学的彩色水墨风格绘制。
亢木,植物,木名,山海經十八卷,宋淳熙七年（1180）池陽郡齋刻本,"葉狀如樗,赤實,",prompt: 一棵古老的树木，叶子形状如同樗树，果实呈现鲜红色，树干粗壮且纹理清晰，背景是山海经中的奇幻山水，整体画面采用传统中国美学的彩色水墨风格，色彩丰富而柔和，展现出一种神秘而又宁静的氛围。
欒,植物,木名,山海經十八卷,宋淳熙七年（1180）池陽郡齋刻本,,prompt: 一棵古老的欒树，枝繁叶茂，树干粗壮且纹理清晰，树叶呈现出深绿色，树冠上挂满了金黄色的果实。画面以彩色水墨风格呈现，背景为山林环绕的幽静山谷，远处有淡淡的云雾缭绕，增添了几分神秘感。整体色调柔和而富有层次，展现出一种古典而宁静的美感。
蘭,植物,木名,山海經十八卷,宋淳熙七年（1180）池陽郡齋刻本,,prompt: 一棵古老的蘭树，树干粗壮扭曲，枝叶繁茂，叶片呈深绿色，长而细，随风轻轻摇曳。树下散落着几朵兰花，花瓣洁白如玉，花蕊金黄，散发着淡淡的幽香。背景是朦胧的山峦和流动的云雾，整个画面采用传统的中国水墨画风格，色彩淡雅，线条流畅，展现出一种宁静而神秘的氛围。
栁,植物,木名,山海經十八卷,宋淳熙七年（1180）池陽郡齋刻本,,prompt: 一棵古老的柳树，枝条柔软下垂如同绿色的丝带，树干粗壮且布满岁月的痕迹。柳叶细长而密集，在微风中轻轻摇曳，仿佛在诉说着千年的故事。整棵树呈现出一种宁静而优雅的姿态，背景是淡淡的水墨山水画，远处山峦起伏，云雾缭绕，营造出一种梦幻般的氛围。色彩以淡雅的绿色为主，辅以水墨的黑白灰调，展现出中国传统美学的韵味。
櫟,植物,木名,山海經十八卷,宋淳熙七年（1180）池陽郡齋刻本,,prompt: 一棵古老的櫟树，枝繁叶茂，树干粗壮，树皮粗糙且有裂纹。树冠宽阔，树叶呈深绿色，阳光透过树叶洒下斑驳的光影。背景是山林，远处有淡淡的云雾缭绕，画面呈现出传统中国水墨画的风格，色彩淡雅，意境深远。
栗,植物,木名,山海經十八卷,宋淳熙七年（1180）池陽郡齋刻本,,prompt: 古代神话中的栗树，生长在神秘的山林之中，枝繁叶茂，树干粗壮，树皮呈现出深棕色，树叶呈翠绿色。背景是云雾缭绕的山峦，远处有若隐若现的古代宫殿。画面采用传统中国美学的彩色水墨风格，色彩淡雅，线条流畅。
李,植物,木名,山海經十八卷,宋淳熙七年（1180）池陽郡齋刻本,,prompt: 一棵古老的李树，枝繁叶茂，树干粗壮而弯曲，树皮呈现出深棕色，上面布满了岁月的痕迹。树叶翠绿欲滴，果实累累，成熟的李子呈现出鲜艳的紫红色，散发着诱人的光泽。背景是山间清幽的景色，远处有淡淡的云雾缭绕，画面采用传统中国水墨画风格，色彩柔和而富有层次感。
琅玕樹,植物,木名,山海經十八卷,宋淳熙七年（1180）池陽郡齋刻本,,prompt: 一棵繁茂的琅玕樹，树干粗壮挺拔，枝叶繁密如同翠绿的云朵，树叶间悬挂着五彩斑斓的宝石，仿佛星辰点缀在夜空。树下是清澈的小溪，周围环绕着奇花异草，整个画面充满了神秘而宁静的气息，采用了古代插画风格和传统中国美学的彩色水墨风格。
白木,植物,木名,山海經十八卷,宋淳熙七年（1180）池陽郡齋刻本,,prompt: 古典中国风，白木，一种神秘的神木，树干洁白如玉，枝叶繁茂，生长在幽静的山谷之中，周围环绕着淡淡的雾气，阳光透过树叶洒下斑驳光影，几只仙鹤栖息于树枝上，画面采用传统彩色水墨风格，充满诗意与宁静美感。
𣖾木,植物,木名,山海經十八卷,宋淳熙七年（1180）池陽郡齋刻本,,prompt: 传统中国美学的彩色水墨风格，描绘一棵神秘而古老的𣖾木，树干粗壮扭曲，枝叶繁茂，树叶呈现出深绿色和浅绿色交织的色彩。树下生长着各种奇花异草，散发出淡淡的光芒。背景是朦胧的山峦和云雾，增添了一种梦幻般的氛围。整幅画面充满着神话学与考古学的气息，展现出《山海经》中描述的奇异景象。
櫔木,植物,木名,山海經十八卷,宋淳熙七年（1180）池陽郡齋刻本,"方莖,貟葉,黄華而毛,其實如棟,",prompt: 一棵古老的櫔木，方茎直立，叶片圆润如满月，金黄色的花朵点缀其间，花蕊上覆盖着细密的绒毛，果实如同栋树之果，整棵树散发着神秘而古朴的气息，背景为淡雅的山水画风格，色彩以传统的中国水墨为主，辅以淡彩，展现出一种静谧而深远的美感。
靈壽,植物,木名,山海經十八卷,宋淳熙七年（1180）池陽郡齋刻本,,prompt: 一棵古老的靈壽樹，樹幹粗壯且扭曲，枝葉繁茂，樹皮呈現深棕色，散發著淡淡的光澤。樹下有幾隻神獸悠閒地棲息，周圍環繞著濃郁的山霧，整體畫面呈現出一種神秘而莊嚴的氛圍，風格參考古代插畫和傳統中國彩色水墨風格。
梅,植物,木名,山海經十八卷,宋淳熙七年（1180）池陽郡齋刻本,,prompt: 一棵古老的梅树，枝干盘曲遒劲，花朵繁密，花瓣如雪般洁白，点缀着淡粉色的花蕊。背景是朦胧的山川，远处有几座古朴的亭台楼阁，整个画面呈现出一种宁静而典雅的氛围，采用了传统中国美学的彩色水墨风格。
（湖灌之山）木,植物,木名,山海經十八卷,宋淳熙七年（1180）池陽郡齋刻本,"其葉如栁,赤理,",prompt: 湖灌之山的神秘树木，其叶如柳，纹理赤红，生长在幽静的山谷之中，树干挺拔，枝条柔软下垂，叶片细长而翠绿，边缘带有淡淡的红色纹理，仿佛是大自然精心绘制的艺术品。整棵树在阳光照耀下显得格外生动，与周围的山水相映成趣，展现出一种古典中国画的意境。背景为湖灌之山的秀丽景色，远处山峦起伏，云雾缭绕，近处溪流潺潺，鸟鸣声声，营造出一种宁静而神秘的氛围。
（崇吾之山）木,植物,木名,山海經十八卷,宋淳熙七年（1180）池陽郡齋刻本,"貟葉,白柎,赤華,黒理,其實如枳,",prompt：崇吾之山的神秘树木，圆形叶子，白色花萼，红色花朵，树干纹理呈黑色，果实形状类似枳实，采用传统中国美学的彩色水墨风格绘制，画面中树木挺拔，色彩鲜明，背景为淡雅的山水景色，整体呈现出一种古朴而幽静的氛围。
（北號之山）木,植物,木名,山海經十八卷,宋淳熙七年（1180）池陽郡齋刻本,"其狀如楊,赤華,其實如棗無核其味酸甘,",prompt: 古典中国风彩色水墨画，北號之山上的神秘树木，树形如杨树，花朵为鲜艳的红色，果实形状类似枣子但无核，味道酸甜。画面中树木挺拔，枝叶繁茂，红色花朵点缀其间，果实饱满诱人，背景是淡雅的山水景色，整幅画面充满古朴典雅的气息。
曼兊,植物,木名,山海經十八卷,宋淳熙七年（1180）池陽郡齋刻本,"開明北,一曰挺木牙交,",prompt：曼兊，一种神秘的树木，位于开明北。它又被称为挺木牙交，树干粗壮而直立，枝叶繁茂，呈现出一种古老而庄严的气息。在古代神话中，这种树木象征着力量与智慧。请以中国传统彩色水墨风格绘制，背景为远古山林，树木周围环绕着轻盈的云雾，营造出一种神秘而宁静的氛围。
迷榖,植物,木名,山海經十八卷,宋淳熙七年（1180）池陽郡齋刻本,"其狀如榖,黒理,其華四照,",prompt: 一棵迷榖树，其形状如同古代的榖树，树干上布满了黑色纹理，显得古朴而神秘。树枝繁茂，花朵四面开放，光芒四射，仿佛能照亮四周的黑暗。整体画面采用传统中国美学的彩色水墨风格，色彩丰富而不失淡雅，背景为幽静的山林，增添几分神秘感。
蒙木,植物,木名,山海經十八卷,宋淳熙七年（1180）池陽郡齋刻本,"其葉如槐,黄華,不實,",prompt: 一棵名为蒙木的树木，其叶子形状类似槐树，叶片细腻而繁茂，花朵呈现出鲜艳的黄色，但并不结出果实。画面采用传统中国美学的彩色水墨风格，背景为淡雅的山水，树木姿态优雅，展现出一种宁静而神秘的气息。
羙桑,植物,木名,山海經十八卷,宋淳熙七年（1180）池陽郡齋刻本,,prompt: 一棵古老的羙桑树，枝繁叶茂，树干粗壮而弯曲，树皮呈现出深褐色，树叶翠绿且密集。树下生长着各种奇花异草，色彩斑斓。背景是山川河流，远处有云雾缭绕的山脉，天空中飘着几朵祥云。整幅画面采用传统中国彩色水墨风格，充满神秘与古朴的气息。
美棗,植物,木名,山海經十八卷,宋淳熙七年（1180）池陽郡齋刻本,,prompt: 一棵古老的美棗树，枝繁叶茂，果实累累，树干粗壮而弯曲，树皮呈现出深棕色，叶片翠绿且光泽。果实呈鲜红色，如同玛瑙般晶莹剔透。背景是山林间，云雾缭绕，远处有奇峰异石，画面充满神秘与宁静的气息，整体风格参考古代插画和传统中国彩色水墨画。
美梓,植物,木名,山海經十八卷,宋淳熙七年（1180）池陽郡齋刻本,,prompt: 一棵名为美梓的神木，树干粗壮挺拔，枝叶繁茂，树叶翠绿欲滴，花朵如云霞般绚烂，散发出淡淡的幽香。树下散落着几朵粉色花瓣，周围环绕着轻盈飘逸的雾气，仿佛置身仙境。整幅画面采用传统中国美学的彩色水墨风格，线条流畅，色彩淡雅，展现出一种超凡脱俗的美感。
柟,植物,木名,山海經十八卷,宋淳熙七年（1180）池陽郡齋刻本,,prompt: 一棵古老的柟树，枝繁叶茂，树干粗壮而扭曲，树皮呈现出深褐色的纹理。树叶浓密，呈深绿色，阳光透过树叶洒下斑驳的光影。背景是淡雅的山水，远处山峦起伏，云雾缭绕，画面整体呈现出中国传统水墨画的风格，色彩柔和而富有层次感。
杻,植物,木名,山海經十八卷,宋淳熙七年（1180）池陽郡齋刻本,,prompt: 一棵古老的杻树，枝繁叶茂，树干粗壮而扭曲，树皮呈现出深棕色，树叶翠绿且密集。背景为一片幽静的山林，远处有淡淡的云雾缭绕，整体风格参考古代中国彩色水墨画，画面充满神秘与古朴的气息。
枏,植物,木名,山海經十八卷,宋淳熙七年（1180）池陽郡齋刻本,,prompt: 一棵古老的枏树，枝繁叶茂，树干粗壮而扭曲，树叶呈现出深绿色，阳光透过树叶洒下斑驳的光影。背景是山林间的雾气缭绕，远处有几座若隐若现的山峰。画面采用传统中国水墨画风格，色彩以淡雅为主，细节处用细腻的笔触描绘，展现出枏树的古老与神秘。
鳥䄮樹,植物,木名,山海經十八卷,宋淳熙七年（1180）池陽郡齋刻本,"開明南,於表池樹木,",prompt: 《山海经》中的鸟䄮树，生长在开明南的表池旁，枝繁叶茂，树干粗壮有力。树上栖息着各种奇异的鸟类，色彩斑斓。画面采用传统中国美学的彩色水墨风格，背景为远山和流水，营造出神秘而宁静的氛围。
槃木,植物,木名,山海經十八卷,宋淳熙七年（1180）池陽郡齋刻本,"千里,",prompt: 一株巨大的槃木，树干粗壮，枝叶繁茂，覆盖千里之地。树皮呈现出古铜色，纹理清晰可见，仿佛记载着千年的历史。树叶翠绿欲滴，叶片宽大而厚实，阳光透过树叶洒下斑驳的光影。树根盘根错节，深深扎入大地，吸收着天地精华。背景是连绵起伏的山峦和蜿蜒的河流，整个画面采用传统中国美学的彩色水墨风格，充满神秘与古老的气息。
盼木,植物,木名,山海經十八卷,宋淳熙七年（1180）池陽郡齋刻本,"枳葉,無傷,木蟲居之,",prompt: 一棵古老的盼木，树干粗壮而扭曲，枝叶繁茂。叶子呈枳叶形状，绿色中透着淡淡的金黄色。树皮粗糙，有虫蛀的痕迹，但整体上依然生机勃勃。在树干和枝叶间，可以看到各种小虫子栖息其中，形成一个和谐共生的小生态系统。整幅画面采用传统中国美学的彩色水墨风格，背景是淡雅的山水景色，展现出一种宁静而神秘的氛围。
蓲,植物,木名,山海經十八卷,宋淳熙七年（1180）池陽郡齋刻本,,prompt: 一棵古老的蓲树，枝繁叶茂，树干粗壮而扭曲，树皮呈现出深褐色的纹理。树叶呈长条形，颜色为深绿色，随风轻轻摇曳。树下散落着几片落叶，周围是茂密的草地和一些野花。背景是一片幽静的山林，远处有淡淡的雾气缭绕。整幅画面采用传统的中国水墨画风格，色彩以淡雅为主，展现出一种宁静而神秘的氛围。
芑,植物,木名,山海經十八卷,宋淳熙七年（1180）池陽郡齋刻本,,prompt: 中国古代神木芑，树干粗壮挺拔，枝叶繁茂，树叶呈深绿色，果实累累，色彩鲜艳，背景为淡雅的水墨山水，画面充满传统中国美学风格，彩色水墨画风。
蒨,植物,木名,山海經十八卷,宋淳熙七年（1180）池陽郡齋刻本,,prompt: 古代神话中的神木蒨，树干粗壮而挺拔，枝叶繁茂，叶片呈深绿色，花朵为鲜艳的红色，如同燃烧的火焰。整棵树散发着神秘而庄严的气息，背景是朦胧的山峦和云雾，画面采用传统中国彩色水墨风格，笔触细腻，色彩丰富而和谐。
杞,植物,木名,山海經十八卷,宋淳熙七年（1180）池陽郡齋刻本,,prompt: 一棵古老的杞树，枝繁叶茂，树干粗壮而扭曲，树叶呈现出深绿色，果实累累。背景是远古的山川，天空中飘着淡淡的云彩，整体画面采用传统中国彩色水墨风格，充满了神秘和宁静的气息。
漆,植物,木名,山海經十八卷,宋淳熙七年（1180）池陽郡齋刻本,,prompt: 一棵古老的漆树，树干粗壮且弯曲，树皮呈现出深棕色，表面布满了裂纹和苔藓。树叶繁茂，叶片呈长椭圆形，边缘有锯齿，颜色为深绿色，在阳光下闪闪发光。树上挂满了未成熟的漆果，果实呈淡黄色，形状像小葫芦。整棵树生长在一片宁静的山谷中，周围是茂密的森林，远处可见山峦起伏。画面采用传统中国美学的彩色水墨风格，细腻地描绘出漆树的每一个细节，展现出自然和谐之美。
喬木,植物,木名,山海經十八卷,宋淳熙七年（1180）池陽郡齋刻本,,prompt: 一棵古老的喬木，树干粗壮，枝叶繁茂，树冠如云。树木周围环绕着祥云和仙鹤，背景是淡雅的山水画风格，整幅画面呈现出一种宁静和谐的传统中国美学氛围。
不死樹,植物,木名,山海經十八卷,宋淳熙七年（1180）池陽郡齋刻本,"開明北,",prompt: 一棵古老的不死树，生长在开明北的神秘之地，枝繁叶茂，树干粗壮，树叶呈现出深绿色，仿佛蕴含着无尽的生命力。树上挂满了金色的果实，光芒四射，象征着不朽与重生。背景是幽静的山谷，远处有淡淡的云雾缭绕，整体画面采用传统中国美学的彩色水墨风格，充满神秘而庄严的氛围。
青樹,植物,木名,山海經十八卷,宋淳熙七年（1180）池陽郡齋刻本,"名曰柜格之松,",prompt: 一棵古老的柜格之松，树干粗壮挺拔，枝叶繁茂如云，树皮呈现出苍老的青灰色，仿佛承载着千年的历史。树冠上挂满了翠绿的松针，阳光透过松针洒下斑驳的光影，显得神秘而庄严。画面采用传统中国美学的彩色水墨风格，背景是远山和薄雾，营造出一种幽静而古朴的氛围。
若,植物,木名,山海經十八卷,宋淳熙七年（1180）池陽郡齋刻本,,prompt: 一棵古老的若木，树干粗壮扭曲，枝叶繁茂，叶片呈深绿色，边缘有细锯齿。树上挂满了五彩斑斓的果实，散发着柔和的光芒。背景是远古时期的山林，雾气缭绕，远处有几只神鸟在飞翔。画面采用传统中国美学的彩色水墨风格，注重细节和氛围的营造。
松,植物,木名,山海經十八卷,宋淳熙七年（1180）池陽郡齋刻本,,prompt: 一棵古老的松树，树干粗壮扭曲，枝叶繁茂，翠绿的针叶在微风中轻轻摇曳。背景是淡雅的山水画风格，远处山峦起伏，云雾缭绕，整体色调以水墨为主，点缀着淡淡的彩色。画面中可以加入一些神话元素，如祥云、仙鹤等，增添神秘感。
桑,植物,木名,山海經十八卷,宋淳熙七年（1180）池陽郡齋刻本,,prompt: 一棵古老的桑树，枝繁叶茂，树干粗壮而弯曲，树皮呈现出深棕色的纹理。树叶翠绿欲滴，果实累累，桑葚挂满枝头，呈现出鲜艳的紫红色。背景是淡雅的山水画风格，远处山峦起伏，云雾缭绕，展现出中国传统水墨画的韵味。整幅画面色彩柔和，充满自然和谐之美。
藷,植物,木名,山海經十八卷,宋淳熙七年（1180）池陽郡齋刻本,,prompt: 古典中国风彩色水墨画，藷树，古老而神秘的树木，枝繁叶茂，树干粗壮有力，树叶呈深绿色，树冠如伞盖般展开，阳光透过树叶洒下斑驳光影，背景是远山和云雾缭绕的景象，整体氛围宁静而祥和。
樿,植物,木名,山海經十八卷,宋淳熙七年（1180）池陽郡齋刻本,,prompt: 古典中国风格的彩色水墨画，描绘了一棵名为樿的古老树木，树干粗壮且布满岁月的痕迹，枝叶繁茂，覆盖着一片翠绿。背景是连绵起伏的山峦和清澈的小溪，天空中飘着几朵白云，整个画面充满了宁静与和谐之美。
橚,植物,木名,山海經十八卷,宋淳熙七年（1180）池陽郡齋刻本,,prompt: 一棵古老的橚树，枝繁叶茂，树干粗壮而扭曲，树皮呈现出深褐色的纹理。树叶翠绿欲滴，随风轻轻摇曳。树下散落着几朵野花，周围是茂密的草丛。背景是远山和淡淡的云雾，整体画面采用传统中国彩色水墨风格，展现出一种宁静而神秘的氛围。
粟,植物,木名,山海經十八卷,宋淳熙七年（1180）池陽郡齋刻本,,prompt: 古代神话中的神木粟，树干粗壮挺拔，枝叶繁茂如云，树叶呈深绿色，果实累累，金黄色的粟粒点缀其间，如同繁星点点。背景为远古山林，山峦层叠，云雾缭绕，整体画面采用传统中国彩色水墨风格，充满神秘与祥和之感。
聖木,植物,木名,山海經十八卷,宋淳熙七年（1180）池陽郡齋刻本,"開明北,",prompt: 一棵古老的圣木，矗立在开明北之地，树干粗壮，枝叶繁茂，树冠如同一把巨大的伞，覆盖着一片神秘的土地。树皮呈现出深棕色，纹理清晰可见，仿佛记录着千年的历史。树叶是翠绿色的，每一片都闪烁着生命的光泽。树下生长着各种奇花异草，散发出淡淡的香气。整个场景采用传统中国美学的彩色水墨风格，背景是淡雅的山水，远处隐约可见云雾缭绕的山峰。
弞杻,植物,木名,山海經十八卷,宋淳熙七年（1180）池陽郡齋刻本,,prompt: 一棵古老的弞杻树，树干粗壮扭曲，枝叶繁茂，树叶呈深绿色，树皮粗糙且有裂纹。背景是山林之间，云雾缭绕，远处隐约可见山峦起伏。画面采用传统中国彩色水墨风格，展现出一种神秘而宁静的氛围。
三桑,植物,木名,山海經十八卷,宋淳熙七年（1180）池陽郡齋刻本,"其樹皆無枝,其髙百仭,",prompt: 三桑，古代神话中的神木，树干挺拔无枝，高达百仞，矗立于天地之间。请以传统中国美学的彩色水墨风格绘制，画面中三桑树高耸入云，树干笔直而粗壮，没有分叉和枝叶，仅在顶端长有茂密的绿叶，周围环绕着轻盈的云雾，营造出一种神秘而庄严肃穆的氛围。背景可以是远山和流水，增添画面的层次感和深远意境。
沙棠,植物,木名,山海經十八卷,宋淳熙七年（1180）池陽郡齋刻本,"其狀如棠,華黄,赤實,味如李,無核,",prompt: 沙棠，一种神秘的木名，其状如棠树，花朵呈鲜艳的黄色，果实赤红如同宝石，味道甜美如李子，但没有果核。画面中，一棵高大的沙棠树矗立在一片幽静的山谷之中，枝叶繁茂，金黄色的花朵在阳光下熠熠生辉，成熟的赤红色果实挂满枝头，吸引着各种飞鸟前来觅食。背景是连绵起伏的山峦和清澈的小溪，整个场景呈现出一种宁静而祥和的氛围，采用传统中国美学的彩色水墨风格绘制。
三株樹,植物,木名,山海經十八卷,宋淳熙七年（1180）池陽郡齋刻本,"在厭火北,生赤水上,其爲樹如桓,葉皆爲珠,一曰其爲樹若彗,",prompt: 三株樹，位于厭火之北，生长于赤水之上，树形如桓，叶片皆为珍珠般的珠子，亦有说法其形状如同彗星。请以古代插画风格和传统中国美学的彩色水墨风格描绘这棵神秘的树木，展现其独特的形态和光彩夺目的叶片。背景可加入赤水和厌火国的元素，营造出奇幻而古老的氛围。
檀,植物,木名,山海經十八卷,宋淳熙七年（1180）池陽郡齋刻本,,prompt: 一棵古老的檀木树，枝繁叶茂，树干粗壮而弯曲，树皮呈现出深褐色的纹理。树冠宽阔，绿叶茂密，阳光透过树叶洒下斑驳的光影。画面采用传统中国美学的彩色水墨风格，背景为山间云雾缭绕的景色，展现出一种宁静而神秘的氛围。
桐,植物,木名,山海經十八卷,宋淳熙七年（1180）池陽郡齋刻本,,prompt: 一棵古老的桐树，枝繁叶茂，树干粗壮而扭曲，树叶呈心形，绿意盎然。背景是淡雅的水墨山水，远处山峦起伏，云雾缭绕。整幅画面采用传统中国美学的彩色水墨风格，展现出一种宁静和谐的氛围。
棠,植物,木名,山海經十八卷,宋淳熙七年（1180）池陽郡齋刻本,,prompt: 一棵古老的棠树，枝繁叶茂，树干粗壮，树皮呈现出斑驳的纹理。树下散落着几片落叶，周围是细腻的青草和小花。画面采用传统中国美学的彩色水墨风格，背景为远山淡影，天空中飘着几朵轻盈的云彩，整幅画充满宁静和谐的氛围。
桃,植物,木名,山海經十八卷,宋淳熙七年（1180）池陽郡齋刻本,,prompt: 一棵古老的桃树，枝繁叶茂，花朵盛开，粉红色的花瓣如同云霞一般。树干粗壮而扭曲，充满岁月的痕迹。背景是淡雅的水墨山水，远处山峦起伏，云雾缭绕，营造出一种宁静而神秘的氛围。整幅画面采用传统的中国彩色水墨风格，细腻而富有诗意。
天楄,植物,木名,山海經十八卷,宋淳熙七年（1180）池陽郡齋刻本,"方莖,葵狀,",prompt: 一棵古老的天楄树，方茎葵状，枝叶繁茂，树干粗壮而挺拔。树皮呈现出深棕色，纹理清晰可见，叶片呈心形，边缘有锯齿，翠绿欲滴。树下散落着几片落叶，周围环绕着淡淡的雾气，营造出一种神秘而宁静的氛围。整体画面采用中国传统彩色水墨风格，细腻地描绘出天楄树的独特形态和生命力。
椆,植物,木名,山海經十八卷,宋淳熙七年（1180）池陽郡齋刻本,,prompt: 古代神木椆，枝繁叶茂，树干粗壮，树皮呈深褐色，树叶翠绿且密集。背景为山林幽谷，远处有云雾缭绕的山峰。画面采用传统中国美学的彩色水墨风格，展现出自然和谐之美。
楮,植物,木名,山海經十八卷,宋淳熙七年（1180）池陽郡齋刻本,,prompt: 一棵古老的楮树，树干粗壮扭曲，枝叶繁茂，树叶呈心形，颜色翠绿欲滴。树下散落着几片落叶，远处是连绵的山脉和淡淡的云雾。画面采用传统中国水墨画风格，色彩淡雅，线条流畅，富有诗意。
樗,植物,木名,山海經十八卷,宋淳熙七年（1180）池陽郡齋刻本,,prompt: 古典中国风格的彩色水墨画，描绘一棵巨大的樗树，树干粗壮扭曲，枝叶繁茂，树叶呈现出深绿色，树下有几只小鹿在悠闲地觅食，背景是连绵起伏的山峦和轻柔的云雾，整个画面充满着宁静和谐的氛围。
