﻿名字,一级类目,二级类目,出处书名,版本,描述,prompt
亹冬,植物,草名,山海經十八卷,宋淳熙七年（1180）池陽郡齋刻本,,prompt: 亹冬，一种传说中的奇异草本植物，生长于幽深山谷之中。其叶片细长如丝，色泽翠绿欲滴，花朵小巧玲珑，呈淡紫色，散发出淡淡的幽香。在月光下，整株植物仿佛被一层薄雾笼罩，显得神秘莫测。请以传统中国美学的彩色水墨风格绘制此植物，背景为幽静的山谷，月光洒落，营造出一种宁静而神秘的氛围。
烏韭,植物,草名,山海經十八卷,宋淳熙七年（1180）池陽郡齋刻本,,prompt: 乌韭，一种神秘的草本植物，生长在幽深的山谷之中。它的叶片细长而柔软，呈现出深邃的墨绿色，仿佛能吸收周围所有的光线。植株不高，但形态优雅，叶子间偶尔会闪烁着微弱的荧光，如同夜空中最暗淡的星辰。请以古代插画风格和传统中国美学的彩色水墨风格描绘这株乌韭，背景为云雾缭绕的山峦，营造出一种梦幻而神秘的氛围。
莬丘,植物,草名,山海經十八卷,宋淳熙七年（1180）池陽郡齋刻本,,prompt: 《山海经》中的莬丘草，生长于古老山脉之间，其叶片细长如兔耳，色泽翠绿欲滴，茎干坚韧挺拔。在清晨的雾气中，莬丘草显得格外神秘，仿佛是仙人遗落人间的珍稀之物。请以古代插画风格和传统中国美学的彩色水墨风格绘制，画面中莬丘草随风轻摇，周围点缀着奇石和古木，营造出一种幽静而神秘的氛围。
無條,植物,草名,山海經十八卷,宋淳熙七年（1180）池陽郡齋刻本,"其狀如槀茇,其葉如葵,赤背,",prompt: 无条，一种古老的草本植物，其形态类似槀茇，叶片形状如同葵叶，背面呈红色。请以古代插画风格和传统中国美学的彩色水墨风格描绘这种神秘的草本植物。背景为远古山林，色彩以淡雅为主，突出无条的独特之处。
薤,植物,草名,山海經十八卷,宋淳熙七年（1180）池陽郡齋刻本,,prompt: 中国传统水墨风格，薤草，细长的绿色叶片，根部白色，生长在湿润的土地上，周围有其他野草和小花点缀，背景是淡淡的山水画，色彩淡雅，充满自然之美。
香,植物,草名,山海經十八卷,宋淳熙七年（1180）池陽郡齋刻本,,prompt: 中国传统彩色水墨风格的香草，细长而柔韧的叶片轻轻摇曳，叶片上点缀着淡紫色的小花，花朵散发着淡淡的香气，背景是朦胧的山水，整幅画面充满古朴典雅的气息。
蕭,植物,草名,山海經十八卷,宋淳熙七年（1180）池陽郡齋刻本,,prompt: 传统中国美学的彩色水墨风格，萧草，细长而柔软的茎叶随风轻摆，叶片呈现出淡绿色，边缘略带波浪状，整株植物在微风中摇曳生姿，仿佛能听到风吹过草丛的声音，背景为山间清幽的自然风光，远处有淡淡的云雾缭绕，增添几分神秘与宁静。
薫草,植物,草名,山海經十八卷,宋淳熙七年（1180）池陽郡齋刻本,"麻葉,方莖,赤華,黒實,臭如蘼蕪,",prompt: 一株薫草，其叶子形状类似麻叶，茎干为方形，花朵呈现出鲜艳的红色，果实则为深黑色。整株植物散发着蘼芜般的香气，画面采用传统中国美学的彩色水墨风格，细腻描绘出薫草的独特形态与色彩，背景以淡雅的山水或古典园林为衬托，营造出一种宁静而神秘的氛围。
荀草,植物,草名,山海經十八卷,宋淳熙七年（1180）池陽郡齋刻本,"其狀如葌,方莖,黄華,赤實,其本如藁本,",prompt: 《山海经》中的荀草，其状如葌，方茎，黄花，赤实，其本如藁本。请绘制一幅传统中国美学的彩色水墨风格插画，画面中荀草生长在古朴的山野之中，方正的茎干挺拔而立，黄色的花朵点缀其间，红色的果实饱满诱人，根部如同藁本般粗壮有力，整体呈现出一种神秘而优雅的气息。背景可以是淡雅的山水，远处隐约可见古老的村落和蜿蜒的小径，营造出一种宁静而祥和的氛围。
葱,植物,草名,山海經十八卷,宋淳熙七年（1180）池陽郡齋刻本,,prompt: 传统中国美学的彩色水墨风格，葱，草名，细长翠绿的叶子，根部微微泛白，生长在湿润肥沃的土地上，周围点缀着几朵淡紫色的小花，远处是朦胧的山峦和轻柔的云雾，画面充满诗意与宁静。
薫華草,植物,草名,山海經十八卷,宋淳熙七年（1180）池陽郡齋刻本,"朝生夕死,",prompt: 朝生夕死的薫華草，细长的茎上绽放着淡紫色的小花，花瓣轻盈透明，仿佛晨露凝结而成。清晨时分，花朵在第一缕阳光下缓缓绽放，散发着淡淡的幽香；傍晚时分，花朵逐渐凋零，化作一缕清烟消散于夜色中。画面背景为一片宁静的山谷，山间云雾缭绕，远处隐约可见古朴的亭台楼阁。整体风格参考古代插画和传统中国美学的彩色水墨风格，色调以淡雅为主，突出薫華草短暂而美丽的生命。
芎窮,植物,草名,山海經十八卷,宋淳熙七年（1180）池陽郡齋刻本,,prompt: 传统中国美学的彩色水墨风格，芎窮草，生长在山间幽谷之中，叶片细长而翠绿，花序呈伞状，花朵小巧玲珑，颜色淡紫或粉白，散发出淡淡的清香，周围环绕着轻盈的雾气，远处是连绵起伏的山峦，近处有清澈的小溪潺潺流过，整体画面宁静而富有诗意。
尋竹,植物,草名,山海經十八卷,宋淳熙七年（1180）池陽郡齋刻本,,prompt: 传统中国美学的彩色水墨风格，寻竹，一种神秘的草本植物，生长在幽静的山谷之中。其叶片细长如翠玉，茎干挺拔而坚韧，顶端生有淡紫色的小花，散发出淡淡的清香。背景是云雾缭绕的山峦和清澈的溪流，画面中还点缀着几只飞翔的仙鹤，增添了几分仙气。
芫,植物,草名,山海經十八卷,宋淳熙七年（1180）池陽郡齋刻本,,prompt: 传统中国美学彩色水墨风格，芫草，细长的茎叶，淡绿色，叶片边缘有细微锯齿，顶部开出白色小花，花朵呈伞状排列，生长在湿润的草地中，周围点缀着几朵野花和蝴蝶，背景是淡淡的山水画，整个画面充满生机与和谐，展现出自然之美。
葯,植物,草名,山海經十八卷,宋淳熙七年（1180）池陽郡齋刻本,,prompt: 中国传统水墨画风格，葯草生长在山间幽谷之中，叶片细长而翠绿，花朵小巧呈淡紫色，周围环绕着淡淡的雾气，阳光透过云层洒落，增添几分神秘气息，画面充满古朴与自然之美。
䔄草,植物,草名,山海經十八卷,宋淳熙七年（1180）池陽郡齋刻本,"其葉胥成,其華黄,其實如莬丘,",prompt: 䔄草，一种神秘的古代草本植物，其叶子呈对生状态，花朵为鲜艳的黄色，果实形状类似小山丘。请以传统中国美学的彩色水墨风格绘制，展现其独特的形态和色彩，背景可加入古典山水元素，营造出一种幽静而古老的氛围。
焉酸,植物,草名,山海經十八卷,宋淳熙七年（1180）池陽郡齋刻本,"方莖,黄華,貟葉,三成,",prompt: 方茎黄花圆叶的神秘草焉酸，三成一簇，生长在幽静的山谷之中，周围环绕着轻柔的雾气。画面采用传统中国美学的彩色水墨风格，细腻描绘出焉酸草的独特形态和自然环境，背景以淡雅的山水为衬托，展现出一种宁静而神秘的氛围。
蘡薁,植物,草名,山海經十八卷,宋淳熙七年（1180）池陽郡齋刻本,,prompt: 传统中国美学彩色水墨风格，蘡薁草，细腻的绿色叶片，藤蔓缠绕，小而密集的紫色果实点缀其间，背景为淡雅的山水，整体画面充满诗意与自然之美。
竹䉋,植物,草名,山海經十八卷,宋淳熙七年（1180）池陽郡齋刻本,,prompt: 中国传统水墨画风格，竹䉋，一种古老的草本植物，生长在幽静的山谷之中，叶片细长而翠绿，随风轻摆。画面中，几株竹䉋在山石间生长，背景是淡淡的云雾缭绕的远山，展现出一种宁静而神秘的氛围。色彩以淡雅的绿色为主，辅以墨色勾勒出山石和枝叶的轮廓，整体呈现出一种清新脱俗的美感。
竹,植物,草名,山海經十八卷,宋淳熙七年（1180）池陽郡齋刻本,,prompt: 中国传统水墨风格，竹子，翠绿的竹叶在微风中轻轻摇曳，竹竿挺拔修长，画面中几根竹子交错生长，形成一片幽静的竹林，背景是淡淡的山雾和远山，整体色调以绿色为主，辅以淡墨勾勒出竹子的轮廓，展现出一种清新脱俗、高雅宁静的意境。
𦬸,植物,草名,山海經十八卷,宋淳熙七年（1180）池陽郡齋刻本,,prompt: 请绘制一种名为“𦬸”的古代草本植物，参考《山海经》中的描述。该植物生长在远古的华夏大地，具有神秘的力量。画面中，这株草本植物呈现出优雅的姿态，叶片细长而柔韧，色泽翠绿，花朵小巧而精致，色彩斑斓。背景采用传统中国美学的彩色水墨风格，展现出一幅充满古韵和神秘气息的画面。
枝,植物,草名,山海經十八卷,宋淳熙七年（1180）池陽郡齋刻本,,prompt: 中国传统水墨画风格，枝草生长在山间溪流旁，细长的茎干弯曲向上，叶子呈羽状分裂，颜色为淡绿色，花朵小巧而精致，呈现出淡淡的紫色，远处是连绵起伏的山脉，天空中飘着几朵白云，整体画面宁静而富有诗意。
藻,植物,草名,山海經十八卷,宋淳熙七年（1180）池陽郡齋刻本,,prompt: 古代神话中的奇异草名藻，生长在清澈的山涧溪流旁，其叶片碧绿透明，仿佛由水珠凝结而成，茎干细长柔韧，随风轻摆。整株植物散发着淡淡的幽光，如同夜空中的星辰落入凡间。背景为一幅传统中国美学的彩色水墨画风格，远处是云雾缭绕的群山，近处则有几只仙鹤悠闲地栖息于溪边，整个画面充满神秘而宁静的气息。
茈草,植物,草名,山海經十八卷,宋淳熙七年（1180）池陽郡齋刻本,,prompt: 古典中国风彩色水墨画，茈草，一种传说中的神秘草药，生长在幽静的山谷之中，叶片呈心形，边缘有细小锯齿，茎干纤细而坚韧，花朵为淡紫色，花瓣轻盈如云，花蕊金黄，散发出淡淡的幽香，整株植物被晨雾轻轻环绕，透露出一种超凡脱俗的气质。背景是连绵起伏的山峦和清澈的小溪，画面中还点缀着几只翩翩起舞的蝴蝶，整个场景充满了宁静与和谐之美。
竹箭,植物,草名,山海經十八卷,宋淳熙七年（1180）池陽郡齋刻本,,prompt: 中国传统美学风格，彩色水墨画，竹箭，细长的草本植物，叶片狭长而尖锐，茎干坚韧挺拔，生长在幽静的山谷之中，周围环绕着轻柔的雾气和奇石，画面中融入古代文人雅士对自然景致的赞美之情，整体氛围宁静而富有诗意。
祝餘,植物,草名,山海經十八卷,宋淳熙七年（1180）池陽郡齋刻本,"其狀如韭,青花,",prompt: 《山海经》中的祝餘草，其状如韭，青花绽放，生长在神秘的山谷之中。画面中，一丛丛翠绿的祝餘草随风轻摇，细长的叶片如同韭菜般挺拔，顶端盛开着淡雅的青色花朵。背景是幽静的山谷，远处有淡淡的云雾缭绕，增添几分神秘感。整体风格采用传统中国美学的彩色水墨画法，色彩清新淡雅，线条流畅自然，展现出一种宁静而祥和的氛围。
荻,植物,草名,山海經十八卷,宋淳熙七年（1180）池陽郡齋刻本,,prompt: 传统中国美学彩色水墨风格，一丛荻草在水边轻轻摇曳，背景是淡雅的山水，画面中透露出宁静与和谐，色彩以淡墨为主，点缀些许青绿，展现出一种清新脱俗的美感。
稲,植物,草名,山海經十八卷,宋淳熙七年（1180）池陽郡齋刻本,,prompt: 中国传统彩色水墨风格，稻田中的稲草，金黄色的稻穗随风轻轻摇曳，背景是远山和淡淡的云雾，画面充满诗意与宁静，参考古代插画风格，注重细节和纹理的表现。
杜衡,植物,草名,山海經十八卷,宋淳熙七年（1180）池陽郡齋刻本,"其狀如葵,其臭如蘼蕪,可以走馬,",prompt: 请绘制一幅《山海经》中的杜衡草，其形状类似葵花，但散发出蘼芜的香气。这幅画应采用古代插画风格和传统中国美学的彩色水墨风格，画面中可以有一匹马在草地上奔跑，以表现“可以走马”的特性。背景可以是山川河流，展现出自然和谐之美。
蕃,植物,草名,山海經十八卷,宋淳熙七年（1180）池陽郡齋刻本,,prompt: 请绘制一种名为蕃的草本植物，根据《山海经》记载，这种植物生长在远古时期的华夏大地。画面中，蕃草呈现出茂盛的姿态，叶片宽大而翠绿，茎干挺拔有力。整个画面采用传统中国美学的彩色水墨风格，背景为朦胧的山水景色，远处有淡淡的云雾缭绕，增添几分神秘与幽静之感。色彩上以淡雅为主，通过细腻的笔触表现出植物的生命力和自然之美。
扶竹,植物,草名,山海經十八卷,宋淳熙七年（1180）池陽郡齋刻本,,prompt: 传统中国美学彩色水墨风格，扶竹，一种传说中的草本植物，生长在幽静的山谷之中，其茎细长而坚韧，叶片呈深绿色，边缘有锯齿状，花朵小巧玲珑，颜色淡雅，常被古人视为高洁与坚韧的象征，画面中扶竹随风轻轻摇曳，周围点缀着奇石和清澈的小溪，背景是淡淡的山峦轮廓，整体氛围宁静而富有诗意。
茇,植物,草名,山海經十八卷,宋淳熙七年（1180）池陽郡齋刻本,"其狀如樗,其葉如桐,莢實,",prompt: 一棵古朴的茇草，其形状如同樗树般挺拔，叶片宽大如桐叶，枝头结着荚果，色彩采用传统中国水墨画风格，背景为淡雅的山水景色，展现出一种静谧而神秘的自然之美。
勾,植物,草名,山海經十八卷,宋淳熙七年（1180）池陽郡齋刻本,,prompt: 古代神话中的草名勾，以传统中国美学的彩色水墨风格描绘，细腻的笔触勾勒出其独特的形态，叶片修长而优雅，色彩以淡雅的绿色为主，边缘略带金黄，仿佛在微风中轻轻摇曳。背景是山海经中常见的幽静山谷，远处有淡淡的云雾缭绕，增添几分神秘感。
藁,植物,草名,山海經十八卷,宋淳熙七年（1180）池陽郡齋刻本,,prompt: 中国传统彩色水墨风格，藁草，生长在田野间，叶片细长而柔软，随风轻摆，呈现出淡绿色的光泽，背景是远山和蓝天，画面充满诗意和宁静感，参考古代插画风格，细节精致，色彩柔和。
槀茇,植物,草名,山海經十八卷,宋淳熙七年（1180）池陽郡齋刻本,,prompt: 中国传统彩色水墨风格，槀茇草，叶片细长而密集，呈深绿色，茎干挺拔，生长于山间幽谷之中，周围环绕着淡淡的雾气，背景为远山和古木，画面充满神秘与自然之美。
鬼草,植物,草名,山海經十八卷,宋淳熙七年（1180）池陽郡齋刻本,"其葉如葵,赤莖,其秀如禾,",prompt: 一种名为鬼草的神秘植物，其叶子形状如同葵花般宽大而美丽，茎部呈现出鲜艳的红色，花朵则像禾苗一样细长而密集。整体以传统中国美学的彩色水墨风格呈现，背景为淡雅的山水画卷，展现出鬼草在自然环境中的独特韵味。
𦱌草,植物,草名,山海經十八卷,宋淳熙七年（1180）池陽郡齋刻本,"葉狀如葵,赤莖,白華,實如蘡薁,",prompt: 画一株古籍《山海经》中描述的𦱌草，其叶片形似葵叶，茎干呈赤红色，花朵洁白如雪，果实则像成熟的蘡薁般饱满诱人。整幅画面采用中国传统彩色水墨风格绘制，注重线条流畅与色彩层次感，展现出一种古典而神秘的美感。背景可以是淡淡的山水或云雾缭绕的仙境，以此衬托出这株奇草的独特魅力。
蓇蓉,植物,草名,山海經十八卷,宋淳熙七年（1180）池陽郡齋刻本,"其葉如蕙,其本如桔梗,黒華,不實,",prompt: 葙蓉，一种神秘的草本植物，其叶子形状类似蕙兰，茎干如同桔梗般挺拔。花朵呈现深邃的黑色，但不开花结果。请以古代插画风格和传统中国美学的彩色水墨风格描绘这株植物，注重表现其独特的叶形、茎干以及黑色花朵的神秘美感。背景可以是幽静的山谷或古朴的园林，增加画面的古典氛围。
桂竹,植物,草名,山海經十八卷,宋淳熙七年（1180）池陽郡齋刻本,"甚毒傷人必死,",prompt: 桂竹，一种极其毒性的草本植物，生长在幽暗的山谷之中。它的叶片狭长而尖锐，呈深绿色，边缘带有锯齿状。花朵小巧，颜色为紫色，散发出淡淡的荧光。桂竹周围弥漫着一股不祥的气息，仿佛能吞噬一切生命。请以古代插画风格和传统中国美学的彩色水墨风格描绘这种神秘而致命的植物，背景为阴森的山谷，画面中可以加入一些因接触桂竹而倒下的小动物，以突出其毒性之强。
筀竹,植物,草名,山海經十八卷,宋淳熙七年（1180）池陽郡齋刻本,,prompt: 筀竹，一种古老的草本植物，生长在神秘的山林之中。请以传统中国美学的彩色水墨风格绘制，展现出其优雅而坚韧的特性。画面中，筀竹高耸入云，翠绿欲滴，枝叶繁茂且姿态挺拔。背景为幽静的山谷，远处有淡淡的云雾缭绕，增添几分神秘感。整幅画作要体现出《山海经》中的奇幻氛围，同时保持自然与和谐之美。
禾,植物,草名,山海經十八卷,宋淳熙七年（1180）池陽郡齋刻本,,prompt: 中国传统水墨画风格，禾草，生长在古朴的田野中，叶片细长而柔软，随风轻轻摇曳，展现出自然和谐之美。画面背景为远山和淡淡的云雾，色彩以淡雅的绿色为主，点缀着一些温暖的黄色，象征着丰收与希望。
㭉,植物,草名,山海經十八卷,宋淳熙七年（1180）池陽郡齋刻本,,prompt: 《山海经》中的神秘草药“㭉”，请以古代插画风格和传统中国美学的彩色水墨风格绘制。这株草生长在幽静的山谷之中，其叶片细长而柔软，呈现出淡绿色，茎干纤细且带有微微的紫色光泽。顶端开出数朵小巧玲珑的花朵，花瓣为白色，花蕊则为金黄色，散发出淡淡的清香。周围环绕着轻柔的雾气，增添了一丝神秘感。背景是连绵起伏的山脉和清澈的小溪，展现出一幅宁静而祥和的自然景象。
蕙,植物,草名,山海經十八卷,宋淳熙七年（1180）池陽郡齋刻本,,prompt: 中国传统水墨风格，蕙草，细长的叶片轻盈摇曳，翠绿色彩，花朵小巧而精致，呈淡紫色，生长在幽静的山谷之中，背景是淡淡的山峦和云雾，画面充满诗意与宁静。
䓤,植物,草名,山海經十八卷,宋淳熙七年（1180）池陽郡齋刻本,,prompt: 古代草本植物葱，生长于山野之间，叶片细长翠绿，根部白色，整体形态优雅。画面采用传统中国美学的彩色水墨风格，背景为淡雅山水，强调葱的自然生长环境和其在古代文化中的重要地位。
華草,植物,草名,山海經十八卷,宋淳熙七年（1180）池陽郡齋刻本,,prompt: 传统中国美学彩色水墨风格，華草，古籍《山海经》中的神秘草名，生长于幽静山谷之中，叶片呈心形，边缘有细腻锯齿，花色淡雅，花瓣如丝般柔滑，微风吹过时轻轻摇曳，仿佛在诉说着古老的故事，背景为云雾缭绕的山峦，远处可见若隐若现的仙鹤飞翔，整体画面充满诗意与神秘感。
黄雚,植物,草名,山海經十八卷,宋淳熙七年（1180）池陽郡齋刻本,"其狀如樗,其葉如麻,白華,赤實,其狀如赭,",prompt: 一株古老的黄雚草，其形状类似于樗树，叶子则像麻叶一般，花朵洁白如雪，果实鲜红如血，果实的形状宛如赭石。整幅画面采用传统中国美学的彩色水墨风格，背景是淡雅的山水，强调植物的自然美感和神秘色彩。
韭,植物,草名,山海經十八卷,宋淳熙七年（1180）池陽郡齋刻本,,prompt: 中国传统彩色水墨风格，描绘一种名为韭的草本植物，细长而翠绿的叶子紧密排列，根部微白，整体呈现出生机勃勃的景象，背景为淡雅的山水，增添古朴韵味。
箭,植物,草名,山海經十八卷,宋淳熙七年（1180）池陽郡齋刻本,,prompt: 古代神话中的草名箭，生长于神秘的山林之中，其茎细长而坚韧，叶片呈羽状分裂，色彩为淡绿色。整株植物仿佛一支蓄势待发的箭矢，充满力量与生命力。请以传统中国美学的彩色水墨风格绘制，画面中可以加入山石、云雾等元素，营造出一种幽静而神秘的氛围。
菊,植物,草名,山海經十八卷,宋淳熙七年（1180）池陽郡齋刻本,,prompt: 传统中国美学的彩色水墨风格，一株盛开的菊花，花瓣细腻如丝，色彩鲜艳而典雅，背景为淡雅的山水画，体现出草木之美的宁静与和谐，画面中融入《山海经》中的神秘元素，如远处隐约可见的神兽或奇异植物，增强画面的神话氛围。
菅,植物,草名,山海經十八卷,宋淳熙七年（1180）池陽郡齋刻本,,prompt: 传统中国美学的彩色水墨风格，菅草在田野中摇曳生姿，细长的叶片随风轻摆，呈现出自然和谐之美。背景是宁静的田园风光，远处有山峦和古朴的村落，天空中飘着几朵白云，阳光透过云层洒在菅草上，形成斑驳光影。画面色彩以淡雅为主，展现出一种静谧而悠远的意境。
苣,植物,草名,山海經十八卷,宋淳熙七年（1180）池陽郡齋刻本,,prompt: 传统中国美学彩色水墨风格，古籍《山海经》中记载的奇异草名苣，生长于幽谷之中，叶片细长如丝带，随风轻摆，色彩斑斓，有红、黄、蓝、绿等多种颜色交织，仿佛彩虹般绚烂，根部深埋于土壤中，吸收天地精华，散发出淡淡的光芒，周围环绕着薄雾和神秘气息，远处山峦若隐若现，营造出一种奇幻而宁静的氛围。
箘,植物,草名,山海經十八卷,宋淳熙七年（1180）池陽郡齋刻本,,prompt: 一种名为箘的神秘草本植物，生长在幽深的山谷之中，其叶片呈心形，边缘带有细小锯齿，叶色翠绿欲滴，中央长有一根细长而挺拔的茎，顶端绽放着一朵淡紫色的小花，花瓣薄如蝉翼，散发着淡淡的幽香。整个画面采用传统中国美学的彩色水墨风格绘制，背景是朦胧的山峦和缭绕的云雾，增添了几分神秘与幽静之感。
芥,植物,草名,山海經十八卷,宋淳熙七年（1180）池陽郡齋刻本,,prompt: 中国传统彩色水墨风格，描绘一种名为芥的草本植物，生长在山野之间，叶子细长而密集，呈现出淡淡的绿色，花朵小巧，颜色为淡黄色，周围环境以山石和溪流为主，展现出自然和谐之美。
葌草,植物,草名,山海經十八卷,宋淳熙七年（1180）池陽郡齋刻本,,prompt: 传统中国美学彩色水墨风格，葌草，细长的叶子呈深绿色，叶片边缘有锯齿状，花朵小巧，颜色为淡紫色，花序为穗状，生长在湿润的山谷中，周围环境幽静，远处有山峦起伏，近处有溪流潺潺，画面充满古朴典雅的气息。
鷄榖,植物,草名,山海經十八卷,宋淳熙七年（1180）池陽郡齋刻本,,prompt: 中国传统彩色水墨风格的鷄榖草，生长在神秘的山林之中，叶片细长而翠绿，花朵呈淡黄色，形似鸡冠，散发出淡淡的幽香，周围环境古朴典雅，充满自然和谐之美。
桔梗,植物,草名,山海經十八卷,宋淳熙七年（1180）池陽郡齋刻本,,prompt: 中国传统彩色水墨风格，桔梗花，草本植物，蓝色花朵，细长的茎，叶片呈心形，生长在田野中，背景为山川河流，远处有古代村落，画面充满诗意和宁静，参考《山海经》中的植物描绘，展现古朴自然之美。
雞榖,植物,草名,山海經十八卷,宋淳熙七年（1180）池陽郡齋刻本,"其本如雞夘,其味酸甘,",prompt: 一株古老的草本植物，名为雞榖，其根部形状酷似鸡爪，叶片细长而翠绿，整体呈现出一种古朴的美感。整株植物散发着淡淡的酸甜香气，仿佛能让人闻到远古的气息。背景为淡雅的山水画风格，色彩以传统中国水墨画的墨色和淡彩为主，营造出一种宁静而神秘的氛围。
白菅,植物,草名,山海經十八卷,宋淳熙七年（1180）池陽郡齋刻本,,prompt: 古典中国风格的彩色水墨画，描绘一种名为白菅的草本植物，其叶片细长而柔软，颜色为淡绿色，边缘略带白色，花朵小巧而密集，呈白色或淡黄色，整株植物在微风中轻轻摇曳，背景是山海经中的神秘山水景色，画面充满古朴典雅的气息。
萆荔,植物,草名,山海經十八卷,宋淳熙七年（1180）池陽郡齋刻本,"狀如烏韭,生於石上,亦縁木而生,",prompt：萆荔，一种古老的草本植物，形状类似乌韭，生长在岩石上，也能攀缘树木而生。请以古代插画风格和传统中国美学的彩色水墨风格描绘这种神秘的草本植物，背景为山石与古树，色彩以淡雅为主，突出其生命力顽强且独特的生长环境。
菌蒲,植物,草名,山海經十八卷,宋淳熙七年（1180）池陽郡齋刻本,,prompt: 传统中国美学彩色水墨风格的菌蒲，这是一种神秘的草本植物，生长在幽静的山谷之中，叶片细长而柔软，呈现出淡淡的绿色，花朵小巧玲珑，颜色淡雅，如同晨雾中的露珠，散发着淡淡的幽香，背景是朦胧的山峦和潺潺流水，营造出一种宁静而祥和的氛围。
嘉榮,植物,草名,山海經十八卷,宋淳熙七年（1180）池陽郡齋刻本,"生而秀,其髙丈餘,赤葉,赤華,華而不實,",prompt: 古代神话中的嘉榮草，高约一丈余，叶片和花朵皆为红色，花而不实，采用传统中国美学的彩色水墨风格绘制，画面中嘉榮草挺拔秀美，叶片和花朵鲜艳夺目，背景以淡雅的山水为衬托，展现出神秘而美丽的山海经世界。
葵,植物,草名,山海經十八卷,宋淳熙七年（1180）池陽郡齋刻本,,prompt: 一棵古老的葵草，生长在神秘的山间，叶子宽大而翠绿，花朵金黄灿烂，如同太阳般耀眼。整株植物散发着淡淡的光芒，仿佛蕴含着古老的力量。背景是淡雅的水墨山水，远处有若隐若现的山峰和云雾缭绕。整体画面采用传统中国美学的彩色水墨风格，色彩柔和而富有层次感。
空奪,植物,草名,山海經十八卷,宋淳熙七年（1180）池陽郡齋刻本,,prompt: 中国传统水墨画风格，空奪草，生长于幽静山谷之中，叶片细长如剑，翠绿欲滴，花朵呈淡紫色，花瓣轻盈透明，仿佛能随风飘动，背景是朦胧的山峦和淡淡的云雾，整体色调以青绿为主，点缀着些许紫色，营造出一种神秘而宁静的氛围。
苦莘,植物,草名,山海經十八卷,宋淳熙七年（1180）池陽郡齋刻本,"其狀如橚,其實如瓜,其味酸甘,",prompt: 一棵古老的苦莘草，其形状如同橚树般挺拔优雅，枝叶繁茂，果实如瓜，色彩斑斓，散发着酸甜的气息。画面采用传统中国美学的彩色水墨风格，细腻描绘出每一根枝条和每一片叶子，展现出苦莘草的独特魅力。背景是山林间的一片幽静之地，远处有淡淡的云雾缭绕，增添了一丝神秘感。
㓂脫,植物,草名,山海經十八卷,宋淳熙七年（1180）池陽郡齋刻本,,prompt: 传统中国美学的彩色水墨风格，描绘一种名为㓂脫的神秘草本植物。该植物生长在幽静的山谷之中，叶片呈深绿色，形状似羽毛，轻盈而富有生机。花朵小巧玲珑，颜色为淡紫色，散发出淡淡的香气。整株植物给人一种宁静祥和的感觉，仿佛能够净化心灵。背景是山峦起伏、云雾缭绕的自然景观，远处有潺潺流水声，营造出一种远离尘嚣的意境。
纍,植物,草名,山海經十八卷,宋淳熙七年（1180）池陽郡齋刻本,,prompt: 一种名为纍的奇异草本植物，其叶片宽大且呈深绿色，边缘带有锯齿状，中央有一条明显的白色脉络。纍生长在山间幽谷之中，周围环绕着淡淡的雾气，背景是连绵起伏的山脉和古老的松树。整幅画面采用传统中国美学的彩色水墨风格，色彩淡雅而富有层次感，展现出神秘而宁静的自然景象。
𦵧,植物,草名,山海經十八卷,宋淳熙七年（1180）池陽郡齋刻本,"其狀如蓍而毛,青華,白實,",prompt: 一种名为𦵧的草，其形状类似蓍草但长有绒毛，花朵为青色，果实为白色。请以古代插画风格和传统中国美学的彩色水墨风格描绘这种神秘的植物。背景可以是山林或溪流旁，营造出一种宁静而神秘的氛围。
穋,植物,草名,山海經十八卷,宋淳熙七年（1180）池陽郡齋刻本,,prompt: 中国传统水墨风格，穋草，细长的茎叶随风摇曳，叶片呈淡绿色，边缘有细微锯齿，穗状花序顶生，花色为淡黄色，背景是朦胧的山水，画面充满诗意与古典美感。
荖目,植物,草名,山海經十八卷,宋淳熙七年（1180）池陽郡齋刻本,,prompt: 《山海经》中的荖目，是一种神秘的草本植物，生长在幽深的山谷之中。其叶片细长而柔软，呈现出淡绿色，叶脉清晰可见，如同细腻的水墨画线条。花朵小巧玲珑，呈淡紫色，花瓣轻盈透明，仿佛是山间晨雾中的一抹紫色幻影。整株植物散发出淡淡的清香，给人以宁静和安详之感。背景为古朴的山水景色，采用传统中国美学的彩色水墨风格，画面中隐约可见云雾缭绕的山峦和清澈的小溪，展现出一种超凡脱俗的意境。
龍脩,植物,草名,山海經十八卷,宋淳熙七年（1180）池陽郡齋刻本,,prompt: 中国传统彩色水墨风格，龍脩草，生长在神秘的山林之中，叶片细长如龙须，色彩斑斓，从绿色渐变到紫色，花序呈螺旋状上升，仿佛小龙盘旋而上，周围环绕着淡淡的雾气，增添几分仙气，背景是古老的山峦和云海，整体画面充满神秘与幽静之美。
䉋,植物,草名,山海經十八卷,宋淳熙七年（1180）池陽郡齋刻本,,prompt: 䉋，一种神秘的草本植物，生长在幽深的山谷之中，其叶片细长如丝，颜色翠绿欲滴，茎干挺拔而坚韧。整株植物散发着淡淡的光芒，仿佛蕴含着古老的力量。请以《山海经》中的描述为灵感，结合中国传统水墨画风格，绘制出这种独特的草本植物。背景可选择雾气缭绕的山谷，增添一份神秘感。
麻,植物,草名,山海經十八卷,宋淳熙七年（1180）池陽郡齋刻本,,prompt: 古代草本植物麻，中国传统彩色水墨风格，细腻的线条勾勒出麻的茎叶，叶片呈长条形，绿色渐变，展现出自然生长的状态，背景为淡雅的山水景色，整体画面充满诗意和古典美感。
茆,植物,草名,山海經十八卷,宋淳熙七年（1180）池陽郡齋刻本,,prompt: 中国传统彩色水墨风格，描绘一种名为茆的古老草本植物，生长在山间溪流旁，叶片宽大而翠绿，边缘带有细小锯齿，茎干挺拔修长，花朵呈淡紫色，花瓣细腻柔美，散发出淡淡的幽香，背景为云雾缭绕的山峦，远处可见古朴的亭台楼阁，整体画面充满神秘与宁静之美。
芒草,植物,草名,山海經十八卷,宋淳熙七年（1180）池陽郡齋刻本,"其狀如棠,赤葉,",prompt: 一株芒草，其状如棠，叶片呈现鲜艳的赤红色，生长在山间溪流旁，背景是淡雅的水墨山水，整幅画面采用传统中国美学的彩色水墨风格，展现出一种古典而神秘的气息。
莾草,植物,草名,山海經十八卷,宋淳熙七年（1180）池陽郡齋刻本,,prompt: 传统中国美学的彩色水墨风格，莾草，一种古老的草本植物，生长在山野之间，叶片宽大而翠绿，边缘带有细微锯齿，茎干挺拔有力，花朵小巧玲珑，呈淡紫色，花蕊金黄，整体散发着自然的生机与活力，背景为朦胧的山峦和潺潺流水，营造出宁静而神秘的氛围。
𧄸冬,植物,草名,山海經十八卷,宋淳熙七年（1180）池陽郡齋刻本,,prompt: 传统中国美学的彩色水墨风格，描绘一种名为𧄸冬的草本植物，生长在古代山林间，叶片细长而翠绿，茎干挺拔，花朵小巧，颜色淡雅，仿佛能抵御严寒，周围环境宁静祥和，远处是连绵起伏的山脉，近处有清澈的小溪流过，整体画面充满自然和谐之美。
蘼蕪,植物,草名,山海經十八卷,宋淳熙七年（1180）池陽郡齋刻本,,prompt: 传统中国美学的彩色水墨风格，蘼蕪草，细长的叶子如丝带般轻盈飘逸，叶片边缘略带波浪形，呈现出淡绿色至深绿色的渐变，生长在湿润的溪边或林下，周围环境幽静而神秘，空气中弥漫着淡淡的清香，仿佛能让人忘却尘世烦恼，背景为山石与流水，营造出一种宁静而祥和的氛围。
蘪蕪,植物,草名,山海經十八卷,宋淳熙七年（1180）池陽郡齋刻本,,prompt: 中国传统彩色水墨风格，蘪蕪草，生长于幽静山谷之中，叶片细长而柔软，呈淡绿色，花朵小巧玲珑，花瓣白色中透着微红，散发出淡淡的香气，背景是山石和溪流，画面宁静而雅致。
明組巴,植物,草名,山海經十八卷,宋淳熙七年（1180）池陽郡齋刻本,"居海中,",prompt: 《山海经》中的神秘草名明組巴，生长于浩瀚无垠的海洋之中，其叶片如碧玉般晶莹剔透，随波轻摇。请以古代插画风格和传统中国美学的彩色水墨风格描绘此景，画面中海水呈现出深邃而清澈的蓝色，几尾游鱼穿梭其间，远处海天一色，近处则是这株罕见的水中奇草，它的存在仿佛是连接着人间与仙境的桥梁，令人向往。
牛傷,植物,草名,山海經十八卷,宋淳熙七年（1180）池陽郡齋刻本,"其狀葉如榆,方莖,蒼傷,",prompt: 一种名为牛傷的草，叶子形状类似榆树叶，茎干呈方形，颜色为苍绿色。请以古代插画风格和传统中国美学的彩色水墨风格描绘这种植物，注意表现其独特的叶形和方茎特点。背景可以是古典山水或者简朴的自然环境，整体色调以淡雅为主，突出牛傷草的独特美感。
芃,植物,草名,山海經十八卷,宋淳熙七年（1180）池陽郡齋刻本,,prompt: 中国传统水墨风格，芃草，细腻的绿色叶片，轻盈摇曳在微风中，背景是淡雅的山水，画面充满古朴诗意，展现出一种宁静而祥和的自然之美。
薲草,植物,草名,山海經十八卷,宋淳熙七年（1180）池陽郡齋刻本,"其狀如葵,味如葱,",prompt: 《山海经》中的薲草，其状如葵，味如葱，生长在古代的神秘之地。请绘制一幅具有传统中国美学风格的彩色水墨画，画面中薲草呈现出葵花般的形态，叶片宽大而舒展，茎干挺拔，色彩以淡雅为主，背景为山川河流，展现出一种宁静而古朴的氛围。
䖀,植物,草名,山海經十八卷,宋淳熙七年（1180）池陽郡齋刻本,,prompt: 䖀，一种神秘的草本植物，生长在幽深的山谷之中。它的叶子呈心形，边缘有细小锯齿，颜色为深绿色，带有淡淡的紫色光泽。花朵小巧玲珑，花瓣五片，呈淡紫色，花蕊金黄。整株植物散发着淡淡的清香，仿佛能驱散周围的阴霾。背景是幽静的山谷，远处有云雾缭绕的山峰，整体画面采用传统中国美学的彩色水墨风格，笔触细腻，色彩柔和。
秦椒,植物,草名,山海經十八卷,宋淳熙七年（1180）池陽郡齋刻本,,prompt: 古典中国风彩色水墨画，秦椒草，细长的叶子呈深绿色，枝干挺拔而坚韧，顶端点缀着一串串鲜红的小果实，如同火焰般耀眼。画面背景为淡雅的山水景色，远处有轻雾缭绕的山峦，近处是潺潺流水与奇石相伴，整体构图和谐宁静，充满诗意。
榮草,植物,草名,山海經十八卷,宋淳熙七年（1180）池陽郡齋刻本,"其葉如栁,其本如鷄夘,",prompt: 荣草，一种神奇的草本植物，其叶如柳，轻盈飘逸，细长而柔软，仿佛微风中的绿丝带；其根部则形似鸡爪，粗壮有力，扎根于土壤之中。整体形象充满生命力与自然之美，参考古代插画风格和传统中国美学的彩色水墨风格，色彩以淡雅为主，突出荣草的独特形态和优雅气质。
蓍,植物,草名,山海經十八卷,宋淳熙七年（1180）池陽郡齋刻本,,prompt: 中国传统彩色水墨风格，蓍草，细长而坚韧的茎秆，叶子呈羽状分裂，淡绿色，花朵为白色小花簇生，生长在山野间，周围环境古朴自然，充满神秘气息，参考古代插画风格和传统中国美学，注重细节和质感。
蒐,植物,草名,山海經十八卷,宋淳熙七年（1180）池陽郡齋刻本,,prompt: 中国传统水墨画风格，描绘一种名为蒐的古老草本植物，画面中蒐草生长在幽静的山谷之中，叶片细长而翠绿，茎干挺拔，花朵小巧玲珑，色彩淡雅，周围环境以山石、溪流为背景，展现出一幅宁静和谐的自然景象。
蘇,植物,草名,山海經十八卷,宋淳熙七年（1180）池陽郡齋刻本,,prompt: 传统中国美学的彩色水墨风格，一株生长在幽静山谷中的蘇草，叶片细长而翠绿，茎干挺拔，顶端绽放着淡紫色的小花，花瓣轻盈如云，周围环绕着淡淡的雾气，远处是连绵起伏的山峦，整个画面充满神秘与宁静的气息。
夙條,植物,草名,山海經十八卷,宋淳熙七年（1180）池陽郡齋刻本,"其狀如荖目,赤葉,本叢生,",prompt: 《山海经》中的神秘草本植物夙條，其形态宛如荖目，叶片呈现鲜艳的赤红色，植株丛生。请以古代插画风格和传统中国美学的彩色水墨风格描绘，注重表现其独特的叶形和色彩，背景可设置为幽静的山谷或古老的森林，营造出神秘而宁静的氛围。
少辛,植物,草名,山海經十八卷,宋淳熙七年（1180）池陽郡齋刻本,,prompt: 少辛，一种神秘的草本植物，生长在幽静的山谷之中。它的叶子细长而翠绿，花朵小巧玲珑，呈淡紫色，散发着淡淡的清香。整株植物在微风中轻轻摇曳，仿佛有着灵性。背景是山间云雾缭绕，远处有古朴的亭台楼阁若隐若现，整个画面采用传统中国美学的彩色水墨风格，展现出一种宁静而祥和的氛围。
藷藇,植物,草名,山海經十八卷,宋淳熙七年（1180）池陽郡齋刻本,,prompt: 中国传统彩色水墨风格的藷藇草，这种神秘的草本植物生长在古老的山林中，叶片宽大而翠绿，边缘带有细腻的锯齿状，中央有一条明显的白色脉络贯穿。花朵小巧玲珑，颜色为淡紫色，花瓣轻盈透明，仿佛能透过阳光看到其内部的纹理。整株藷藇草在微风中轻轻摇曳，散发出淡淡的幽香，周围环绕着薄雾，营造出一种幽静而神秘的氛围。背景是连绵起伏的山峦和古朴的树木，整个画面充满了古代插画的韵味和传统中国美学的意境。
芍藥,植物,草名,山海經十八卷,宋淳熙七年（1180）池陽郡齋刻本,,prompt: 传统中国美学的彩色水墨风格，芍药花盛开在山间，花瓣细腻如丝，色彩鲜艳而柔和，叶片翠绿欲滴，展现出自然界的生机与和谐。背景为淡雅的山水，云雾缭绕，远处隐约可见古朴的亭台楼阁，整体画面充满诗意和古典韵味。
條,植物,草名,山海經十八卷,宋淳熙七年（1180）池陽郡齋刻本,"其狀如葵,赤華,黄實,如嬰兒舌,",prompt: 一条草，其状如葵，赤华黄实，果实形状如同婴儿的舌头。请以古代插画风格和传统中国美学的彩色水墨风格绘制，注重展现其独特的形态特征，色彩鲜明且富有诗意。
蘀,植物,草名,山海經十八卷,宋淳熙七年（1180）池陽郡齋刻本,"葵本,杏葉,黄華,莢實,",prompt: 传统中国美学彩色水墨风格，蘀草，葵本植物，杏叶形状的叶子，黄色花朵，荚果果实，生长在古朴的山野之间，背景为淡雅的山水画，展现出古代插画风格的细腻与神韵。
葶䔭,植物,草名,山海經十八卷,宋淳熙七年（1180）池陽郡齋刻本,"其狀如蘇,赤華,",prompt: 请根据《山海经》中的描述，绘制一种名为葶䔭的草本植物。其形态类似紫苏，花朵呈现鲜艳的红色。画面应采用古代插画风格，结合传统中国美学的彩色水墨技法，展现出这种神秘植物的独特魅力。背景可以是幽静的山谷或溪流旁，增添几分自然与神秘的气息。
茝,植物,草名,山海經十八卷,宋淳熙七年（1180）池陽郡齋刻本,,prompt: 传统中国美学彩色水墨风格，古代草本植物插画，名为茝的草，叶片细长而优雅，颜色为淡绿色，花朵小巧，呈淡紫色，生长在山间溪流旁，背景是细腻的山水景色，远处有轻柔的云雾缭绕，整体画面宁静而富有诗意。
（髙梁之山）草,植物,草名,山海經十八卷,宋淳熙七年（1180）池陽郡齋刻本,"狀如葵,赤華,莢實,白柎,",prompt: 一株生长在髙梁之山的奇异草，形似葵花，但其花朵呈现出鲜艳的赤红色，果实包裹在荚中，而花萼则是纯白色。请以古代插画风格和传统中国美学的彩色水墨风格描绘这株草，注重展现其独特的色彩对比和形态特征。背景可以是髙梁之山的自然景色，如远处的山峦、云雾缭绕的山谷等。
