名字,一级类目,二级类目,出处书名,版本,描述,prompt,image_path
梧,乐舞,乐器,山海經十八卷,宋淳熙七年（1180）池陽郡齋刻本,,prompt: 中国传统乐器梧，形似古琴，但更小巧精致，琴身由千年梧桐木制成，通体呈深棕色，表面有细腻的纹理。琴头雕刻着精美的凤凰图案，象征着吉祥和高雅。琴弦为七根，采用优质丝线制作，音色清亮悠扬。背景为古典山水画风格，山峦起伏，云雾缭绕，营造出一种宁静而深远的意境。整体画面采用彩色水墨风格，既有传统中国美学的韵味，又不失现代艺术的美感。,乐舞\乐器\梧.png
鍾,乐舞,乐器,山海經十八卷,宋淳熙七年（1180）池陽郡齋刻本,,prompt: 中国传统乐器钟，造型古朴典雅，表面雕刻着精美的山海经神兽图案，如夔龙、凤凰等，色彩采用传统水墨风格，以淡雅的青绿和朱红为主色调，背景为飘渺的云雾和远山，整体画面充满神秘而庄严的氛围。,乐舞\乐器\鍾.png
磬,乐舞,乐器,山海經十八卷,宋淳熙七年（1180）池陽郡齋刻本,,prompt: 中国传统乐器磬，石质材料，形状为扁平长方形，表面光滑细腻，边缘略带弧度。磬体上雕刻有精细的云纹和龙凤图案，色彩以淡雅的青灰色为主，点缀以金色线条，展现出古朴典雅的风格。背景为中国古代宫廷音乐场景，乐师们身着华丽的汉服，手持各种传统乐器演奏，画面充满庄重而和谐的氛围。整体风格参考中国古代插画和彩色水墨画，注重细节描绘和色彩层次感。,乐舞\乐器\磬.png
琴,乐舞,乐器,山海經十八卷,宋淳熙七年（1180）池陽郡齋刻本,,prompt: 中国传统乐器古琴，背景为山川湖海，琴身以黑漆为主，镶嵌有金色云纹，琴弦清晰可见，画面采用彩色水墨风格，充满诗意与古典美感。,乐舞\乐器\琴.png
瑟,乐舞,乐器,山海經十八卷,宋淳熙七年（1180）池陽郡齋刻本,,prompt: 中国传统乐器瑟，古朴典雅，琴身以紫檀木制成，琴面上绘有细腻的云龙纹饰，琴弦由丝线制成，呈现出柔和的光泽。背景为淡雅的水墨山水，琴旁摆放着一卷古籍和一盏青花瓷茶杯，营造出浓厚的文化氛围。整体画面采用传统中国美学的彩色水墨风格，色彩淡雅，线条流畅。,乐舞\乐器\瑟.png
