名字,一级类目,二级类目,出处书名,版本,描述,prompt,image_path
九辯,乐舞,乐名,山海經十八卷,宋淳熙七年（1180）池陽郡齋刻本,,prompt: 一幅描绘古代乐器九辯的彩色水墨画，画面中九辯琴身修长优雅，琴弦清晰可见，琴头雕刻着精美的凤凰图案，背景为淡雅的山水景色，整个画面充满古典韵味和神秘气息。,乐舞\乐名\九辯.png
九歌,乐舞,乐名,山海經十八卷,宋淳熙七年（1180）池陽郡齋刻本,,prompt: 九歌，乐名，古代楚国祭祀神灵的乐曲，画面中展现一群身着华丽古装的乐师正在演奏，背景是神秘而庄严的楚国宫殿，乐师们手持各种传统乐器如瑟、笙、箫等，音乐悠扬飘渺，仿佛能沟通天地神灵。整体画面采用中国传统彩色水墨风格，色彩丰富而不失雅致，线条流畅细腻，展现出浓厚的古典美学气息。,乐舞\乐名\九歌.png
九招,乐舞,乐名,山海經十八卷,宋淳熙七年（1180）池陽郡齋刻本,,prompt: 乐名九招，古代神话中的音乐之神，身着华丽古装，手持古琴，面容祥和，周围环绕着五彩斑斓的音符与云雾，背景为远山近水，充满诗意的中国传统水墨画风格，色彩丰富而柔和，展现出一种宁静和谐之美。,乐舞\乐名\九招.png
樂風,乐舞,乐名,山海經十八卷,宋淳熙七年（1180）池陽郡齋刻本,,prompt: 乐风，古代音乐之神，身着华丽的古装长袍，手持玉笛，面容慈祥，周围环绕着五彩斑斓的音符和飞舞的凤凰，背景是飘渺的云雾和远处的山峦，整体风格为传统中国彩色水墨画。,乐舞\乐名\樂風.png
