名字,一级类目,二级类目,出处书名,版本,描述,prompt,image_path
儛,乐舞,舞名,山海經十八卷,宋淳熙七年（1180）池陽郡齋刻本,,prompt: 中国传统舞蹈《儛》，舞者身着华丽的古代服饰，长袖飘逸，手持彩带，背景为古色古香的宫殿，色彩以淡雅的水墨风格为主，舞姿优美动人，充满古典韵味。,乐舞\舞名\儛.png
二人儛,乐舞,舞名,山海經十八卷,宋淳熙七年（1180）池陽郡齋刻本,,prompt: 二人儛，古代舞蹈名，两名舞者身着华丽的传统服饰，长袖飘逸，手持彩绸，动作优雅而富有节奏感，背景为古典园林，花木扶疏，亭台楼阁若隐若现，画面采用传统中国美学的彩色水墨风格，色彩淡雅，线条流畅。,乐舞\舞名\二人儛.png
干儛,乐舞,舞名,山海經十八卷,宋淳熙七年（1180）池陽郡齋刻本,,prompt: 干儛，古代舞蹈名，舞者身着华丽古装，手持长袖翩翩起舞，背景为远古时期的山水画卷，采用传统中国美学的彩色水墨风格，画面中点缀着奇花异草和珍禽异兽，展现出神秘而优雅的氛围。,乐舞\舞名\干儛.png
九代,乐舞,舞名,山海經十八卷,宋淳熙七年（1180）池陽郡齋刻本,,prompt: 九代舞，古代神话中的神秘舞蹈，舞者身着华丽的传统服饰，动作优雅而富有韵律感，背景为古典山水画风格的自然景色，色彩以淡雅的水墨色调为主，辅以金色和红色点缀，展现出一种庄重而又充满活力的氛围。,乐舞\舞名\九代.png
璆冕舞,乐舞,舞名,山海經十八卷,宋淳熙七年（1180）池陽郡齋刻本,,prompt: 璆冕舞，一种古代宫廷舞蹈，舞者身着华丽的服饰，头戴玉冠，手持长绸，舞姿优雅而庄重。背景为古色古香的宫殿，装饰有精美的壁画和雕刻，色彩以淡雅的水墨风格为主，辅以金色线条勾勒，展现出浓郁的中国古典美学。舞者动作流畅，长绸随风飘扬，仿佛在空中绘制出一幅幅优美的画卷。,乐舞\舞名\璆冕舞.png
