﻿名字,一级类目,二级类目,出处书名,版本,描述,prompt
稻,食物,粮食,山海經十八卷,宋淳熙七年（1180）池陽郡齋刻本,,prompt：中国传统农业中的稻谷，金色的稻田在阳光下波光粼粼，稻穗饱满弯曲，农民们穿着古代服饰正在田间劳作。背景是远处的山峦和蓝天白云，画面采用彩色水墨风格，展现出丰收的喜悦和大自然的和谐之美。
榖,食物,粮食,山海經十八卷,宋淳熙七年（1180）池陽郡齋刻本,,prompt: 古代神粮食榖，其形如稻谷但更为硕大饱满，色泽金黄璀璨，象征丰收与富饶。画面中，榖粒在阳光下闪耀着金色光芒，周围环绕着祥云和五彩斑斓的仙鹤，背景为远山和流水，展现出一派宁静和谐的田园风光。整体风格采用传统中国美学的彩色水墨画风，线条流畅，色彩柔和，富有诗意。
膏稻,食物,粮食,山海經十八卷,宋淳熙七年（1180）池陽郡齋刻本,,prompt: 中国传统彩色水墨风格的膏稻，金黄色的稻穗饱满而沉甸，稻田中稻浪随风起伏，远处是淡雅的山峦和古朴的村落，画面充满宁静和谐之美，展现出古代中国农业丰收的景象。
膏稷,食物,粮食,山海經十八卷,宋淳熙七年（1180）池陽郡齋刻本,,prompt: 传统中国美学的彩色水墨风格，膏稷，一种古老的粮食作物，稻谷饱满金黄，叶片翠绿欲滴，稻田中微风轻拂，稻穗轻轻摇曳，远处山峦起伏，云雾缭绕，画面宁静祥和，充满丰收的喜悦。
膏菽,食物,粮食,山海經十八卷,宋淳熙七年（1180）池陽郡齋刻本,,prompt: 传统中国美学的彩色水墨风格，膏菽，一种古老的粮食作物，画面中展示了一片肥沃的土地上生长着茂盛的膏菽植株，叶子宽大而翠绿，豆荚饱满，呈现出丰收的景象。背景是远山和云雾缭绕的天际线，天空呈现出淡淡的蓝色，阳光透过云层洒在田野上，增添了一丝温暖的气息。画面整体色调柔和，充满田园诗意。
膏黍,食物,粮食,山海經十八卷,宋淳熙七年（1180）池陽郡齋刻本,,prompt: 古代神话中的神秘粮食膏黍，色彩斑斓的稻穗在风中摇曳，每一粒都闪烁着金色的光芒，周围环绕着淡淡的仙气，背景是祥云缭绕的山川，整体画面采用传统中国彩色水墨风格，充满了神秘与古老的气息。
木禾,食物,粮食,山海經十八卷,宋淳熙七年（1180）池陽郡齋刻本,"長五尋,大五圍,",prompt: 木禾，一种神话中的粮食植物，生长在神秘的远古之地。它高达五寻（约九米），树干粗壮，直径达到五围（约七米）。木禾的枝叶繁茂，叶片宽大而翠绿，果实饱满，呈现出金黄色。整株木禾在阳光下闪耀着光芒，仿佛蕴含着无穷的生命力。画面采用传统中国美学的彩色水墨风格，背景为幽静的山谷，远处有云雾缭绕，展现出一种神秘而宁静的氛围。
