﻿名字,一级类目,二级类目,出处书名,版本,描述,prompt
飴,食物,食物,山海經十八卷,宋淳熙七年（1180）池陽郡齋刻本,,prompt: 古代中国甜食，色彩鲜艳的糖果，形状各异，有的像小动物，有的像花朵，表面光滑，晶莹剔透，背景为传统的中国山水画，采用彩色水墨风格，画面中还点缀着几株梅花和竹子，增添了几分雅致。
帝臺之漿,食物,食物,山海經十八卷,宋淳熙七年（1180）池陽郡齋刻本,"甚寒而清,",prompt: 传统中国美学的彩色水墨风格，帝臺之漿，一种神秘的食物，呈现出清澈透明的液体状，仿佛蕴含着寒冰般的清冷。背景为古代山水画，画面中有一座巍峨的山峰，山脚下流淌着一条清澈的小溪，帝臺之漿就在这条小溪中缓缓流动，周围弥漫着淡淡的寒气，几朵梅花在寒风中傲然绽放，象征着其清冷高洁的特性。
鳯皇夘,食物,食物,山海經十八卷,宋淳熙七年（1180）池陽郡齋刻本,,prompt: 古代神鸟鳯皇夘，化身为美食，形象为一只色彩斑斓的凤凰，羽毛如同五彩缤纷的食材，翅膀上点缀着各种珍稀果品和香料，身体部分则由细腻的糕点和精致的面食构成，整体呈现出一种华丽而诱人的视觉效果。背景为古代宫廷宴会场景，四周摆放着各式各样的传统中国美食，如八宝饭、烤鸭、蒸饺等，画面采用彩色水墨风格绘制，既有古典韵味又不失生动活泼。
甘露,食物,食物,山海經十八卷,宋淳熙七年（1180）池陽郡齋刻本,,prompt: 甘露，一种神秘的食物，源自古代神话中的仙露琼浆。画面中，一滴晶莹剔透的甘露从天而降，落在一片翠绿的荷叶上。背景是祥云缭绕的仙境，远处有仙鹤飞翔，整体色调以淡雅的水墨风格为主，辅以柔和的彩色渲染，展现出甘露的纯净与神圣。
木瓜,食物,食物,山海經十八卷,宋淳熙七年（1180）池陽郡齋刻本,,prompt: 中国传统水墨画风格，一颗硕大的木瓜悬挂在枝头，果实饱满金黄，表皮细腻光滑，周围点缀着几片翠绿的叶子，背景是淡淡的山川河流，画面充满诗意和自然之美，色彩以淡雅为主，展现出中国古典美学的独特韵味。
黍,食物,食物,山海經十八卷,宋淳熙七年（1180）池陽郡齋刻本,,prompt: 中国传统食物黍，饱满的黄色谷粒紧密排列，形成一串串丰收的景象。画面采用彩色水墨风格，背景为淡雅的山水，展现出古代农耕文明的宁静与和谐。
