﻿名字,一级类目,二级类目,出处书名,版本,描述,prompt
犠,祭祀,祭祀用兽,山海經十八卷,宋淳熙七年（1180）池陽郡齋刻本,,prompt: 一只祭祀用兽犠，身体庞大而健壮，覆盖着五彩斑斓的鳞片，四蹄如虎爪般有力。它的眼神温和而智慧，头顶上长有一对螺旋形的角，角上缠绕着吉祥的云纹。背景是古代祭祀场景，四周环绕着古老的祭坛和燃烧的香火，整体画面采用传统中国美学的彩色水墨风格，色彩鲜艳而不失古朴，线条流畅且富有韵律感。
羊,祭祀,祭祀用兽,山海經十八卷,宋淳熙七年（1180）池陽郡齋刻本,,prompt: 一只祭祀用的羊，体态健壮，毛色洁白如雪，站立在古朴的祭坛上，周围环绕着燃烧的香火和供品，背景是古老的山川和祥云，画面采用传统中国美学的彩色水墨风格，展现出庄严而神秘的氛围。
彘,祭祀,祭祀用兽,山海經十八卷,宋淳熙七年（1180）池陽郡齋刻本,,prompt：一只巨大的黑色野猪，体型庞大，肌肉发达，皮肤上覆盖着粗糙的毛发。它的眼睛深邃而有神，獠牙锋利弯曲，展现出一种威严和力量感。背景是古代祭祀场景，周围有古朴的青铜器皿和燃烧的香火，整体风格参考古代插画和传统中国美学的彩色水墨风格。
大牢,祭祀,祭祀用兽,山海經十八卷,宋淳熙七年（1180）池陽郡齋刻本,,prompt: 一只体型庞大、毛色斑斓的祭祀用兽，名为大牢。它拥有强壮的身体和威严的姿态，象征着丰收与繁荣。背景为古代祭祀场景，四周环绕着香烟缭绕的祭坛和虔诚的祭司。画面采用传统中国美学的彩色水墨风格，色彩丰富而典雅，展现出浓厚的文化氛围。
白狗,祭祀,祭祀用兽,山海經十八卷,宋淳熙七年（1180）池陽郡齋刻本,,prompt: 一只白色的狗，身体修长而优雅，毛发如雪般洁白无瑕，眼睛明亮有神。它站立在古老的祭坛旁，周围是飘渺的烟雾和神秘的符文，背景是一片幽静的山林，画面采用传统中国美学的彩色水墨风格，色彩淡雅，线条流畅，充满古朴的祭祀氛围。
黒犬,祭祀,祭祀用兽,山海經十八卷,宋淳熙七年（1180）池陽郡齋刻本,,prompt: 黑犬，祭祀用兽，形象为全身漆黑的神犬，双眼炯炯有神，体态矫健。背景为中国古代祭祀场景，周围有古朴的青铜器和祭坛，整体风格参考古代插画，采用传统中国美学的彩色水墨风格，画面中透出神秘而庄重的氛围。
黒犧,祭祀,祭祀用兽,山海經十八卷,宋淳熙七年（1180）池陽郡齋刻本,,prompt: 黒犧，祭祀用兽，黑色的神秘生物，体型庞大，拥有牛的身体和鹿的角，眼睛闪烁着幽深的光芒。它身披黑色长毛，四肢强健有力，蹄子踏地时发出沉闷的声音。背景为古老的祭坛，周围环绕着燃烧的火把，烟雾缭绕，营造出一种庄严而神秘的氛围。画面采用传统中国美学的彩色水墨风格，线条流畅，色彩对比鲜明，富有层次感。
毛,祭祀,祭祀用兽,山海經十八卷,宋淳熙七年（1180）池陽郡齋刻本,,prompt: 一只神秘的祭祀用兽，名为毛，其形象古老而庄严。它拥有狮子般的身躯，覆盖着浓密的金色鬃毛，四足强健有力，尾巴粗壮且末端有一束蓬松的毛发。毛的头部有着鹿角，象征着力量与尊贵。它的眼睛深邃而明亮，仿佛能洞察人心。背景为古老的祭坛，周围环绕着烟雾缭绕的香火，整个画面采用传统的中国彩色水墨风格，色彩浓郁而富有层次感。
毛牷,祭祀,祭祀用兽,山海經十八卷,宋淳熙七年（1180）池陽郡齋刻本,,prompt: 一只古老的祭祀用兽毛牷，体态雄壮，毛色斑斓如同彩虹，四肢健硕有力。它的眼睛深邃有神，仿佛能洞察人心。背景是庄严的古代祭坛，四周环绕着神秘的符文和古老的图腾。整体画面采用传统中国美学的彩色水墨风格，色彩丰富而柔和，线条流畅，展现出一种庄重而又神秘的氛围。
牡羊,祭祀,祭祀用兽,山海經十八卷,宋淳熙七年（1180）池陽郡齋刻本,,prompt: 一只用于祭祀的牡羊，形象庄重而神秘，身披细腻的羊毛，毛色洁白如雪。它站立在古老的祭坛旁，周围环绕着飘渺的云雾和古朴的青铜器皿。背景是深邃的山林，远处隐约可见巍峨的山峰。画面采用传统中国美学的彩色水墨风格，色彩柔和且富有层次感，展现出一种古老而庄严的氛围。
牛,祭祀,祭祀用兽,山海經十八卷,宋淳熙七年（1180）池陽郡齋刻本,,prompt: 一只祭祀用的牛，体态健壮，毛色光亮呈深棕色，双角弯曲有力，眼神温和而坚定。背景为古代祭祀场景，四周摆放着青铜器皿和祭品，整体画面采用传统中国美学的彩色水墨风格，色彩古朴典雅，线条流畅自然。
牝羊,祭祀,祭祀用兽,山海經十八卷,宋淳熙七年（1180）池陽郡齋刻本,,prompt: 古代祭祀用兽牝羊，体态丰满而优雅，毛色纯白如雪，双角弯曲呈螺旋状，眼神温顺中透着神秘。背景为古代祭坛，四周环绕着袅袅青烟，画面采用传统中国美学的彩色水墨风格，色彩淡雅，线条流畅，展现出一种庄重而神圣的氛围。
犬,祭祀,祭祀用兽,山海經十八卷,宋淳熙七年（1180）池陽郡齋刻本,,prompt: 一只祭祀用的神犬，体态矫健，毛色纯黑如墨，眼神中透露出神秘与庄严。背景为古代祭坛，四周弥漫着淡淡的香烟，天空中飘浮着祥云，整体画面采用传统中国美学的彩色水墨风格，色彩典雅，线条流畅。
牷,祭祀,祭祀用兽,山海經十八卷,宋淳熙七年（1180）池陽郡齋刻本,,prompt: 一只用于祭祀的神兽牷，体态雄壮，毛色金黄，双眼炯炯有神，四蹄如铜铸般坚实有力。它身披五彩斑斓的鳞甲，头顶长有一对螺旋形的犄角，角上缠绕着吉祥的云纹。背景是古朴的祭坛，四周环绕着飘渺的云雾，祭坛上摆放着各种供品和香炉，烟雾缭绕，营造出神秘而庄重的氛围。整体画面采用传统中国美学的彩色水墨风格，色彩丰富而不失典雅，线条流畅而富有韵律感。
黍,祭祀,祭祀用兽,山海經十八卷,宋淳熙七年（1180）池陽郡齋刻本,,prompt: 一只用于祭祀的神兽黍，它体型庞大而威严，毛色金黄如成熟的稻谷，眼睛明亮有神，四蹄健壮有力。背景是古老的祭坛，周围环绕着神秘的符文和燃烧的香火，整体氛围庄重肃穆，采用传统中国美学的彩色水墨风格绘制。
少牢,祭祀,祭祀用兽,山海經十八卷,宋淳熙七年（1180）池陽郡齋刻本,,prompt: 少牢，祭祀用兽，中国古代祭祀仪式中使用的牲畜之一，通常指猪和羊。请绘制一幅传统中国美学风格的彩色水墨画，画面中展示一只庄重肃穆的猪和一只温顺安静的羊，它们被精心装饰，准备用于祭祀仪式。背景为古代祭坛，周围环绕着古朴典雅的建筑和祥云缭绕的天空，展现出一种神秘而庄严的氛围。
太牢,祭祀,祭祀用兽,山海經十八卷,宋淳熙七年（1180）池陽郡齋刻本,,prompt: 一只庄重的祭祀用兽太牢，体型庞大而威严，身披五彩斑斓的毛皮，象征着天地间的祥瑞之气。它的眼睛深邃有神，透露出智慧与力量。背景是古代祭祀场景，四周摆放着各种祭品，烟雾缭绕，增添神秘氛围。整体风格参考古代插画，采用传统中国美学的彩色水墨风格，展现出一种庄严而神圣的感觉。
