﻿名字,一级类目,二级类目,出处书名,版本,描述,prompt
縣,祭祀,祭法,山海經十八卷,宋淳熙七年（1180）池陽郡齋刻本,,prompt: 传统中国美学彩色水墨风格，古代祭法场景，县神祭祀仪式，背景为古朴的山川，前景是庄重的祭坛，祭坛上摆放着丰盛的供品，包括五谷、水果和酒，祭司身着华丽的古代服饰，手持祭器，神情肃穆，周围环绕着虔诚的民众，天空中飘着祥云，象征着天人合一的神秘氛围。
饗,祭祀,祭法,山海經十八卷,宋淳熙七年（1180）池陽郡齋刻本,,prompt: 传统中国美学彩色水墨风格，描绘古代祭法场景，中心是一位身着华丽古装的祭司正在主持祭祀仪式，周围是虔诚的村民和各种供品，背景是山川河流与古老的庙宇，画面充满神秘而庄重的氛围，细节丰富，色彩典雅。
羞,祭祀,祭法,山海經十八卷,宋淳熙七年（1180）池陽郡齋刻本,,prompt: 中国传统神话中的祭法形象羞，身着古代祭祀服饰，头戴华丽的冠冕，手持祭祀用的玉器，站在古老的祭坛上，背景是飘渺的云雾和神秘的山峦，画面采用彩色水墨风格，展现出一种庄重而神秘的氛围。
獻血,祭祀,祭法,山海經十八卷,宋淳熙七年（1180）池陽郡齋刻本,,prompt: 古代祭法獻血仪式，一位身穿古代祭祀服饰的巫师手持青铜刀，正准备在祭坛上进行献祭，周围环绕着神秘的图腾和符文，背景是古老的山川和祥云，画面采用传统中国美学的彩色水墨风格，色调庄重而神秘。
瘞,祭祀,祭法,山海經十八卷,宋淳熙七年（1180）池陽郡齋刻本,,prompt: 传统中国美学彩色水墨风格，描绘古代祭法场景，一位身着古装的祭司在进行瘞祭仪式，手持祭器，周围环绕着古老的祭祀器具和神秘的图腾符号，背景是山川与祥云，整体氛围庄重而神秘。
嬰,祭祀,祭法,山海經十八卷,宋淳熙七年（1180）池陽郡齋刻本,,prompt: 古代祭法中的婴，身着华丽的祭祀服饰，手持祭祀用的玉器，面容庄重而神秘。背景为古代祭祀场景，四周环绕着祥云和神兽，整体风格参考古代插画和传统中国美学的彩色水墨风格。
祠毛,祭祀,祭法,山海經十八卷,宋淳熙七年（1180）池陽郡齋刻本,,prompt: 传统中国美学的彩色水墨风格，描绘古代祭祀场景，一位身穿古装的祭司正在祠堂前进行祭祀仪式，手持祭器，神情庄重。背景为古朴的祠堂，周围环绕着古老的树木和山石，营造出一种神秘而肃穆的氛围。画面中可以加入一些象征性的元素，如香炉、祭品等，以突出祭祀的主题。
燭,祭祀,祭法,山海經十八卷,宋淳熙七年（1180）池陽郡齋刻本,,prompt: 中国传统神话中的祭法形象燭，以古代祭祀仪式为背景，手持燃烧的蜡烛，身着古朴的长袍，面容庄重而神秘。画面采用彩色水墨风格，背景为幽暗的夜空与古老的神庙，营造出一种古老而神圣的氛围。
齋,祭祀,祭法,山海經十八卷,宋淳熙七年（1180）池陽郡齋刻本,,prompt: 古代祭法仪式，斋戒的场景，一位身着古代汉服的士人正在静坐冥想，周围摆放着香炉和祭祀用具，背景是简朴的室内环境，墙上挂着古代书法作品，整体氛围庄重肃穆，采用传统中国美学的彩色水墨风格，画面细腻且富有层次感。
禱,祭祀,祭法,山海經十八卷,宋淳熙七年（1180）池陽郡齋刻本,,prompt: 古代祭祀仪式，禱，身穿华丽的祭司长袍，手持象征天地沟通的法器，站在庄严的祭坛前，周围是燃烧的香火和供奉的祭品，背景是神秘的山川和云雾缭绕的仙境，画面采用传统中国美学的彩色水墨风格，线条流畅，色彩淡雅，充满神秘而庄重的氛围。
䎶,祭祀,祭法,山海經十八卷,宋淳熙七年（1180）池陽郡齋刻本,,prompt: 《山海经》中的祭法“䎶”，传统中国美学的彩色水墨风格，神秘而庄重的祭祀场景，古朴的祭坛上摆放着各种祭品，周围环绕着古老的树木和奇异的花草，天空中飘浮着祥云，远处是连绵起伏的山脉，整个画面充满了神秘与肃穆的气息，古代服饰的祭司手持法器，正在进行庄严的祭祀仪式。
祓,祭祀,祭法,山海經十八卷,宋淳熙七年（1180）池陽郡齋刻本,,prompt: 古代祭法祓的仪式，一位身穿传统汉服的巫师手持桃木剑和艾草束，站在祭祀台上，周围环绕着燃烧的香炉和摆放整齐的祭品，背景是神秘的山林，天空中飘着祥云，整体风格为传统中国美学的彩色水墨画。
刉,祭祀,祭法,山海經十八卷,宋淳熙七年（1180）池陽郡齋刻本,,prompt: 古代祭法刉，神秘而庄重的仪式场景，一位身着古装的祭司手持玉刀，正准备进行祭祀，周围是参天的古木和缭绕的云雾，背景中隐约可见远山和古老的神庙，画面采用传统中国美学的彩色水墨风格，色彩淡雅，线条流畅，充满神秘与肃穆之感。
祭,祭祀,祭法,山海經十八卷,宋淳熙七年（1180）池陽郡齋刻本,,prompt: 传统中国美学的彩色水墨风格，古代祭法场景，庄严肃穆的祭祀仪式，身穿古装的祭司手持祭器，周围是古老的祭坛和燃烧的香火，背景是朦胧的山水，氛围神秘而庄严，细节丰富，色彩淡雅，充满古韵。
禮毛,祭祀,祭法,山海經十八卷,宋淳熙七年（1180）池陽郡齋刻本,,prompt: 传统中国美学的彩色水墨风格，描绘一位身穿古代祭司服饰的礼毛，手持祭祀用的玉器和香炉，站在古朴的祭坛前，周围环绕着祥云和古老的图腾，背景是远山和松树，整体氛围庄严肃穆，充满了神秘的祭祀气息。
祈,祭祀,祭法,山海經十八卷,宋淳熙七年（1180）池陽郡齋刻本,,prompt: 一位身着古代祭司长袍的祈，手持古朴的祭祀法器，站在山巅之上，背景是朦胧的远山和缭绕的云雾。画面采用传统中国美学的彩色水墨风格，色彩以淡雅为主，线条流畅而富有韵律感，展现出一种神秘而又庄重的氛围。
鈐,祭祀,祭法,山海經十八卷,宋淳熙七年（1180）池陽郡齋刻本,,prompt: 传统中国美学的彩色水墨风格，描绘古代祭法中的鈐仪式，画面中央是一位身穿华丽古装的祭司，手持铜制鈐印，正准备在祭坛上盖印。周围是虔诚的信徒和精美的祭器，背景是古老的宫殿和祥云缭绕的天空，整个场景庄严肃穆，充满神秘感。
禳,祭祀,祭法,山海經十八卷,宋淳熙七年（1180）池陽郡齋刻本,,prompt: 传统中国美学的彩色水墨风格，古代祭法禳灾仪式，画面中央是一位身着古装的巫师，手持桃木剑，正对着一座古老的神坛进行祭祀。神坛上摆放着各种祭品，包括五谷、水果和香烛。巫师身后是一群虔诚的村民，他们低头合十，面容肃穆。天空中飘着淡淡的云彩，阳光透过云层洒下，营造出一种神秘而庄严的氛围。背景是连绵起伏的山脉和茂密的森林，远处有一条蜿蜒的小河，整个场景充满了古老而神圣的气息。
肆,祭祀,祭法,山海經十八卷,宋淳熙七年（1180）池陽郡齋刻本,,prompt: 中国传统祭法中的肆，以古代插画风格和传统中国美学的彩色水墨风格描绘。画面中，一位身着古装的祭祀者正在准备祭品，周围摆放着各种象征性的物品，如青铜器皿、玉器等。背景是典型的山水景色，云雾缭绕，增添神秘氛围。整个场景充满了庄重而肃穆的气息，展现出古代祭法的神圣与庄严。
投,祭祀,祭法,山海經十八卷,宋淳熙七年（1180）池陽郡齋刻本,,prompt: 中国传统祭祀仪式，投祭法，古朴庄重的祭坛上摆放着各种供品，包括五谷、酒水和精美的玉器，周围环绕着身穿古代服饰的祭司们，他们手持祭器，神情虔诚地进行着仪式。背景是山川湖海，云雾缭绕，展现出一种神秘而庄严的氛围，整体风格参考古代插画与传统中国美学的彩色水墨风格。
