﻿名字,一级类目,二级类目,出处书名,版本,描述,prompt
席,祭祀,祭祀用器,山海經十八卷,宋淳熙七年（1180）池陽郡齋刻本,,prompt: 古代祭祀用器席，参考《山海经》中的描述，结合传统中国美学的彩色水墨风格，画面中展示一张精致的席子，席面上绘有祥云、龙凤等吉祥图案，色彩以淡雅的青绿和朱红为主，周围摆放着青铜鼎、玉璧等祭器，背景为古朴典雅的祭祀场景，整个画面充满庄重而神秘的氛围。
樽,祭祀,祭祀用器,山海經十八卷,宋淳熙七年（1180）池陽郡齋刻本,,prompt: 古代祭祀用器樽，造型古朴典雅，以青铜铸造，表面雕刻着精细的云雷纹和神兽图案，色彩沉稳而庄重，整体呈现出一种神秘而肃穆的氛围，参考古代插画风格和传统中国美学的彩色水墨风格。
白蓆,祭祀,祭祀用器,山海經十八卷,宋淳熙七年（1180）池陽郡齋刻本,,prompt: 古代祭祀用器白蓆，采用传统中国美学的彩色水墨风格绘制，画面中展现一张精致的白色蓆子，蓆面上绣有象征吉祥的云纹和神兽图案，边缘饰以细腻的金线。背景为淡雅的山水景色，营造出庄重而神秘的祭祀氛围。整幅画作色彩典雅，线条流畅，充分体现出古代祭祀文化的庄严与神圣。
桑主,祭祀,祭祀用器,山海經十八卷,宋淳熙七年（1180）池陽郡齋刻本,,prompt: 中国传统祭祀用器桑主，青铜质地，造型古朴庄重，表面雕刻着细腻的云雷纹和夔龙纹，象征着神秘的远古力量。背景为淡雅的水墨山水，增添一份宁静肃穆之感。整体风格参考古代插画和传统中国美学，色彩以青绿为主调，辅以金色点缀，展现出一种古老而神圣的气息。
