﻿名字,一级类目,二级类目,出处书名,版本,描述,prompt
瑜,祭祀,祭祀用玉,山海經十八卷,宋淳熙七年（1180）池陽郡齋刻本,,prompt: 一块精美的祭祀用玉，名为瑜，其形状为长方形，表面光滑细腻，色泽温润如脂。玉上雕刻着精细的云纹和神兽图案，线条流畅自然，充满神秘感。背景以淡雅的水墨风格描绘，四周环绕着淡淡的云雾，营造出一种庄重而神圣的氛围。整幅画面采用传统中国美学的彩色水墨风格，色彩柔和而不失典雅。
藻圭,祭祀,祭祀用玉,山海經十八卷,宋淳熙七年（1180）池陽郡齋刻本,,prompt: 古代祭祀用玉藻圭，造型古朴典雅，通体碧绿透明，表面雕刻着细腻的云纹和龙纹，边缘镶嵌着金色线条，整体呈现出一种庄重而神秘的气息，背景为淡淡的水墨山水，展现出传统中国美学的韵味。
璋玉,祭祀,祭祀用玉,山海經十八卷,宋淳熙七年（1180）池陽郡齋刻本,,prompt: 一块精美的璋玉，祭祀用玉，形状为长条形，上端呈尖锐的刃状，下端平直。玉质温润细腻，色泽呈现淡雅的青绿色，表面雕刻有细腻的云纹和龙凤图案，寓意吉祥与和谐。整体风格古朴典雅，充满神秘而庄重的气息，背景为古代祭祀场景，四周摆放着青铜器和香炉，烟雾缭绕，营造出一种庄严而肃穆的氛围。
壁,祭祀,祭祀用玉,山海經十八卷,宋淳熙七年（1180）池陽郡齋刻本,,prompt: 一块精美的祭祀用玉壁，玉质温润如脂，色泽纯净，表面雕刻着细腻的云纹和龙凤图案，展现出古代工匠的高超技艺。玉壁边缘镶嵌着细小的金色装饰，增添了几分华贵气息。整体呈现出一种庄重而神秘的氛围，适合用于古代祭祀仪式。背景为淡雅的水墨山水，画面中隐约可见远山和云雾缭绕，营造出一种宁静而神圣的感觉。
璧,祭祀,祭祀用玉,山海經十八卷,宋淳熙七年（1180）池陽郡齋刻本,,prompt: 一块精美的祭祀用玉璧，圆形扁平，中心有一圆孔，边缘雕刻着细腻的云纹和龙凤图案，象征天地和谐与吉祥。玉质温润如脂，色泽碧绿透明，表面光滑细腻，透出淡淡的光泽。背景为古朴典雅的青铜器和香炉，烟雾缭绕，增添神秘庄严的氛围。整体风格参考古代插画，采用传统中国美学的彩色水墨风格绘制。
圭,祭祀,祭祀用玉,山海經十八卷,宋淳熙七年（1180）池陽郡齋刻本,,prompt：古代祭祀用玉圭，形制规整，长方形，上端尖锐，下端平直，象征天地沟通之器。玉质温润细腻，色泽纯净，表面刻有精细的云纹和龙纹，线条流畅自然，展现出高超的雕刻技艺。背景为淡雅的水墨山水，营造出庄重而神秘的氛围，整体风格典雅古朴，富有传统中国美学韵味。
珪,祭祀,祭祀用玉,山海經十八卷,宋淳熙七年（1180）池陽郡齋刻本,,prompt：古代祭祀用玉珪，形状为长方形，上端尖锐，下端宽平，表面光滑细腻，质地温润如玉，色泽呈现淡雅的青绿色，边缘线条流畅，整体造型简洁而庄重，背景为淡淡的云雾和古朴的山石，画面风格参考传统中国美学的彩色水墨画。
吉玉,祭祀,祭祀用玉,山海經十八卷,宋淳熙七年（1180）池陽郡齋刻本,,prompt：吉玉，祭祀用玉，呈现出温润如玉的质感，色泽纯净而深邃。其形状为长方形，四角圆润，表面雕刻着细腻的云纹和神兽图案，象征着天地间的和谐与沟通。背景采用传统中国美学的彩色水墨风格，淡雅的色彩和流动的线条勾勒出神秘而庄严的祭祀场景。
