﻿名字,一级类目,二级类目,出处书名,版本,描述,prompt
雄鷄,祭祀,祭祀用禽,山海經十八卷,宋淳熙七年（1180）池陽郡齋刻本,,prompt: 一只雄壮的雄鸡，羽毛色彩斑斓，以红色、金色为主，尾羽长而华丽，矗立在祭坛之上。背景为古朴的祭祀场景，周围摆放着各种祭祀用品，如青铜器皿、玉器等。整体画面采用传统中国美学的彩色水墨风格，线条流畅，色彩鲜艳而不失雅致。
雌雞,祭祀,祭祀用禽,山海經十八卷,宋淳熙七年（1180）池陽郡齋刻本,,prompt: 一只色彩斑斓的雌鸡，羽毛呈现出绚丽的金色和红色交织，尾羽修长而优雅，站立在古朴的祭祀台上。背景是古老的庙宇，周围环绕着飘渺的云雾，展现出一种神秘而庄严的氛围。画面采用传统中国美学的彩色水墨风格，细腻描绘出雌鸡的每一个细节，以及它作为祭祀用禽的神圣地位。
鷄,祭祀,祭祀用禽,山海經十八卷,宋淳熙七年（1180）池陽郡齋刻本,,prompt: 一只雄壮的鷄，羽毛色彩斑斓，以红、金、绿为主色调，尾巴长而华丽，呈现出祭祀用禽的庄重与神圣。背景为古代祭祀场景，有香炉、祭坛等元素，整体风格参考古代插画和传统中国美学的彩色水墨风格。
白鷄,祭祀,祭祀用禽,山海經十八卷,宋淳熙七年（1180）池陽郡齋刻本,,prompt: 一只通体雪白的雄鸡，羽毛光泽如丝绸，矗立在祭祀台上，背景是古朴典雅的神庙，四周环绕着缭绕的香烟，画面采用传统中国美学的彩色水墨风格，色彩淡雅而富有层次感。
