﻿名字,一级类目,二级类目,出处书名,版本,描述,prompt
五種之精,祭祀,祭祀用粮,山海經十八卷,宋淳熙七年（1180）池陽郡齋刻本,,prompt: 五种之精，祭祀用粮，传统中国美学彩色水墨风格，画面中央摆放着五个精致的谷物容器，分别装有稻、黍、稷、麦、豆五种粮食，容器上雕刻着细腻的纹饰，周围环绕着祥云和神兽图案，背景为古朴典雅的庙宇内部，香烟缭绕，充满神秘而庄重的氛围。
五種之糈,祭祀,祭祀用粮,山海經十八卷,宋淳熙七年（1180）池陽郡齋刻本,,prompt: 五種之糈，古代祭祀用粮，由稻、黍、稷、麦、菽五种谷物混合而成，象征着丰收与富饶。画面中，一尊古朴的青铜鼎置于中央，鼎内盛满五色斑斓的谷物，色彩鲜艳而和谐，周围环绕着祥云和飞舞的凤凰，背景为远山淡影，整体呈现出一种庄重而神秘的氛围，符合古代插画风格和传统中国美学的彩色水墨风格。
糈,祭祀,祭祀用粮,山海經十八卷,宋淳熙七年（1180）池陽郡齋刻本,,prompt: 传统中国美学的彩色水墨风格，祭祀用粮糈，精美的稻谷堆成小山，金黄色的稻穗饱满而富有光泽，周围环绕着祥云和瑞兽，如麒麟和凤凰，象征吉祥与丰收，背景是古代祭坛，装饰有古朴的纹饰和图腾，整个画面充满神秘而庄重的氛围。
稻米,祭祀,祭祀用粮,山海經十八卷,宋淳熙七年（1180）池陽郡齋刻本,,prompt: 传统中国美学的彩色水墨风格，稻米，祭祀用粮，金黄色的稻谷饱满而丰盈，稻穗弯曲下垂，象征丰收与富饶，背景为古朴的祭坛，周围环绕着祥云和神兽，画面充满神秘而庄重的氛围。
稷米,祭祀,祭祀用粮,山海經十八卷,宋淳熙七年（1180）池陽郡齋刻本,,prompt: 传统中国美学的彩色水墨风格，稷米，祭祀用粮，饱满金黄的谷粒堆成小山，周围是古代祭坛和青铜器，背景为远古时期的田野，阳光透过云层洒在祭坛上，增添一份神圣感。
米,祭祀,祭祀用粮,山海經十八卷,宋淳熙七年（1180）池陽郡齋刻本,,prompt: 古代祭祀用粮米，色彩丰富的彩色水墨画风格，画面中稻谷饱满金黄，稻田连绵起伏，远处是淡雅的山水背景，近处有几位古装人物正在虔诚地进行祭祀仪式，手中捧着盛满米的祭器，整体氛围庄重而神秘，充满传统中国美学韵味。
稌米,祭祀,祭祀用粮,山海經十八卷,宋淳熙七年（1180）池陽郡齋刻本,,prompt: 祭祀用粮稌米，古代稻谷饱满金黄，颗粒分明，盛放在精美的青铜器皿中，周围环绕着祥云和神兽图案，背景为古朴的宫殿，整体风格参考古代插画，采用传统中国美学的彩色水墨风格，色彩以金色、棕色为主，细节精致，充满神秘而庄重的气息。
