名字,一级类目,二级类目,出处书名,版本,描述,prompt,image_path
烏,动物,鸟名,山海經十八卷,宋淳熙七年（1180）池陽郡齋刻本,,prompt: 一只来自《山海经》的神秘乌鸦，羽毛漆黑如夜，眼神锐利，展翅飞翔在古风山水之间，背景是水墨风格的山峦和云雾，色彩以黑白为主，点缀少许金色，体现出其神秘而庄重的气质。,
五彩之鳥,动物,鸟名,山海經十八卷,宋淳熙七年（1180）池陽郡齋刻本,"相鄉棄沙,惟帝俊下友,帝下兩壇采鳥是司,","prompt: 五彩之鸟，相鄉棄沙,惟帝俊下友,帝下兩壇采鳥是司,古代神话中的神鸟，羽毛绚丽多彩，如同彩虹般绚烂。它栖息于神圣之地，与帝俊有着深厚的友谊。画面中，五彩之鸟站在两座祭坛之间，背景是古老而神秘的山川，风格参考古代插画和传统中国彩色水墨画。",
維鳥,动物,鸟名,山海經十八卷,宋淳熙七年（1180）池陽郡齋刻本,,prompt: 维鸟，一种神秘的鸟类，拥有绚丽多彩的羽毛，翅膀展开时如同彩虹般绚烂。维鸟体型中等，头部呈蓝色，眼睛周围有金色的眼圈，嘴部细长而弯曲，呈现出鲜艳的红色。身体主要为绿色，腹部则为淡黄色，翅膀上有着蓝、绿、紫等多种颜色交织的羽毛，尾羽长而优雅，末端呈扇形散开。背景为古代山川河流，风格参考古代插画和传统中国美学的彩色水墨风格。,
鴞,动物,鸟名,山海經十八卷,宋淳熙七年（1180）池陽郡齋刻本,,prompt: 一只神秘的鴞鸟，羽毛呈深灰色与白色相间，眼睛大而明亮，呈现出智慧与警觉。它站立在一棵古老的松树上，背景是朦胧的山川与云雾，整个画面采用传统中国彩色水墨风格绘制，充满古韵与神话色彩。,
梟,动物,鸟名,山海經十八卷,宋淳熙七年（1180）池陽郡齋刻本,,prompt: 一只神秘的梟鸟，拥有锐利的眼睛和弯曲的喙，羽毛呈现出深邃的黑色与金色交织的华丽图案。背景为古老的山林，月光透过稀疏的云层洒下，营造出一种幽静而神秘的氛围。画面采用传统的中国彩色水墨风格，细腻地描绘出梟鸟的威严与美丽。,
絜狗,动物,鸟名,山海經十八卷,宋淳熙七年（1180）池陽郡齋刻本,"其狀如鳬,鼠尾,善登木,",prompt: 一只名为絜狗的神秘鸟类，其形态如同凫鸟，但拥有一条类似老鼠的尾巴，善于攀爬树木。请以古代插画风格和传统中国美学的彩色水墨风格绘制，背景可为茂密的森林，色彩淡雅且富有诗意，展现出絜狗在树间灵活穿梭的姿态。,
赤鷩,动物,鸟名,山海經十八卷,宋淳熙七年（1180）池陽郡齋刻本,,prompt: 一只古代神话中的赤鷩鸟，羽毛鲜艳如火，翅膀展开时如同燃烧的火焰，尾羽修长而华丽，眼睛炯炯有神，站立于古木之上，背景为山川河流，画面采用传统中国美学的彩色水墨风格，线条流畅细腻，色彩对比鲜明。,
晨鵠,动物,鸟名,山海經十八卷,宋淳熙七年（1180）池陽郡齋刻本,,prompt: 一只名为晨鵠的神鸟，羽毛闪耀着金色和蓝色的光芒，在晨光中飞翔。背景是初升的太阳和云彩，画面充满祥和与希望的气息。采用传统中国美学的彩色水墨风格绘制，线条流畅，色彩柔和。,
雄雞,动物,鸟名,山海經十八卷,宋淳熙七年（1180）池陽郡齋刻本,,prompt: 一只雄鸡，羽毛色彩斑斓，头戴鲜红的鸡冠，眼神炯炯有神，立于山石之上，背景为《山海经》中的奇幻山水，画面采用传统中国彩色水墨风格，线条流畅，色彩丰富而和谐。,
玄鳥,动物,鸟名,山海經十八卷,宋淳熙七年（1180）池陽郡齋刻本,,prompt: 一只神秘的玄鳥，羽毛呈深邃的黑色，带有微微的蓝色光泽，眼睛如红宝石般明亮。它展翅飞翔在古老的天空中，背景是远古时期的山水，山峦起伏，云雾缭绕。画面采用传统的中国水墨画风格，色彩以黑白为主，辅以淡淡的蓝、红色调，展现出一种古典而神秘的美感。,
象蛇,动物,鸟名,山海經十八卷,宋淳熙七年（1180）池陽郡齋刻本,"其狀如雌雉,五彩以文,是自爲牝牡,其鳴自詨,",prompt: 一只象蛇，其状如雌雉，羽毛五彩斑斓，纹理细腻，自为牝牡，鸣叫声如同呼唤自己的名字。画面采用传统中国美学的彩色水墨风格，背景为古代山水，展现出神秘而优美的氛围。,
鴈,动物,鸟名,山海經十八卷,宋淳熙七年（1180）池陽郡齋刻本,,prompt: 一只来自《山海经》的神秘大鸟，名为鴈，其羽毛斑斓多彩，翅膀宽广有力，飞翔时如同彩虹般绚丽。鴈的头部有金色的冠羽，眼睛炯炯有神，喙部弯曲锐利。背景是古代中国山水，山峦起伏，云雾缭绕，远处有古木参天，溪流潺潺。整体画面采用传统中国美学的彩色水墨风格，色彩丰富而柔和，线条流畅自然。,
寓,动物,鸟名,山海經十八卷,宋淳熙七年（1180）池陽郡齋刻本,"狀如鼠,鳥翼,其音如羊,",prompt: 一只名为寓的神秘生物，外形如同老鼠，却拥有鸟的翅膀，发出的声音如同羊叫。请以古代插画风格和传统中国美学的彩色水墨风格描绘这只奇特的生物，背景可以是古老的山林或神话中的仙境，色彩以淡雅为主，展现出一种幽远而神秘的氛围。,
鴢,动物,鸟名,山海經十八卷,宋淳熙七年（1180）池陽郡齋刻本,"其狀如鳬,青身,朱目,赤尾,",prompt: 一只古老的鴢鸟，其形状如同野鸭，身体呈现深邃的青色，眼睛是鲜艳的红色，尾巴则为赤红色。请以古代插画风格和传统中国美学的彩色水墨风格描绘这只神秘的鸟类，背景可以是中国古典山水或祥云缭绕的仙境，展现出《山海经》中的奇幻色彩。,
鸚䳇,动物,鸟名,山海經十八卷,宋淳熙七年（1180）池陽郡齋刻本,"其狀如鴞,青羽,赤喙,人舌能言,",prompt: 鸚䳇，其状如鸮，青羽赤喙，人舌能言。请绘制一只具有猫头鹰特征的神鸟，羽毛呈深青色，嘴巴为鲜红色，舌头像人类一样能够说话。整体风格参考古代插画和传统中国美学的彩色水墨风格，背景可加入山林或云雾，增添神秘感。,
鴧,动物,鸟名,山海經十八卷,宋淳熙七年（1180）池陽郡齋刻本,,prompt: 一只来自《山海经》的神秘鸟类鴧，羽毛色彩斑斓，翅膀上有着独特的花纹。它站立在古木之上，周围是茂密的森林和蜿蜒的小溪。画面采用中国传统彩色水墨风格，背景以淡雅的山水画为基调，展现出一种幽静而神秘的氛围。,
鷹,动物,鸟名,山海經十八卷,宋淳熙七年（1180）池陽郡齋刻本,,prompt: 一只雄鹰展翅飞翔在古老的山川之间，羽毛如墨般浓黑，眼神锐利有神，背景是连绵起伏的山脉和缭绕的云雾，画面采用传统中国美学的彩色水墨风格，展现出一种悠远而神秘的氛围。,
𪃍,动物,鸟名,山海經十八卷,宋淳熙七年（1180）池陽郡齋刻本,"其狀如梟,人面,四目,有耳,其名自號也,",prompt: 一只名为𪃍的神秘鸟类，其形状类似于猫头鹰，拥有人类的面孔和四只眼睛，头部两侧有明显的耳朵。它能够发出与自己名字相似的声音。请以古代插画风格和传统中国美学的彩色水墨风格描绘这只神鸟，背景可设置为山林或云雾缭绕的仙境，展现出其神秘而古老的气质。,
鵷鶵,动物,鸟名,山海經十八卷,宋淳熙七年（1180）池陽郡齋刻本,,prompt: 一只色彩斑斓的鵷鶵，羽毛如同彩虹般绚丽，长尾飘逸，眼神灵动。它站立在古老的松树枝上，背景是朦胧的山峦和流水，整体画面采用传统中国彩色水墨风格，充满神秘与古典之美。,
𩿨乆,动物,鸟名,山海經十八卷,宋淳熙七年（1180）池陽郡齋刻本,,prompt: 《山海经》中的神秘鸟类“𩿨乆”，羽毛色彩斑斓，翅膀宽大有力，头部有鲜艳的红色冠羽，眼睛炯炯有神，长尾如丝带般飘逸。整体形象融合了古代插画风格和传统中国美学的彩色水墨风格，背景为幽静的山林，营造出一种神秘而宁静的氛围。,
鴟乆,动物,鸟名,山海經十八卷,宋淳熙七年（1180）池陽郡齋刻本,,prompt: 一只古代神话中的鴟乆鸟，羽毛呈深蓝色和紫色交织，翅膀边缘有金色的光泽。它的眼睛锐利而明亮，仿佛能洞察一切。背景是云雾缭绕的山峰，采用传统中国美学的彩色水墨风格绘制，展现出神秘而庄重的氛围。,
鶉夘,动物,鸟名,山海經十八卷,宋淳熙七年（1180）池陽郡齋刻本,,prompt: 一只色彩斑斓的鶉夘鸟，羽毛呈现出红、蓝、绿等多种鲜艳的颜色，翅膀边缘有金色光泽，尾巴长而弯曲，形态优雅。背景是古代山水画风格的山林景色，采用传统中国美学的彩色水墨风格绘制。,
彩鳥,动物,鸟名,山海經十八卷,宋淳熙七年（1180）池陽郡齋刻本,,prompt: 彩鳥，一种来自《山海经》的神鸟，羽毛色彩斑斓，如同彩虹般绚丽。它栖息于深山幽谷之中，拥有着优美的身姿和灵动的眼神。请以古代插画风格和传统中国美学的彩色水墨风格绘制，背景为云雾缭绕的山林，彩鳥展翅飞翔，周围环绕着各种奇花异草，展现出神秘而美丽的自然景象。,
翠鳥,动物,鸟名,山海經十八卷,宋淳熙七年（1180）池陽郡齋刻本,,prompt: 一只翠鸟站立在古老的树枝上，羽毛呈现出鲜艳的蓝绿色，翅膀边缘点缀着金色光泽。背景是淡雅的水墨山水画风格，远处有朦胧的山峦和潺潺流水，画面充满诗意和古韵。,
翳鳥,动物,鸟名,山海經十八卷,宋淳熙七年（1180）池陽郡齋刻本,"五彩之鳥,飛蔽一鄉,",prompt: 五彩之鸟，名为翳鸟，其羽毛斑斓绚丽，色彩斑斓如同彩虹般绚烂。它飞翔时翅膀展开宽广，足以遮蔽整个乡间，带来祥瑞与安宁。参考古代插画风格和传统中国美学的彩色水墨风格，描绘出一只充满神秘与美丽的大鸟，在天空中翱翔，下方是宁静祥和的乡村景色。,
嬰勺,动物,鸟名,山海經十八卷,宋淳熙七年（1180）池陽郡齋刻本,"其狀如鵲,赤目,赤喙,白身,其尾若勺,其鳴自呼,",prompt: 一只名为嬰勺的神鸟，其形状如同喜鹊，拥有红色的眼睛和喙，身体洁白无瑕，尾巴像一把勺子，它发出的声音就像在呼唤自己的名字。请以古代插画风格和传统中国美学的彩色水墨风格绘制这只神鸟，背景可以是山林或天空，展现出神秘而优雅的氛围。,
鴛鴦,动物,鸟名,山海經十八卷,宋淳熙七年（1180）池陽郡齋刻本,,prompt: 中国传统水墨画风格的鸳鸯，色彩鲜艳而柔和，两只鸳鸯在水中亲密相依，周围是细腻的水波和盛开的莲花，背景为淡雅的山水景色，画面充满诗意与和谐美感。,
䳋渠,动物,鸟名,山海經十八卷,宋淳熙七年（1180）池陽郡齋刻本,"其狀如山鷄,黒身,赤足,",prompt: 一只名为䳋渠的神秘鸟类，其形状类似山鸡，全身覆盖着乌黑发亮的羽毛，脚爪呈现出鲜艳的红色，仿佛是用朱砂染过一般。背景为幽静的山林，古木参天，云雾缭绕，营造出一种古老而神秘的氛围。整体画面采用传统中国彩色水墨风格，注重线条与色彩的融合，展现出浓厚的东方美学韵味。,
鴆,动物,鸟名,山海經十八卷,宋淳熙七年（1180）池陽郡齋刻本,,prompt: 一只古代神话中的鴆鸟，羽毛呈深紫色，翅膀边缘带有金色光泽，眼神锐利，站在枯枝上，背景为幽暗的森林，画面风格参考古代插画和传统中国美学的彩色水墨风格。,
𪇆鳥,动物,鸟名,山海經十八卷,宋淳熙七年（1180）池陽郡齋刻本,"青鳥,身黄,赤足,六首,",prompt: 𪇆鳥，青鸟的一种，身体呈黄色，脚为红色，拥有六个头。请以古代插画风格和传统中国美学的彩色水墨风格绘制，注重展现其独特的六首特征，背景可以是山海经中的神秘山水，色彩要鲜艳且富有层次感，展现出神话世界的奇幻氛围。,
䳐鳥,动物,鸟名,山海經十八卷,宋淳熙七年（1180）池陽郡齋刻本,"其色青黄,所經國亡,在女祭北,䳐鳥人靣,居山上,一曰維鳥青鳥黄鳥所集,",prompt：一只名为䳐鸟的神秘鸟类，其羽毛呈现出青黄相间的色彩。它所经过的地方，国家将会灭亡。位于女祭之北的山上，䳐鸟拥有人面，居住在山顶之上。据传，维鸟、青鸟和黄鸟都会聚集在它的周围。请以古代插画风格和传统中国美学的彩色水墨风格绘制这只神秘而美丽的䳐鸟。,
雉,动物,鸟名,山海經十八卷,宋淳熙七年（1180）池陽郡齋刻本,,prompt: 一只雉鸟，羽毛色彩斑斓，以红、绿、蓝为主色调，尾巴长而华丽，具有古代插画风格和传统中国美学的彩色水墨风格，背景为山林景色，树木葱郁，溪流潺潺，画面充满自然和谐之美。,
鸇,动物,鸟名,山海經十八卷,宋淳熙七年（1180）池陽郡齋刻本,,prompt: 一只古代神话中的鸇鸟，羽毛呈深褐色与白色相间，翅膀宽大有力，眼神锐利，站在一棵古老的松树枝上，背景是朦胧的山峦和云雾缭绕的天空，整体风格为传统中国彩色水墨画。,
㹥鳥,动物,鸟名,山海經十八卷,宋淳熙七年（1180）池陽郡齋刻本,"五彩之鳥,有冠,",prompt: 五彩斑斓的神鸟，拥有华丽的羽毛，色彩斑斓如同彩虹一般绚丽。头部戴着一顶精致的冠冕，显得格外尊贵和神秘。整体形象充满古代神话的气息，采用传统中国美学的彩色水墨风格绘制，展现出一种古典而优雅的美感。背景为淡淡的云雾和山水，增添了一种仙气十足的氛围。,
𩢢餘,动物,鸟名,山海經十八卷,宋淳熙七年（1180）池陽郡齋刻本,"其狀如烏,赤足,",prompt: 一只外形类似乌鸦的神鸟，名为𩢢餘，其最显著的特点是拥有一双赤红色的脚。请以古代插画风格和传统中国美学的彩色水墨风格描绘这只神秘的鸟类，背景可以是山海经中常见的山水景色，画面应充满神秘与古朴的气息。,
雌雉,动物,鸟名,山海經十八卷,宋淳熙七年（1180）池陽郡齋刻本,,prompt: 古代神话中的雌雉，羽毛色彩斑斓，以翠绿、朱红和金色为主，尾羽长而华丽，眼睛明亮有神，姿态优雅地站立在山林之间，背景是幽静的山谷和茂密的树木，画面风格参考古代彩色水墨画，充满神秘与祥和的气息。,
翟,动物,鸟名,山海經十八卷,宋淳熙七年（1180）池陽郡齋刻本,,prompt: 一只翟鸟，羽毛五彩斑斓，翅膀宽大有力，飞翔在古老的山川之间，背景是水墨风格的山水画卷，远处有淡淡的云雾缭绕，近处有几株古松和奇石，整体画面充满神秘而优雅的气息。,
大𪁐,动物,鸟名,山海經十八卷,宋淳熙七年（1180）池陽郡齋刻本,"三青鳥,赤首,黑目,",prompt: 三青鸟，赤首黑目，羽翼如翠绿宝石般闪耀，飞翔于云端之上，背景为古老的山川画卷，采用传统中国美学的彩色水墨风格，画面中融入细腻的云雾和古朴的山石，营造出神秘而宁静的氛围。,
鵰,动物,鸟名,山海經十八卷,宋淳熙七年（1180）池陽郡齋刻本,,prompt: 一只古代神鸟鵰，羽毛呈深褐色与白色相间，翅膀宽大有力，眼神锐利，爪子锋利，背景为山海经中的神秘山川，画面采用传统中国美学的彩色水墨风格，线条流畅，色彩淡雅，充满古风韵味。,
雕,动物,鸟名,山海經十八卷,宋淳熙七年（1180）池陽郡齋刻本,,prompt: 一只古代神话中的巨鸟雕，羽毛呈深褐色与白色相间，翅膀宽大有力，眼神锐利，爪子锋利如钩，立于险峻的山峰之巅，背景是云雾缭绕的山脉和远处的日出，画面采用传统中国彩色水墨风格，线条流畅，色彩淡雅。,
大鶚,动物,鸟名,山海經十八卷,宋淳熙七年（1180）池陽郡齋刻本,"其狀如鵰,黒文,白首,赤喙,虎爪,其音如晨鵠,",prompt: 一只大鶚，其状如雕，羽毛上布满黑色的花纹，头部为白色，喙部呈红色，脚爪如同虎爪般有力，叫声如同晨曦中的鹄鸟。请以古代插画风格和传统中国美学的彩色水墨风格绘制。,
當扈,动物,鸟名,山海經十八卷,宋淳熙七年（1180）池陽郡齋刻本,"其狀如雉,以其髯飛,",prompt: 一只状如雉鸡的神秘鸟类，名为当扈。它拥有鲜艳多彩的羽毛，色彩斑斓如同彩虹一般。最特别的是，它的飞行方式与众不同，依靠其长长的髯毛在空中飘扬，仿佛是用这些髯毛作为翅膀在天空中翱翔。画面采用传统中国美学的彩色水墨风格，背景为古代山川，云雾缭绕，增添几分神秘感。,
白䳑,动物,鸟名,山海經十八卷,宋淳熙七年（1180）池陽郡齋刻本,,prompt: 一只古老的白䳑鸟，羽毛洁白如雪，翅膀宽大而优雅，栖息在苍翠的古树上。背景是山海经中的神秘森林，树木葱郁，云雾缭绕，远处有奇峰异石。画面采用传统中国美学的彩色水墨风格，色彩淡雅，线条流畅，充满诗意和神话气息。,
鷩,动物,鸟名,山海經十八卷,宋淳熙七年（1180）池陽郡齋刻本,,prompt: 一只色彩斑斓的鷩鸟，羽毛呈现出红、蓝、绿等多种鲜艳的颜色，翅膀边缘有金色的光泽。它站在一棵古老的松树枝上，背景是淡雅的山水画风格，远处有淡淡的云雾缭绕，整体画面采用传统的中国彩色水墨风格，充满了神秘和古朴的气息。,
𪆻鳥,动物,鸟名,山海經十八卷,宋淳熙七年（1180）池陽郡齋刻本,"其色青黄,所經國亡,在女祭北,一曰維鳥青鳥黄鳥所集,",prompt: 一只名为𪆻鸟的神秘鸟类，其羽毛呈现出青黄交织的色彩，飞行时如同天空中的彩虹。它经过的地方，国家会面临灭亡的命运。在古代插画中，𪆻鸟常被描绘为拥有锐利目光和优雅身姿，背景是荒凉的战场或破败的城市。女祭北方向，有传说称它是维鸟、青鸟、黄鸟的集合体，象征着不祥与灾难。画面采用传统中国美学的彩色水墨风格，笔触细腻，色调柔和而富有层次感，展现出一种超现实的神话氛围。,
蕃,动物,鸟名,山海經十八卷,宋淳熙七年（1180）池陽郡齋刻本,,prompt: 一只色彩斑斓的神鸟，名为蕃，羽毛如同彩虹般绚丽，翅膀展开时仿佛能覆盖天空。它的眼睛明亮有神，闪烁着智慧的光芒。背景是古老的山水画风格，山峦起伏，云雾缭绕，展现出一种神秘而宁静的氛围。整体画面采用传统中国美学的彩色水墨风格，线条流畅，色彩丰富而不失雅致。,
䴅,动物,鸟名,山海經十八卷,宋淳熙七年（1180）池陽郡齋刻本,"其狀如鵲,白身,赤尾,六足,善驚,其鳴自詨,",prompt: 一只名为䴅的神鸟，其形状类似喜鹊，全身洁白无瑕，尾巴呈现鲜艳的红色，拥有六只脚，显得非常独特。它生性机警，容易受到惊吓。当它鸣叫时，声音如同在呼唤自己的名字。请以传统中国美学的彩色水墨风格描绘这只神鸟，背景可以是山林或天空，展现出其灵动与神秘感。,
鳬,动物,鸟名,山海經十八卷,宋淳熙七年（1180）池陽郡齋刻本,,prompt: 一只色彩斑斓的鳬鸟，羽毛呈现出翠绿、蓝紫和金黄交织的华丽色彩，翅膀宽大有力，飞翔在云雾缭绕的山间。背景是典型的中国山水画风格，远处有青翠的山峦和蜿蜒的河流，近处有松树和奇石点缀。整体画面采用传统水墨画技法，结合细腻的彩色渲染，展现出一种神秘而优雅的氛围。,
鳳皇,动物,鸟名,山海經十八卷,宋淳熙七年（1180）池陽郡齋刻本,"狀如雞,五釆而文,首文曰德,翼文曰義,背文曰禮,膺文曰仁,腹文曰信,飲食自然,自歌自舞,",prompt: 一只凤凰，形象如鸡，羽毛五彩斑斓且有纹饰，头部纹饰代表德，翅膀上的纹饰代表义，背部的纹饰代表礼，胸部的纹饰代表仁，腹部的纹饰代表信。它饮食自然，自歌自舞，画面采用传统中国美学的彩色水墨风格，背景为山林和云雾，展现出神秘而祥和的氛围。,
鳬徯,动物,鸟名,山海經十八卷,宋淳熙七年（1180）池陽郡齋刻本,"狀如雄雞,人面,其名自叫也,",prompt: 鳬徯，状如雄鸡，人面，其名自叫也。请描绘一只具有雄鸡外形的神鸟，头部是人的面孔，羽毛色彩斑斓，姿态威武，眼神炯炯有神。背景为山林幽谷，充满神秘气息，整体风格参考古代插画和传统中国美学的彩色水墨风格。,
肥遺,动物,鸟名,山海經十八卷,宋淳熙七年（1180）池陽郡齋刻本,"其狀如鶉,黄身,赤喙,",prompt: 肥遺，一种古老的神鸟，其形状如鹌鹑，身体呈黄色，嘴巴为红色。请以古代插画风格和传统中国美学的彩色水墨风格描绘，注重细节表现，展现出肥遺独特的神秘感和美丽。背景可以是山林或云雾缭绕的仙境，增加画面的意境和氛围。,
白翟,动物,鸟名,山海經十八卷,宋淳熙七年（1180）池陽郡齋刻本,,prompt: 一只名为白翟的神鸟，羽毛洁白如雪，翅膀宽大而优雅，飞翔在古老的山林之间。它的眼睛明亮有神，头顶有一束金色的羽毛，在阳光下闪耀着光芒。背景是连绵起伏的山脉和苍翠的古树，画面采用传统中国美学的彩色水墨风格，色彩淡雅，意境深远。,
鴿䳩,动物,鸟名,山海經十八卷,宋淳熙七年（1180）池陽郡齋刻本,"狀如山鷄,長尾,赤如丹火,青喙,其鳴自呼,",prompt: 一只形状如山鸡的神鸟，拥有长长的尾巴，羽毛如同燃烧的火焰般鲜红，嘴巴呈青色，其叫声如同在呼唤自己的名字。请以古代插画风格和传统中国美学的彩色水墨风格绘制。,
鴣𪄶,动物,鸟名,山海經十八卷,宋淳熙七年（1180）池陽郡齋刻本,"其狀如烏,白文,",prompt: 一只形状像乌鸦的鸟，羽毛上有着白色花纹，采用传统中国美学的彩色水墨风格绘制，背景为古典山水，画面充满神秘而优雅的气息。,
灌灌,动物,鸟名,山海經十八卷,宋淳熙七年（1180）池陽郡齋刻本,"其狀如鳩,其音若呵,",prompt: 一只形状像鸠的神秘鸟类，名为灌灌，其羽毛色彩斑斓，以青、蓝、绿为主色调，翅膀边缘点缀着金色光泽。它的叫声如同人在大声呵斥，充满力量与威严。背景为山林之间，树木葱郁，溪流潺潺，远处山峦起伏，云雾缭绕，整个画面采用传统中国美学的彩色水墨风格呈现。,
怪鳥,动物,鸟名,山海經十八卷,宋淳熙七年（1180）池陽郡齋刻本,,prompt: 一只神秘的怪鸟，羽毛五彩斑斓，翅膀宽大而有力，眼神锐利，栖息在古老的神木上，背景是幽静的山林和云雾缭绕的山谷，画面采用传统中国美学的彩色水墨风格，线条流畅细腻，色彩浓郁而不失淡雅。,
勾瞿,动物,鸟名,山海經十八卷,宋淳熙七年（1180）池陽郡齋刻本,,prompt: 一只名为勾瞿的神秘鸟类，其羽毛呈现出深邃的蓝色和绿色交织的光泽，翅膀边缘点缀着金色的斑点。勾瞿的眼睛如同明亮的星辰，闪烁着智慧的光芒。它站立在古老的树枝上，周围环绕着祥云和繁星，背景是朦胧的山川和潺潺流水，整体风格参考古代插画和传统中国美学的彩色水墨风格。,
歌舞之鳥,动物,鸟名,山海經十八卷,宋淳熙七年（1180）池陽郡齋刻本,,prompt: 一只充满神秘色彩的歌舞之鸟，羽毛斑斓绚丽，翅膀展开时如同彩虹般绚烂。它站立在古老的山林之中，周围环绕着淡淡的云雾，仿佛正在翩翩起舞。背景是传统的中国山水画风格，远处有青翠的山峦和潺潺的溪流，整幅画面充满了诗意与和谐。这只鸟的眼神灵动而温柔，仿佛能与人进行心灵的交流。,
鸛鵒,动物,鸟名,山海經十八卷,宋淳熙七年（1180）池陽郡齋刻本,,prompt: 一只鸛鵒，羽毛洁白如雪，长喙弯曲而尖锐，眼睛明亮有神。它站立在古老的松树枝上，背景是淡雅的山水画，远处山峦起伏，云雾缭绕，近处溪流潺潺，花草点缀其间。整体画面采用传统中国彩色水墨风格，充满诗意和古韵。,
鶴,动物,鸟名,山海經十八卷,宋淳熙七年（1180）池陽郡齋刻本,,prompt: 一只优雅的鹤，站立在清澈的湖边，羽毛洁白如雪，头顶一抹鲜艳的红色，长颈弯曲，姿态优美。背景是典型的中国山水画风格，山峦起伏，云雾缭绕，远处有几株松树点缀其间。画面采用传统彩色水墨技法，色调柔和而富有层次感。,
鶡,动物,鸟名,山海經十八卷,宋淳熙七年（1180）池陽郡齋刻本,,prompt: 一只古朴典雅的鶡鸟，羽毛色彩斑斓，以蓝绿为主色调，点缀着金色和红色，翅膀展开时展现出绚丽的图案。背景为山林溪流，采用传统中国彩色水墨风格绘制，画面中融入了《山海经》中的神秘元素，整体氛围宁静而富有诗意。,
翰,动物,鸟名,山海經十八卷,宋淳熙七年（1180）池陽郡齋刻本,,prompt: 一只名为翰的神鸟，羽毛色彩斑斓，如同彩虹般绚丽，翅膀宽大有力，翱翔于云海之间，背景是壮丽的山川和古朴的宫殿，画面采用传统中国美学的彩色水墨风格，细腻描绘出古代神话中的神秘与壮美。,
鵠,动物,鸟名,山海經十八卷,宋淳熙七年（1180）池陽郡齋刻本,,prompt: 一只古风的鵠鸟，羽毛洁白如雪，长颈优雅弯曲，双翅宽大有力，立于古老的松树枝头，背景是淡雅的山水画风格，整体采用传统中国彩色水墨技法绘制。,
黄鷔,动物,鸟名,山海經十八卷,宋淳熙七年（1180）池陽郡齋刻本,"其所集者其國亡,",prompt: 一只神秘的黄鷔鸟，羽毛呈金黄色，翅膀展开时如同燃烧的火焰。它的眼睛深邃而锐利，仿佛能洞察一切。这只鸟栖息在一棵古老的枯树上，周围是荒凉的景象，象征着即将灭亡的国度。背景中，远处的城市笼罩在一片灰暗之中，预示着即将到来的灾难。画面采用传统中国彩色水墨风格，展现出一种苍凉而神秘的氛围。,
畢方,动物,鸟名,山海經十八卷,宋淳熙七年（1180）池陽郡齋刻本,"其狀如鶴,一足,赤文,青質,白喙,其鳴自叫也,",prompt: 毕方，其状如鹤，一足站立，羽毛呈现青色，带有红色纹理，喙为白色，鸣叫声如同自呼其名。请以古代插画风格和传统中国美学的彩色水墨风格绘制。,
白翰,动物,鸟名,山海經十八卷,宋淳熙七年（1180）池陽郡齋刻本,,prompt: 一只名为白翰的神鸟，羽毛洁白如雪，翅膀宽大而有力，飞翔在蓝天之中。它的眼睛明亮有神，喙部呈金黄色，尾巴长而优雅，尾羽末端略带淡蓝色光泽。背景是古代中国山水画风格的山川河流，云雾缭绕，色彩以淡雅的水墨为主，点缀着几抹鲜艳的色彩。整体画面充满诗意与神秘感。,
黄鳥,动物,鸟名,山海經十八卷,宋淳熙七年（1180）池陽郡齋刻本,"其狀如梟,白首,其鳴自詨,",prompt: 黄鸟，其状如枭，白首，其鸣自詨，参考古代插画风格和传统中国美学的彩色水墨风格，画面中黄鸟立于古树枝头，羽毛以淡黄色为主，头部为白色，眼神锐利，嘴巴弯曲，背景为淡淡的山水景色，营造出神秘而古老的氛围。,
鴻鴈,动物,鸟名,山海經十八卷,宋淳熙七年（1180）池陽郡齋刻本,,prompt: 一只色彩斑斓的鸿雁，羽毛如同细腻的水墨画，翅膀上点缀着淡雅的蓝色和绿色，飞翔在古典山水之间，背景是烟波浩渺的江河与连绵起伏的山峦，画面充满了传统中国美学的韵味。,
鷄,动物,鸟名,山海經十八卷,宋淳熙七年（1180）池陽郡齋刻本,,prompt: 一只古老的神鸟鷄，羽毛斑斓多彩，翅膀宽大而有力，眼神锐利，站在山巅之上，背景是连绵的山脉和缭绕的云雾，整体画面采用传统中国彩色水墨风格，线条流畅，色彩丰富。,
賈,动物,鸟名,山海經十八卷,宋淳熙七年（1180）池陽郡齋刻本,,prompt: 一只名为賈的神秘鸟类，羽毛色彩斑斓如同彩虹，翅膀展开时犹如一幅精美的彩色水墨画。它栖息于山林之间，周围环绕着古老的树木和奇异的花朵，背景是淡雅的山水景色，整体风格参考古代插画和传统中国美学。,
鳩,动物,鸟名,山海經十八卷,宋淳熙七年（1180）池陽郡齋刻本,,prompt: 一只来自《山海经》的神秘鸠鸟，羽毛色彩斑斓，以蓝色和绿色为主，翅膀边缘点缀着金色的光泽。它的眼睛深邃明亮，仿佛能洞察人心。背景是古老而幽静的山林，树木苍翠，云雾缭绕，画面呈现出一种古典中国水墨画的风格，既有写实感又不失神话色彩。,
𪀣,动物,鸟名,山海經十八卷,宋淳熙七年（1180）池陽郡齋刻本,"其狀如鴟,人手,其音如痺,其鳴自號也,",prompt: 一只形如鴟的神鸟，拥有类似人类的手臂，其叫声如同痺病发作时的声音，它的鸣叫就像是在自呼其名。请以古代插画风格和传统中国美学的彩色水墨风格绘制，画面中神鸟展翅高飞，背景为山川云雾，色彩古朴典雅，线条流畅生动。,
鵁,动物,鸟名,山海經十八卷,宋淳熙七年（1180）池陽郡齋刻本,,prompt: 一只古代神话中的鵁鸟，羽毛色彩斑斓，以蓝色和绿色为主，翅膀边缘带有金色光泽。它站立在一片神秘的山林之中，周围环绕着轻柔的雾气。背景是典型的中国山水画风格，远处有若隐若现的山峰，近处有潺潺流水和奇石。整幅画面采用传统中国美学的彩色水墨风格，既富有诗意又充满神秘感。,
白鷮,动物,鸟名,山海經十八卷,宋淳熙七年（1180）池陽郡齋刻本,,prompt: 一只羽毛洁白如雪的白鷮，站立在古老的松树枝上，背景是淡雅的山水画风格，采用传统中国美学的彩色水墨技法，鸟的眼睛灵动有神，翅膀微微张开，仿佛随时准备飞翔，展现出一种超凡脱俗的气质。,
駕鳥,动物,鸟名,山海經十八卷,宋淳熙七年（1180）池陽郡齋刻本,,prompt: 一只来自《山海经》的駕鳥，羽毛色彩斑斓，翅膀宽大有力，眼神锐利，展翅飞翔于云端之上，背景为古典山水画风格，画面采用传统中国美学的彩色水墨技法，展现出神秘而壮丽的景象。,
鵕鳥,动物,鸟名,山海經十八卷,宋淳熙七年（1180）池陽郡齋刻本,"其狀如鴟,赤足,直喙,黄文,白首,其音如鵠,",prompt: 一只鵕鳥，其形状如同鸱鸟，拥有红色的脚爪，直而尖锐的喙，羽毛上布满了黄色的纹路，头部呈现白色。它的叫声宛如天鹅般悠扬。请以古代插画风格和传统中国美学的彩色水墨风格绘制这只神鸟。,
精衛,动物,鸟名,山海經十八卷,宋淳熙七年（1180）池陽郡齋刻本,"其狀如烏,文首,白喙,赤足,其鳴自詨,是炎帝之少女名曰女娃,",prompt: 精卫，形象为一只乌鸦，头部有花纹，喙为白色，脚为红色，叫声如同自己的名字。她是炎帝的小女儿女娃所化，画面中精卫鸟在海边飞翔，背景是波涛汹涌的大海和远处的山峦，整体风格采用古代插画风格和传统中国美学的彩色水墨风格，色彩以淡雅为主，线条流畅细腻，表现出精卫填海的坚韧与执着。,
夸父,动物,鸟名,山海經十八卷,宋淳熙七年（1180）池陽郡齋刻本,,prompt: 一只巨大的神鸟夸父，羽毛色彩斑斓如同日落时的天空，翅膀展开宽广有力，眼中闪烁着智慧与勇敢的光芒。它栖息在古老的山林之中，周围是茂密的古树和清澈的溪流，背景是连绵起伏的山脉。整体画面采用传统中国美学的彩色水墨风格，展现出一种神秘而壮丽的氛围。,
孔鳥,动物,鸟名,山海經十八卷,宋淳熙七年（1180）池陽郡齋刻本,,prompt: 孔鳥，一种神秘的古代鸟类，羽毛色彩斑斓如同彩虹，头部有金色的冠羽，长长的尾羽上点缀着蓝色和绿色的光点，飞翔时如同绚丽的烟火在空中绽放。请参考古代插画风格和传统中国美学的彩色水墨风格绘制。,
𪇱,动物,鸟名,山海經十八卷,宋淳熙七年（1180）池陽郡齋刻本,,prompt: 一只名为𪇱的神鸟，身披五彩斑斓的羽毛，在空中翱翔。它的翅膀宽大有力，尾羽修长如流苏，色彩斑斓如同彩虹。背景是古老的山川和云雾缭绕的仙境，采用传统中国美学的彩色水墨风格，画面充满神秘与古朴的气息。,
鶹,动物,鸟名,山海經十八卷,宋淳熙七年（1180）池陽郡齋刻本,,prompt: 一只古老的鶹鸟，羽毛斑斓多彩，翅膀宽大有力，尾羽修长飘逸。它站立在枝头，周围是古朴的山水背景，画面采用传统中国彩色水墨风格，充满神秘与古典美感。,
櫟,动物,鸟名,山海經十八卷,宋淳熙七年（1180）池陽郡齋刻本,"其狀如鶉,黒文,赤翁,",prompt: 一只外形类似鹌鹑的神鸟，名为櫟。其羽毛上有着黑色的纹路，颈部长有红色的肉垂。画面采用传统中国美学的彩色水墨风格，背景为古代山水画常见的云雾缭绕的山峦和古老的树木，展现出一种神秘而宁静的氛围。,
鸓,动物,鸟名,山海經十八卷,宋淳熙七年（1180）池陽郡齋刻本,"其狀如鵲,赤黒,兩首,四足,",prompt: 古代神话中的鸓，其状如鹊，赤黑色，拥有两个头和四只脚。请以传统中国美学的彩色水墨风格绘制，展现其独特的形态和神秘的气息。背景可设置为山海经中常见的山水景色，用细腻的笔触描绘出鸓在自然环境中的灵动与和谐。,
𪁐鶘,动物,鸟名,山海經十八卷,宋淳熙七年（1180）池陽郡齋刻本,"其狀如鴛鴦,人足,其鳴自䚯,",prompt: 𪁐鶘，一种神秘的鸟类，其形态类似鸳鸯，但拥有与人类相似的双脚。它的叫声独特，仿佛在自我呼唤。请以古代插画风格和传统中国美学的彩色水墨风格描绘，背景可选择山林溪流，色彩以淡雅为主，突出其独特的形态和神秘感。,
白鳥,动物,鸟名,山海經十八卷,宋淳熙七年（1180）池陽郡齋刻本,"青翼,黄尾,玄喙,",prompt: 一只名为白鳥的神鸟，青色的翅膀如同碧波荡漾，黄色的尾巴犹如金光闪烁，黑色的喙显得格外醒目。请参考古代插画风格和传统中国美学的彩色水墨风格，描绘这只神鸟展翅飞翔的姿态，背景为山川河流，云雾缭绕，营造出神秘而宁静的氛围。,
鸞雞,动物,鸟名,山海經十八卷,宋淳熙七年（1180）池陽郡齋刻本,,prompt: 一只色彩斑斓的鸞雞，羽毛如同彩虹般绚丽，翅膀边缘点缀着金色光泽。它站立在古老的松树枝上，背景是淡雅的山水画风格，画面采用传统中国美学的彩色水墨技法，展现出神秘而优雅的气质。,
羅羅,动物,鸟名,山海經十八卷,宋淳熙七年（1180）池陽郡齋刻本,"食人,",prompt: 一只名为羅羅的神秘巨鸟，拥有锋利的喙和爪子，羽毛呈现出深邃的黑色与血红色交织的图案。它栖息在幽暗的森林深处，眼中闪烁着凶狠的光芒，正准备扑向一个不幸的猎物。画面采用传统中国美学的彩色水墨风格，背景是古老而神秘的山林，弥漫着一种恐怖而诡异的氛围。,
鸞鳥,动物,鸟名,山海經十八卷,宋淳熙七年（1180）池陽郡齋刻本,"其狀如翟,五彩文,",prompt: 五彩神鸟鸞鳥，形态似翟鸟，羽毛斑斓多彩，翅膀展开时如同绚丽的彩虹，背景为古典山水，画面采用传统中国彩色水墨风格，线条细腻流畅，色彩鲜艳而不失雅致。,
琅鳥,动物,鸟名,山海經十八卷,宋淳熙七年（1180）池陽郡齋刻本,,prompt: 琅鳥，一种神秘的山海经神鸟，羽毛色彩斑斓如同彩虹，翅膀宽大而有力，能够飞翔于云层之上。它的眼睛如宝石般明亮，嘴喙尖锐，尾巴长而华丽，尾羽末端带有金色光泽。请以古代插画风格和传统中国美学的彩色水墨风格描绘这只神鸟，背景为远古山脉和缭绕的云雾。,
離俞,动物,鸟名,山海經十八卷,宋淳熙七年（1180）池陽郡齋刻本,,prompt: 一只离俞鸟，羽毛色彩斑斓，犹如彩虹般绚丽，翅膀宽大有力，眼神锐利而深邃，尾巴长而优雅，飞翔在古代山水之间，背景是青绿山水，山峦起伏，云雾缭绕，画面充满神秘与古老的气息，整体风格参考中国古代插画和传统中国美学的彩色水墨风格。,
離朱,动物,鸟名,山海經十八卷,宋淳熙七年（1180）池陽郡齋刻本,,prompt: 一只拥有三只眼睛的神鸟，名为離朱，羽毛色彩斑斓，以红、蓝、绿为主色调，翅膀宽大，飞翔在云端之上，背景为山海经中的神秘山脉和古老森林，画面风格参考古代彩色水墨画，线条流畅，色彩丰富而和谐。,
鴖,动物,鸟名,山海經十八卷,宋淳熙七年（1180）池陽郡齋刻本,"其狀如翠,赤喙,",prompt: 一只名为鴖的神鸟，其形态宛如翠鸟，但喙部呈现鲜艳的红色。整体形象融合了传统中国美学中的彩色水墨风格，背景是细腻的山川景色，色彩以淡雅为主，点缀着几抹鲜艳的红与绿，展现出一种古朴而神秘的美感。,
蠻蠻,动物,鸟名,山海經十八卷,宋淳熙七年（1180）池陽郡齋刻本,"其狀如鳬,一翼,一目,相得乃飛,",prompt: 一只蠻蠻鸟，其状如鳬，只有一翼一目，两只蠻蠻鸟相依才能飞翔，参考古代插画风格和传统中国美学的彩色水墨风格，背景为山林溪流，色彩以淡雅为主，线条流畅，构图和谐。,
滅蒙鳥,动物,鸟名,山海經十八卷,宋淳熙七年（1180）池陽郡齋刻本,"在結匈國北,爲鳥青赤尾,",prompt: 灭蒙鸟，青赤尾羽，飞翔于结匈国北的天空，传统中国美学彩色水墨风格，背景为古代山川河流，画面中灭蒙鸟展翅高飞，羽毛色彩鲜艳，青色与赤色交织，尽显其独特魅力。,
鳴鳥,动物,鸟名,山海經十八卷,宋淳熙七年（1180）池陽郡齋刻本,"五彩之鳥仰天,",prompt: 五彩之鸟仰天而鸣，羽毛斑斓绚丽，翅膀展开如彩虹般绚烂，背景为古朴典雅的山水画卷，采用传统中国美学的彩色水墨风格，画面中鸟儿的姿态优雅，眼神灵动，仿佛在诉说着古老的传说。,
鳴鴈,动物,鸟名,山海經十八卷,宋淳熙七年（1180）池陽郡齋刻本,,prompt: 一只鸣雁在天空中翱翔，羽毛呈淡灰色，翅膀边缘有白色条纹，长长的脖子弯曲成优雅的弧度。背景是淡雅的水墨山水，山峦若隐若现，云雾缭绕，整体画面充满古典中国美学的韵味。,
（崦嵫之山）鳥,动物,鸟名,山海經十八卷,宋淳熙七年（1180）池陽郡齋刻本,"其狀如鴞,人面,蜼身,犬尾,",prompt：崦嵫之山的神秘鸟，其状如鸮，拥有人面，蜼身和犬尾，色彩斑斓而神秘，翅膀上绘有古老的图腾，羽毛如同细腻的水墨画，背景为夕阳下的崦嵫山脉，整体风格融合了传统中国美学的彩色水墨风格。,
（長留之山）鳥,动物,鸟名,山海經十八卷,宋淳熙七年（1180）池陽郡齋刻本,"皆文首,",prompt: 长留之山的鸟，头部有华丽的纹饰，羽毛色彩斑斓，形态优美，背景为古风山水，采用传统中国美学的彩色水墨风格，画面中融入古代插画元素，展现神秘而优雅的氛围。,
（竒肱之國）鳥,动物,鸟名,山海經十八卷,宋淳熙七年（1180）池陽郡齋刻本,"兩頭,赤黄色,在其（竒肱之國）旁,",prompt: 一只两头鸟，羽毛呈赤黄色，飞翔在奇肱之国的天空中，背景是古代中国风格的山水和建筑，画面采用传统彩色水墨风格，细腻描绘出神秘而古老的氛围。,
䳼,动物,鸟名,山海經十八卷,宋淳熙七年（1180）池陽郡齋刻本,,prompt: 一只名为䳼的神秘鸟类，羽毛色彩斑斓，以古代插画风格和传统中国美学的彩色水墨风格绘制。它的翅膀宽大而有力，尾羽修长如丝带般飘逸，眼神灵动而深邃，仿佛能洞察人心。背景为山林幽谷，云雾缭绕，增添几分神秘与幽静之感。,
𪄀𪃑,动物,鸟名,山海經十八卷,宋淳熙七年（1180）池陽郡齋刻本,"其狀如烏,人面,宵飛,晝伏,",prompt: 一只名为𪄀𪃑的神秘鸟类，其状如乌鸦，却拥有人类的面孔。它的羽毛漆黑如夜，眼神深邃而智慧。白天时它隐藏在密林深处，夜晚则振翅高飞，穿梭于月光之下。画面采用传统中国美学的彩色水墨风格，背景为幽暗的森林和皎洁的月亮，展现出𪄀𪃑独特的神秘与灵动。,
鵸䳜,动物,鸟名,山海經十八卷,宋淳熙七年（1180）池陽郡齋刻本,"其狀如烏,五彩,赤文,自爲牝牡,",prompt: 一只外形类似乌鸦的神秘鸟类，名为鵸䳜，其羽毛呈现出五彩斑斓的颜色，其中红色的纹理尤为醒目。这种鸟拥有独特的自我繁殖能力，无需雌雄交配即可繁衍后代。请以古代中国插画风格和传统彩色水墨画技法描绘这只神鸟，背景可以是幽静的山林或云雾缭绕的仙境，突出其神秘而美丽的特质。,
鵸䳜,动物,鸟名,山海經十八卷,宋淳熙七年（1180）池陽郡齋刻本,"其狀如烏,三首,六尾,善笑,",prompt: 一只名为鵸䳜的神鸟，其形状如同乌鸦，拥有三个头和六条尾巴，表情生动，仿佛在欢快地笑着。请以古代插画风格和传统中国美学的彩色水墨风格描绘这只神鸟，背景可以是山林或云雾缭绕的仙境。,
鵲,动物,鸟名,山海經十八卷,宋淳熙七年（1180）池陽郡齋刻本,,prompt: 一只色彩斑斓的喜鹊，羽毛闪耀着蓝、绿、黑、白等多种颜色，翅膀展开时展现出优美的弧度。背景是古典山水画风格的山峦和松树，画面整体呈现出传统中国美学的彩色水墨风格。喜鹊站在一根弯曲的树枝上，眼神灵动，仿佛在欢快地鸣叫。,
青耕,动物,鸟名,山海經十八卷,宋淳熙七年（1180）池陽郡齋刻本,"其狀如鵲,青身,白喙,白目,白尾,其鳴自𠮧,",prompt: 一只外形如鹊的神鸟，名为青耕。它拥有青色的身体，白色的嘴巴、眼睛和尾巴。当它鸣叫时，声音如同“自𠮧”。请以古代插画风格和传统中国美学的彩色水墨风格描绘这只神鸟，注重表现其独特的色彩搭配和神秘气质。背景可以是古老的山林或云雾缭绕的仙境，增添画面的神秘感。,
鶌鶋,动物,鸟名,山海經十八卷,宋淳熙七年（1180）池陽郡齋刻本,"其狀如烏,首白,身青,足黄,其鳴自詨,",prompt: 一只古代神话中的鸟，名为鶌鶋，其形状如同乌鸦，但头部为白色，身体呈现青色，脚部为黄色。它发出的声音像是在呼唤自己的名字。请以传统中国美学的彩色水墨风格绘制，注重细节和色彩的层次感，背景可以是山林或古风建筑，营造出神秘而古老的氛围。,
竒鳥,动物,鸟名,山海經十八卷,宋淳熙七年（1180）池陽郡齋刻本,,prompt: 一只来自《山海经》的奇鸟，羽毛色彩斑斓如同彩虹，翅膀宽大而有力，尾羽长而飘逸。它的眼睛闪烁着智慧的光芒，形态优美，仿佛随时准备展翅高飞。背景是古朴的山水画风格，云雾缭绕，山川壮丽。整体画面采用传统中国美学的彩色水墨风格，细腻且富有诗意。,
青鳥,动物,鸟名,山海經十八卷,宋淳熙七年（1180）池陽郡齋刻本,,prompt: 青鸟，一种传说中的神鸟，拥有蓝色的羽毛，翅膀边缘点缀着金色光泽。它身形优美，眼神灵动，常被描绘为在天空中翱翔或栖息于仙树之上。背景为云雾缭绕的仙境，整体风格参考古代插画和传统中国美学的彩色水墨风格。,
鬿雀,动物,鸟名,山海經十八卷,宋淳熙七年（1180）池陽郡齋刻本,"其狀如鷄,白首,鼠足,虎爪,亦食人,",prompt: 鬿雀，其状如鸡，白首，鼠足，虎爪，亦食人。请以古代插画风格和传统中国美学的彩色水墨风格描绘，鬿雀头部羽毛洁白，身体呈鸡形，脚部像老鼠但爪子却如同老虎般锋利，眼神凶猛，周围环境荒凉，透露出一种神秘而危险的气息。,
瞿如,动物,鸟名,山海經十八卷,宋淳熙七年（1180）池陽郡齋刻本,"其狀如鵁,白首,三足,人面,其鳴自號也,",prompt: 一只形状如鵁的神鸟，名为瞿如。它拥有白色的头部，三只脚，面部像人。它的叫声如同在呼喊自己的名字。请以古代插画风格和传统中国美学的彩色水墨风格描绘这只神秘的生物。背景可设置为山林或云雾缭绕的仙境，体现其神秘与超自然的气息。,
青鴍,动物,鸟名,山海經十八卷,宋淳熙七年（1180）池陽郡齋刻本,"其所集者其國亡,",prompt: 一只青色的鴍鸟，羽毛如同深邃夜空中的碧绿星辰，翅膀边缘点缀着金色的光芒。它栖息在一棵古老的枯树上，周围环境荒凉，象征着即将灭亡的国家。背景中隐约可见一座废弃的城池，城墙破败，旗帜残破，展现出一种末日来临的氛围。整体画面采用传统中国美学的彩色水墨风格，色彩对比强烈，富有神秘感和历史沧桑感。,
鸜鵒,动物,鸟名,山海經十八卷,宋淳熙七年（1180）池陽郡齋刻本,,prompt: 鸜鵒，一种古老的神鸟，羽毛色彩斑斓，以红、蓝、绿为主色调，尾羽修长而优雅。它栖息于深山幽谷之中，象征着吉祥与智慧。请根据《山海经》中的描述，结合古代插画风格和传统中国美学的彩色水墨风格，绘制出鸜鵒的形象。背景可以是茂密的森林和清澈的溪流，画面中可以加入一些古典元素如云雾、山石等，营造出神秘而宁静的氛围。,
欽原,动物,鸟名,山海經十八卷,宋淳熙七年（1180）池陽郡齋刻本,"其狀如蜂,大如鴛鴦,蠚鳥獸則死,蠚木則枯,",prompt: 一只形似蜜蜂但体型如鸳鸯般大小的神秘鸟欽原，其羽毛呈现出深邃的黑色与金色交织的纹理，翅膀边缘点缀着微光闪烁的鳞片。它的眼睛如同燃烧的火焰，锐利而充满威严。欽原所到之处，无论是鸟兽还是树木，一旦被其触碰便会枯萎死亡。画面中，欽原正栖息在一棵古老的松树上，周围散落着因它的存在而枯萎的植物和倒下的动物。背景是山海经中的奇幻山林，远处隐约可见云雾缭绕的群山。整体风格采用传统中国彩色水墨画，细腻地描绘出欽原的神秘与威力。,
跂踵,动物,鸟名,山海經十八卷,宋淳熙七年（1180）池陽郡齋刻本,"其狀如鴞,一足,彘尾,",prompt: 一只形似猫头鹰的神鸟，名为跂踵，它只有一只脚，尾巴像猪尾，羽毛色彩斑斓，翅膀宽大有力，眼神锐利，立于古老的山石之上，背景为山海经中的神秘山川，画面采用传统中国美学的彩色水墨风格。,
竊脂,动物,鸟名,山海經十八卷,宋淳熙七年（1180）池陽郡齋刻本,"狀如鴞,赤身,白首,",prompt: 一只名为竊脂的鸟，形状像猫头鹰，身体为红色，头部为白色。请以古代插画风格和传统中国美学的彩色水墨风格绘制，参考《山海经》中的描述。背景可以是中国古代山水，树木葱郁，云雾缭绕，营造出神秘而古老的氛围。,
少𪁐,动物,鸟名,山海經十八卷,宋淳熙七年（1180）池陽郡齋刻本,"三青鳥,赤首,黑目,",prompt: 三青鸟，赤首黑目，羽毛呈现深邃的青色，头部为鲜艳的红色，眼睛乌黑明亮。整体形象优雅而神秘，展翅飞翔在山海之间，背景为古代中国山水画风格，色彩以水墨为主，点缀以淡雅的彩色，展现出传统中国美学的韵味。,
鶽,动物,鸟名,山海經十八卷,宋淳熙七年（1180）池陽郡齋刻本,"開明南,",prompt: 一只古老的鶽鸟，站立在开明南的神秘之地，羽毛呈现出深邃的蓝色和绿色交织，翅膀上点缀着金色的斑点，眼神锐利而充满智慧。背景是幽暗的山林，远处隐约可见神异的光芒。画面采用传统中国美学的彩色水墨风格，细腻地描绘出这只神话中的鸟儿与它所处的神秘环境。,
白鵺,动物,鸟名,山海經十八卷,宋淳熙七年（1180）池陽郡齋刻本,"其狀如雉,文首,白翼,黄足,",prompt: 一只形态类似雉鸡的神鸟，头部有精美的花纹，翅膀洁白如雪，脚呈黄色。请参考古代插画风格和传统中国美学的彩色水墨风格进行绘制，背景可以是山林或祥云，以展现其神秘而优雅的气质。,
比翼鳥,动物,鸟名,山海經十八卷,宋淳熙七年（1180）池陽郡齋刻本,"在其（南山）東,其爲鳥青赤,兩鳥比翼,一曰在南山東,",prompt: 两只青红相间的比翼鸟，翅膀紧紧相连，飞翔在南山之东的天空中，背景是传统的中国山水画风格，色彩以水墨为主，点缀着淡雅的青绿色调，画面充满古典美感和神秘气息。,
白雉,动物,鸟名,山海經十八卷,宋淳熙七年（1180）池陽郡齋刻本,,prompt: 一只白色的雉鸡，羽毛洁白如雪，闪耀着微光。它站立在一片翠绿的竹林中，周围是茂密的竹叶和几朵盛开的兰花。画面采用中国传统水墨画风格，色彩以淡雅为主，背景略带雾气，营造出一种幽静而神秘的氛围。,
山鷄,动物,鸟名,山海經十八卷,宋淳熙七年（1180）池陽郡齋刻本,,prompt: 中国传统水墨画风格，山鷄，一种神秘的鸟类，羽毛色彩斑斓，以青、蓝、绿为主色调，翅膀边缘有金色光泽，头部有一撮鲜艳的红色羽毛，眼睛炯炯有神，站立在山石之上，周围环绕着奇花异草，背景是云雾缭绕的山峦，整体画面充满神秘与自然之美。,
尸鳩,动物,鸟名,山海經十八卷,宋淳熙七年（1180）池陽郡齋刻本,,prompt: 一只神秘的尸鳩，羽毛呈现出深邃的黑色，翅膀边缘点缀着幽蓝的光泽，双眼如红宝石般闪耀。它栖息在古老的枯树上，周围弥漫着淡淡的雾气，背景是月光下的荒凉山野，风格参考古代插画和传统中国美学的彩色水墨画风。,
樹鳥,动物,鸟名,山海經十八卷,宋淳熙七年（1180）池陽郡齋刻本,"開明南,六首,",prompt: 一只名为树鸟的神鸟，位于开明南，拥有六个头，每个头都栩栩如生，羽毛色彩斑斓，如同彩虹般绚丽。背景是古老的山川河流，树木葱郁，充满了神秘的气息。整体画面采用传统中国美学的彩色水墨风格，线条流畅，色彩柔和，展现出一种古朴而典雅的美感。,
誦鳥,动物,鸟名,山海經十八卷,宋淳熙七年（1180）池陽郡齋刻本,"開明南,",prompt: 一只神秘的誦鳥，栖息在开明南的古老森林中，羽毛五彩斑斓，如同彩虹般绚烂。它的眼睛闪烁着智慧的光芒，翅膀轻轻扇动时，仿佛能带来祥和与安宁。背景是古朴的山林，远处有隐约可见的古代建筑，整体风格参考《山海经》中的神话插画，采用传统中国美学的彩色水墨风格，画面充满神秘而宁静的气息。,
三青鳥,动物,鸟名,山海經十八卷,宋淳熙七年（1180）池陽郡齋刻本,,prompt: 三青鸟，中国传统神话中的神鸟，羽毛呈深邃的青蓝色，闪耀着金属光泽，翅膀宽大有力，飞翔时如同青色云彩在空中飘动。背景为古代山水画风格，山峦起伏，云雾缭绕，营造出一种神秘而宁静的氛围。整体画面采用传统中国美学的彩色水墨风格，线条流畅，色彩柔和，展现出东方古典美的韵味。,
竦斯,动物,鸟名,山海經十八卷,宋淳熙七年（1180）池陽郡齋刻本,"其狀如雌雉,人靣,見人則躍,其鳴自呼,",prompt: 一只名为竦斯的神鸟，其形状类似雌雉，但拥有着人类的面孔。当它见到人时会跳跃起来，发出的声音就像是在呼唤自己的名字。请以古代插画风格和传统中国美学的彩色水墨风格描绘这只神秘的生物，注意捕捉其跃动的姿态以及拟人的面部表情，背景可以是充满神秘色彩的山林或云雾缭绕的仙境。,
數斯,动物,鸟名,山海經十八卷,宋淳熙七年（1180）池陽郡齋刻本,"其狀如鴟,人足,",prompt: 一只形如鴟的神秘鸟类，名为數斯，拥有类似人类的双脚，羽毛呈现出深邃的蓝色和紫色，翅膀宽大而有力，眼神锐利。背景是古代中国山水画风格的山峦和云雾，整体色调为传统的水墨色彩，带有一些淡雅的彩色点缀。,
胜遇,动物,鸟名,山海經十八卷,宋淳熙七年（1180）池陽郡齋刻本,"其狀如翟而赤,食魚,其音如録,",prompt: 一只胜遇鸟，其状如翟而赤，羽毛鲜艳如同燃烧的火焰，栖息在清澈的溪流旁，正低头捕食游动的鱼儿。背景是古老的山水画卷，山峦起伏，云雾缭绕，展现出传统中国美学的彩色水墨风格。胜遇鸟的声音如同録，清脆悦耳，回荡在山谷之间。,
酸與,动物,鸟名,山海經十八卷,宋淳熙七年（1180）池陽郡齋刻本,"其狀如蛇,四翼,六目,三足,其鳴自詨,",prompt: 一只名为酸與的神秘生物，其形状如同蛇一般蜿蜒，但拥有四只翅膀和六只眼睛，三足站立。它的鸣叫声如同在呼唤自己的名字。请以古代插画风格和传统中国美学的彩色水墨风格绘制，背景可为山林或云雾缭绕的仙境，强调其神秘而独特的形象。,
橐𩇯,动物,鸟名,山海經十八卷,宋淳熙七年（1180）池陽郡齋刻本,"其狀如梟,人面,一足,冬見,夏蟄,",prompt: 橐𩇯，一种神秘的鸟类，其形状类似猫头鹰，但拥有人类的面孔，仅有一只脚。它在冬季出现，夏季则进入蛰伏状态。请以古代插画风格和传统中国美学的彩色水墨风格描绘这只奇特的生物，背景可以是寒冷的冬日景象，如枯枝败叶、白雪覆盖的山林，强调其孤独而神秘的气质。,
䳋乆,动物,鸟名,山海經十八卷,宋淳熙七年（1180）池陽郡齋刻本,,prompt: 一只神秘的䳋乆鸟，羽毛色彩斑斓，翅膀宽大而有力，尾羽长而优雅，飞翔在古代山水之间，背景是连绵起伏的山峦和清澈的溪流，画面采用传统中国美学的彩色水墨风格，充满了古朴而幽静的气息。,
䲦鳥,动物,鸟名,山海經十八卷,宋淳熙七年（1180）池陽郡齋刻本,"其狀如梟,三目,有耳,其音如録,",prompt: 一只名为䲦鳥的神秘鸟类，其形状类似于猫头鹰，但拥有三只眼睛和明显的耳朵。它的叫声如同録音机播放的声音。请以古代插画风格和传统中国美学的彩色水墨风格绘制，背景为山林或幽谷，色彩古朴而富有层次感。,
赤𪅶,动物,鸟名,山海經十八卷,宋淳熙七年（1180）池陽郡齋刻本,,prompt: 一只名为赤𪅶的神鸟，羽毛呈现鲜艳的红色，翅膀边缘带有金色光泽。它的眼睛如同深邃的黑宝石，闪烁着智慧的光芒。赤𪅶站立在古老的松树枝上，背景是山川湖海，云雾缭绕，画面采用传统中国彩色水墨风格，充满神秘与古老的气息。,
𪁺𩿧,动物,鸟名,山海經十八卷,宋淳熙七年（1180）池陽郡齋刻本,"其狀如鷄,三首,六目,六足,三翼,",prompt: 𪁺𩿧，一只神秘的三首鸟，其状如鸡，拥有六个眼睛和六条腿，以及三个翅膀。它的羽毛色彩斑斓，如同彩虹般绚丽，每个头都独具特色，有的眼神锐利，有的温和慈祥，有的则充满好奇。整体形象威严而神秘，仿佛来自远古神话中的神鸟。背景为古典山水，山峦叠嶂，云雾缭绕，呈现出一种悠远而宁静的氛围。风格参考古代插画，采用彩色水墨技法，线条流畅，色彩丰富而不失雅致。,
翠,动物,鸟名,山海經十八卷,宋淳熙七年（1180）池陽郡齋刻本,,prompt: 一只翠鸟，羽毛以青绿色为主，点缀着金色和蓝色的光泽，翅膀展开时展现出优美的曲线。它站在一枝弯曲的柳树上，周围是淡雅的水墨山水背景，画面充满传统中国美学风格，色彩柔和而富有层次感。,
鶉,动物,鸟名,山海經十八卷,宋淳熙七年（1180）池陽郡齋刻本,,prompt: 一只色彩斑斓的鶉鸟，羽毛呈现出红、蓝、绿等多种鲜艳的颜色，翅膀宽大而有力，尾巴修长。它站在古树的枝头，周围是茂密的山林，背景是中国传统水墨画风格的远山和云雾，整体画面充满了神秘与和谐之美。,
鴟,动物,鸟名,山海經十八卷,宋淳熙七年（1180）池陽郡齋刻本,,prompt: 一只古代神鸟鴟，羽毛呈深褐色与黑色相间，翅膀宽大有力，眼神锐利如鹰，站立于古木之上，背景为山林云雾缭绕，整体风格参考古代插画和传统中国彩色水墨画。,
