名字,一级类目,二级类目,出处书名,版本,描述,prompt,image_path
委維,动物,虫名,山海經十八卷,宋淳熙七年（1180）池陽郡齋刻本,,prompt: 一只神秘的虫类生物，名为委維，栖息于古老山林之中。其身长三尺，通体呈淡绿色，带有细腻的金色斑纹。头部有一对细长触角，眼睛如同两颗璀璨的宝石，闪烁着智慧的光芒。身体两侧生有透明轻盈的翅膀，翼上绘有精致的花纹。四肢修长有力，末端为锋利的爪子。周围环境是幽静的山谷，古木参天，云雾缭绕，充满神秘气息。整体画面采用传统中国美学的彩色水墨风格，笔触细腻，色彩柔和。,动物\虫名\委維.png
玄蛇,动物,虫名,山海經十八卷,宋淳熙七年（1180）池陽郡齋刻本,"黒水之南,食麈,",prompt: 黑水之南的玄蛇，身体蜿蜒如黑龙，鳞片闪烁着深邃的黑光，它盘踞在幽暗的森林中，四周弥漫着神秘的气息。玄蛇目光炯炯有神，嘴角微张，似乎正在觅食麈鹿。背景是黑水之南的茂密森林，树木参天，枝叶繁茂，远处隐约可见黑水的波光粼粼。画面采用传统中国美学的彩色水墨风格，笔触细腻，色彩层次丰富，展现出一种古典而神秘的氛围。,动物\虫名\玄蛇.png
育蛇,动物,虫名,山海經十八卷,宋淳熙七年（1180）池陽郡齋刻本,"宋山者有赤蛇,",prompt: 宋山赤蛇，身长数丈，通体鲜红如火，鳞片闪耀着金属光泽。它盘踞于宋山之巅，周围环绕着古老的松树和奇石，背景是云雾缭绕的山峦。画面采用传统中国美学的彩色水墨风格，色彩浓郁而富有层次感，展现出神秘而壮丽的自然景象。,动物\虫名\育蛇.png
螽,动物,虫名,山海經十八卷,宋淳熙七年（1180）池陽郡齋刻本,,prompt: 一只螽斯，体型修长，色彩斑斓，翅膀半透明，带有细腻的纹理，身体呈翠绿色，点缀着金色斑点，触角细长而灵敏，栖息在一株古朴的竹子上，背景为淡雅的水墨山水，画面充满传统中国美学的韵味。,动物\虫名\螽.png
朱蛾,动物,虫名,山海經十八卷,宋淳熙七年（1180）池陽郡齋刻本,"其狀如蛾,",prompt: 一只形似蛾的神秘生物，名为朱蛾。它拥有华丽的红色翅膀，翅膀上点缀着金色的斑点，犹如夜空中闪烁的星辰。朱蛾的身体细长而柔软，触角弯曲且精致。整体形象呈现出一种古典而优雅的美感，参考古代插画风格和传统中国美学的彩色水墨风格，背景为淡雅的山水风景。,动物\虫名\朱蛾.png
盩蜼,动物,虫名,山海經十八卷,宋淳熙七年（1180）池陽郡齋刻本,,prompt: 古代神话中的虫类生物盩蜼，体态修长而灵动，身披斑斓的彩纹，如同彩虹般绚烂。其头部似虎豹，但双目却闪烁着智慧与神秘的光芒。四肢强健有力，能够轻松穿梭于山林之间。整体形象融合了自然界的多种元素，展现出一种独特的生命力和美感。背景为一片茂密的山林，远处有连绵起伏的山脉，色彩以传统中国水墨画风格为主，用色淡雅且富有层次感，营造出一种梦幻般的氛围。,动物\虫名\盩蜼.png
長蛇,动物,虫名,山海經十八卷,宋淳熙七年（1180）池陽郡齋刻本,"其毛如彘豪,其音如皷柝,",prompt: 长蛇，其毛如猪鬃般粗硬浓密，通体覆盖着一层厚重的黑色或深棕色毛发，形似巨蟒但更为庞大威猛。它的眼睛闪烁着幽绿色的光芒，头部扁平宽大，口中长满锋利的牙齿。当它移动时，身体摩擦地面发出如同鼓和木柝敲击般的响声，震耳欲聋。背景为古代中国山川河流，采用传统中国美学的彩色水墨风格绘制，色彩对比鲜明，线条流畅有力。,动物\虫名\長蛇.png
蟲蛇,动物,虫名,山海經十八卷,宋淳熙七年（1180）池陽郡齋刻本,,prompt: 传统中国美学的彩色水墨风格，蟲蛇，一种神秘的虫类生物，身体细长如蛇，表面覆盖着五彩斑斓的鳞片，头部有两根弯曲的触角，眼睛大而明亮，身上有着细腻的纹理和斑点，尾巴尖端有一对小翅膀，整体形象灵动且充满神秘感，背景为山林间，雾气缭绕，古树参天，营造出一种幽深而神秘的氛围。,动物\虫名\蟲蛇.png
赤蛇,动物,虫名,山海經十八卷,宋淳熙七年（1180）池陽郡齋刻本,,prompt: 一条红色的蛇，身体细长而弯曲，鳞片闪耀着金属般的光泽。它的眼睛如同两颗明亮的红宝石，透露出神秘的气息。背景是古老的山林，树木茂密，云雾缭绕，整体画面采用传统的中国彩色水墨风格，线条流畅，色彩鲜艳而富有层次感。,动物\虫名\赤蛇.png
大蠭,动物,虫名,山海經十八卷,宋淳熙七年（1180）池陽郡齋刻本,"其狀如螽,",prompt: 大蠭，其状如螽，体态修长，色泽翠绿，翅膀半透明，带有细腻的纹理，触角细长弯曲，复眼圆而明亮。背景为山林间，古木参天，藤蔓缠绕，画面采用传统中国美学的彩色水墨风格，笔触细腻，色彩淡雅。,动物\虫名\大蠭.png
大青蛇,动物,虫名,山海經十八卷,宋淳熙七年（1180）池陽郡齋刻本,"黄頭,食麈,",prompt: 大青蛇，黄头，身体呈现深邃的青色，头部为鲜艳的黄色。它栖息于山林之中，以麈（一种鹿类动物）为食。请参考古代插画风格和传统中国美学的彩色水墨风格，描绘这只神秘而独特的大青蛇。背景可设置在茂密的山林中，有古树、藤蔓和雾气缭绕，增添一份神秘感。,动物\虫名\大青蛇.png
大蛇,动物,虫名,山海經十八卷,宋淳熙七年（1180）池陽郡齋刻本,,prompt: 中国传统水墨画风格的大蛇，蜿蜒盘旋于山林之间，体态庞大，鳞片细腻且色彩斑斓，头部高昂，眼神锐利，周围环绕着神秘的云雾，背景为峻峭的山峰和古老的树木，整体氛围充满神秘与古老的气息。,动物\虫名\大蛇.png
蛾,动物,虫名,山海經十八卷,宋淳熙七年（1180）池陽郡齋刻本,,prompt: 一只色彩斑斓的蛾，翅膀上绘有山海经中的神秘图案，背景为淡雅的水墨山水，整体风格融合了古代插画与传统中国美学，展现出一种梦幻而神秘的氛围。,动物\虫名\蛾.png
肥𧔥,动物,虫名,山海經十八卷,宋淳熙七年（1180）池陽郡齋刻本,"六足,四翼,",prompt: 古代神话中的虫名肥𧔥，六足四翼，身体细长，翅膀轻盈透明，色彩斑斓如同彩虹，背景为山海经中常见的神秘森林，整体风格参考古代插画和传统中国美学的彩色水墨风格。,动物\虫名\肥𧔥.png
蜚,动物,虫名,山海經十八卷,宋淳熙七年（1180）池陽郡齋刻本,"其狀如牛,白首,一目,蛇尾,行水則竭,行草則死,",prompt: 一只形状如牛的神秘生物，名为蜚。它拥有白色的头部，只有一只眼睛，尾巴像蛇一样蜿蜒。当它行走在水中时，水会干涸；当它行走在草地上时，草会枯死。请用传统中国美学的彩色水墨风格描绘这只生物，背景可以是荒凉的山野或干涸的河流，以突出其独特的特性。,动物\虫名\蜚.png
蜂,动物,虫名,山海經十八卷,宋淳熙七年（1180）池陽郡齋刻本,,prompt: 中国传统彩色水墨风格的蜂，体型小巧玲珑，翅膀透明轻盈，身上覆盖着细腻的绒毛，呈现出自然界的和谐之美。背景为山海经中的奇幻山水，展现出古代神话世界的神秘与壮丽。,动物\虫名\蜂.png
飛蟲,动物,虫名,山海經十八卷,宋淳熙七年（1180）池陽郡齋刻本,,prompt: 古典中国风格的彩色水墨画，描绘一只名为飞虫的神秘昆虫，其身体细长，翅膀透明而轻盈，翅膀上有着细腻的蓝色和绿色渐变，仿佛是天空与森林的颜色交织在一起。飞虫的眼睛大而明亮，闪烁着智慧的光芒。它在一片繁花似锦、绿叶葱茏的花园中翩翩起舞，周围点缀着各种奇花异草，展现出一种超凡脱俗的美感。背景为淡雅的山水景色，远处山峦若隐若现，增添了一丝梦幻的气息。,动物\虫名\飛蟲.png
蝮虫,动物,虫名,山海經十八卷,宋淳熙七年（1180）池陽郡齋刻本,,prompt: 古典中国风彩色水墨画，蝮虫，一种神秘的古代昆虫，身体细长，表皮覆盖着细腻的鳞片，色彩斑斓，呈现出红、黄、蓝等多种鲜艳的颜色。头部有一对锐利的复眼和一对触角，翅膀透明且带有美丽的花纹。背景为山林幽谷，古树参天，藤蔓缠绕，远处云雾缭绕，充满神秘感。,动物\虫名\蝮虫.png
蜂蜜之廬,动物,虫名,山海經十八卷,宋淳熙七年（1180）池陽郡齋刻本,,prompt: 一只名为蜂蜜之廬的奇异昆虫，它拥有金色透明的翅膀，翅膀上布满了细腻的纹路，仿佛是用最精致的金线编织而成。它的身体呈现出温暖的琥珀色，表面覆盖着一层薄薄的光泽，就像流动的蜂蜜一样诱人。头部有一对触角，触角末端微微弯曲，显得既优雅又神秘。背景是一片繁花似锦的花园，花朵以淡雅的粉色和白色为主，花瓣上还沾着清晨的露珠，整个画面充满了生机与和谐。整幅画采用传统中国美学的彩色水墨风格，色彩柔和且富有层次感，线条流畅而富有韵律。,动物\虫名\蜂蜜之廬.png
飛蛇,动物,虫名,山海經十八卷,宋淳熙七年（1180）池陽郡齋刻本,,prompt: 飞蛇，一种神秘的虫类生物，其形象结合了蛇与飞鸟的特点。它拥有细长而灵活的身体，覆盖着五彩斑斓的鳞片，在阳光下闪耀着金属般的光泽。头部呈三角形，眼睛大而明亮，能够洞察一切。翅膀宽大且透明，如同蝉翼一般轻盈，能够在空中自由翱翔。请以传统中国美学的彩色水墨风格描绘，背景为云雾缭绕的山峦，营造出梦幻而神秘的氛围。,动物\虫名\飛蛇.png
怪蟲,动物,虫名,山海經十八卷,宋淳熙七年（1180）池陽郡齋刻本,,prompt: 一只来自《山海经》的怪蟲，身体细长而弯曲，表面覆盖着五彩斑斓的鳞片，头部有两对触角和一对复眼，背部有一对透明的翅膀。它在古代插画中以彩色水墨风格呈现，周围环绕着神秘的云雾和古老的山石，背景是淡雅的山水景色。,动物\虫名\怪蟲.png
怪蛇,动物,虫名,山海經十八卷,宋淳熙七年（1180）池陽郡齋刻本,,prompt: 一条神秘的怪蛇，身体蜿蜒曲折，鳞片闪烁着奇异的光泽，色彩斑斓如同彩虹。它的眼睛犹如两颗璀璨的宝石，透出深邃而古老的气息。背景为古代山林，云雾缭绕，古木参天，展现出一种幽远而神秘的氛围。整体风格参考古代插画，采用传统中国美学的彩色水墨风格，线条流畅，色彩丰富而不失典雅。,动物\虫名\怪蛇.png
蝗,动物,虫名,山海經十八卷,宋淳熙七年（1180）池陽郡齋刻本,,prompt: 一只巨大的蝗虫，身体呈现出深绿色与棕色相间的斑纹，翅膀半透明，带有细腻的脉络。它的眼睛大而明亮，仿佛能洞察一切。背景是古代田野，稻谷金黄，天空中飘着几朵白云。整体风格参考古代插画和传统中国美学的彩色水墨风格。,动物\虫名\蝗.png
𧈫𧈫,动物,虫名,山海經十八卷,宋淳熙七年（1180）池陽郡齋刻本,"在其（君子國）北,各有两首,一曰在君子國北,",prompt: 一种名为𧈫𧈫的双头虫，位于君子国以北，参考古代插画风格和传统中国美学的彩色水墨风格。画面中，两只头部各自朝向不同的方向，身体呈蜿蜒状，色彩斑斓，背景为古典山水，整体氛围神秘而宁静。,动物\虫名\𧈫𧈫.png
虎蛟,动物,虫名,山海經十八卷,宋淳熙七年（1180）池陽郡齋刻本,"其狀魚身,蛇尾,其音如鴛鴦,",prompt: 一只虎蛟，鱼身蛇尾，声音如鸳鸯，形象源自《山海经》，请以古代插画风格和传统中国美学的彩色水墨风格绘制。背景为幽静的山涧溪流，色彩以淡雅为主，注重笔墨的流动感和层次感，展现出一种神秘而和谐的自然氛围。,动物\虫名\虎蛟.png
黒蛇,动物,虫名,山海經十八卷,宋淳熙七年（1180）池陽郡齋刻本,,prompt: 黑蛇，古代神话中的神秘生物，体色漆黑如墨，鳞片在月光下闪烁着微光。它蜿蜒于幽暗的山谷之中，周围环绕着淡淡的雾气，背景是山峦起伏的水墨画风格，色彩以深蓝、墨绿为主，点缀几抹淡紫色，营造出一种神秘而幽静的氛围。,动物\虫名\黒蛇.png
化蛇,动物,虫名,山海經十八卷,宋淳熙七年（1180）池陽郡齋刻本,"其狀如人靣,豺身,鳥翼,蛇行,其音如叱呼,",prompt: 化蛇，其状如人面，豺身，鸟翼，蛇行，其音如叱呼。请以古代插画风格和传统中国美学的彩色水墨风格绘制，展现出化蛇独特的形象：人面带着神秘的表情，身体为豺狼形态，背部生有华丽的鸟翼，尾巴细长如蛇，整体色调以深蓝、墨绿为主，背景为幽暗的山林，增添神秘氛围。,动物\虫名\化蛇.png
黄蛇,动物,虫名,山海經十八卷,宋淳熙七年（1180）池陽郡齋刻本,,prompt: 中国传统水墨风格，黄蛇，一种古老的虫类生物，身体蜿蜒如流动的金色丝带，鳞片在阳光下闪耀着温暖的黄色光泽。背景是幽静的山林，树木苍翠，云雾缭绕，增添了一种神秘而宁静的氛围。整体画面采用细腻的笔触和淡雅的色彩，展现出古代神话中的奇异景象。,动物\虫名\黄蛇.png
蛟,动物,虫名,山海經十八卷,宋淳熙七年（1180）池陽郡齋刻本,,prompt: 中国传统水墨画风格，蛟，一种神秘的水中生物，形似龙但无角，身长数丈，鳞片闪耀着青绿色的光芒，身体蜿蜒在波涛汹涌的江河之中，周围环绕着淡淡的水雾，背景是古老的山川和茂密的森林，展现出一种古老而神秘的氛围。,动物\虫名\蛟.png
勃皇,动物,虫名,山海經十八卷,宋淳熙七年（1180）池陽郡齋刻本,,prompt: 一只名为勃皇的奇异昆虫，身体呈鲜艳的红色与金色交织，翅膀透明如琉璃，边缘镶嵌着细腻的金线。它栖息在一株古老的松树上，周围是云雾缭绕的山峦，背景中隐约可见远古的宫殿和神兽。整个画面采用传统中国彩色水墨风格，充满神秘而华丽的气息。,动物\虫名\勃皇.png
白蛇,动物,虫名,山海經十八卷,宋淳熙七年（1180）池陽郡齋刻本,,prompt: 一条白色的蛇，身姿蜿蜒，鳞片闪耀着银白色的光芒。背景是古老的山水画卷，山峦起伏，云雾缭绕。画面采用传统的中国水墨画风格，色彩淡雅，线条流畅，展现出一种神秘而优雅的氛围。,动物\虫名\白蛇.png
木蟲,动物,虫名,山海經十八卷,宋淳熙七年（1180）池陽郡齋刻本,,prompt: 传统中国美学的彩色水墨风格，木蟲，一种神秘的虫类生物，身体由木质纹理构成，仿佛是由古老的树木幻化而成。它的眼睛闪烁着智慧的光芒，触角细长而优雅，翅膀上绘有精致的树叶图案，展现出自然与生命的和谐之美。背景为幽静的山林，古树参天，云雾缭绕，营造出一种神秘而宁静的氛围。,动物\虫名\木蟲.png
鳴蛇,动物,虫名,山海經十八卷,宋淳熙七年（1180）池陽郡齋刻本,"其狀如蛇,四翼,其音如磬,",prompt: 一只名为鳴蛇的神秘生物，其形状如同一条蜿蜒盘旋的巨蛇，但与众不同的是它拥有四只翅膀，这些翅膀轻盈透明，仿佛由蝉翼制成。它的身体覆盖着五彩斑斓的鳞片，在阳光下闪烁着耀眼的光芒。当它振动翅膀时，会发出清脆悦耳的声音，宛如古代乐器磬的音色，令人陶醉。整个画面采用传统中国美学的彩色水墨风格绘制，背景是云雾缭绕的山川，增添了几分神秘与梦幻感。,动物\虫名\鳴蛇.png
巴蛇,动物,虫名,山海經十八卷,宋淳熙七年（1180）池陽郡齋刻本,"食象,三歲而出其（象）骨,爲蛇青黄赤黒,一曰黒蛇青首,在犀牛西,",prompt：巴蛇，一种传说中的巨蛇，身长数十丈，色彩斑斓，有青、黄、赤、黑四种颜色交织，或全身黑色而头部为青色。它以大象为食，吞下后三年才吐出象骨。请绘制一幅彩色水墨风格的巴蛇图，背景为古代山林，画面中巴蛇正在追逐一头惊慌失措的大象，周围环境充满神秘与危险的气息。,动物\虫名\巴蛇.png
僕纍,动物,虫名,山海經十八卷,宋淳熙七年（1180）池陽郡齋刻本,,prompt: 传统中国美学彩色水墨风格，僕纍，一种神秘的古代虫类，身体细长弯曲如蛇，全身覆盖着细腻的鳞片，色彩斑斓，头部有两只大而明亮的眼睛，眼神灵动，触角细长且分节，仿佛在空气中轻轻摇曳。背景是山海经中描绘的古老森林，树木苍翠，藤蔓缠绕，远处隐约可见云雾缭绕的山峦，整体画面充满神秘与幽静之美。,动物\虫名\僕纍.png
琴蟲,动物,虫名,山海經十八卷,宋淳熙七年（1180）池陽郡齋刻本,"獸身蛇身,",prompt: 一只琴蟲，兽身蛇尾，融合了传统中国美学的彩色水墨风格，形象威严而神秘。兽身部分毛发浓密，肌肉线条流畅有力，眼神锐利；蛇尾部分则蜿蜒盘旋，鳞片细腻且富有光泽，整体呈现出一种既野性又优雅的独特美感。背景为远古山林，云雾缭绕，增添几分神秘气息。,动物\虫名\琴蟲.png
青蛇,动物,虫名,山海經十八卷,宋淳熙七年（1180）池陽郡齋刻本,,prompt: 一条青色的蛇，身体细长而光滑，鳞片在阳光下闪烁着微光。它盘绕在一棵古老的松树上，周围是茂密的山林和清澈的小溪。背景中可见远处的山峦和云雾缭绕的景象。整体画面采用传统中国水墨画风格，色彩以青绿色为主，展现出一种幽静而神秘的氛围。,动物\虫名\青蛇.png
蝡蛇,动物,虫名,山海經十八卷,宋淳熙七年（1180）池陽郡齋刻本,"木食,",prompt: 一只古老的蝡蛇，身姿蜿蜒盘旋于古木之间，其身体细长而富有弹性，色彩斑斓如同彩虹般绚丽。它以树木为食，周围环绕着繁茂的古树，树叶青翠欲滴，枝干粗壮有力。画面采用传统中国美学的彩色水墨风格，背景是幽静的山林，云雾缭绕，营造出一种神秘而宁静的氛围。,动物\虫名\蝡蛇.png
蛇,动物,虫名,山海經十八卷,宋淳熙七年（1180）池陽郡齋刻本,,prompt: 一条蜿蜒盘旋的巨蛇，身长数十丈，通体覆盖着青绿色的鳞片，在阳光下闪烁着金属般的光泽。它的眼睛如同两颗明亮的红宝石，透露出深邃而神秘的气息。背景是幽静的山林，远处有云雾缭绕的山峰，整体画面采用传统中国水墨画风格，色彩以淡雅为主，细节处用细腻的笔触勾勒出蛇身上的纹理和周围环境的自然景色。,动物\虫名\蛇.png
螫蟲,动物,虫名,山海經十八卷,宋淳熙七年（1180）池陽郡齋刻本,,prompt: 古代神话中的螫蟲，体态奇异，色彩斑斓，身长数尺，头部有坚硬的甲壳，双螯锋利如刀，背部覆盖着细密的鳞片，尾部弯曲如钩。它栖息于深山幽谷之中，善于潜行于草木之间，以毒液攻击敌人。画面采用传统中国美学的彩色水墨风格，背景为云雾缭绕的山林，细节丰富，色彩鲜明而和谐，展现出螫蟲神秘而危险的气息。,动物\虫名\螫蟲.png
四蛇,动物,虫名,山海經十八卷,宋淳熙七年（1180）池陽郡齋刻本,,prompt: 四蛇，一种神秘的虫类生物，拥有四条蜿蜒的蛇身，每条蛇身色彩斑斓，分别呈现红、蓝、绿、黄四种颜色。它们盘绕在一起，形成一个复杂的螺旋结构。背景为古代山水画风格，山峦起伏，云雾缭绕，整个画面充满神秘与奇幻的气息。采用传统中国美学的彩色水墨风格，注重线条流畅和色彩对比，展现出四蛇的独特魅力。,动物\虫名\四蛇.png
䖺䗤,动物,虫名,山海經十八卷,宋淳熙七年（1180）池陽郡齋刻本,"其狀如黄蛇,魚翼,出入有光,",prompt: 䖺䗤，其状如黄蛇，鱼翼，出入有光。请描绘一只形似黄色蛇的生物，它拥有鱼鳍般的翅膀，当它出现或消失时，会散发出光芒。画面采用传统中国美学的彩色水墨风格，背景为幽静的山林，充满神秘气息。,动物\虫名\䖺䗤.png
蟲,动物,虫名,山海經十八卷,宋淳熙七年（1180）池陽郡齋刻本,,prompt: 中国传统水墨画风格，古代虫类生物，名为蟲，形态独特，身体细长而弯曲，表皮光滑，色彩斑斓，以蓝绿色为主，点缀着金色斑点。背景为幽静的山林，草木葱郁，古风十足。整幅画面充满神秘与自然之美。,动物\虫名\蟲.png
