名字,一级类目,二级类目,出处书名,版本,描述,prompt,image_path
鰧魚,动物,鱼名,山海經十八卷,宋淳熙七年（1180）池陽郡齋刻本,"狀如鱖,居逵,倉文,赤尾,",prompt: 一条状如鳜鱼的鰧魚，栖息在深邃的水域中，身体覆盖着苍色的纹理，尾巴呈现出鲜艳的赤红色，整体形象生动而神秘，背景为水墨风格的山水画，色彩以淡雅为主，点缀着几抹鲜艳的颜色，展现出传统中国美学的魅力。,动物\鱼名\鰧魚.png
鮪,动物,鱼名,山海經十八卷,宋淳熙七年（1180）池陽郡齋刻本,,prompt: 一条古老的鮪鱼，身体庞大而流线型，鳞片闪烁着银色光泽，尾鳍宽大有力。它在波涛汹涌的海面上跃出水面，背景是夕阳下的壮丽海景，海水呈现出深蓝和浅蓝交织的层次感。画面采用传统中国美学的彩色水墨风格，线条流畅，色彩柔和，富有诗意。,动物\鱼名\鮪.png
文魚,动物,鱼名,山海經十八卷,宋淳熙七年（1180）池陽郡齋刻本,,prompt: 一条古老的文鱼，身体修长，鳞片闪耀着五彩斑斓的光芒，尾巴宽大如扇，游动时如同水中彩虹。它的眼睛明亮有神，仿佛能洞察人心。周围是清澈见底的水域，水草轻轻摇曳，几朵莲花点缀其间，展现出一幅宁静而神秘的古代水墨画卷。,动物\鱼名\文魚.png
文鰩魚,动物,鱼名,山海經十八卷,宋淳熙七年（1180）池陽郡齋刻本,"狀如鯉魚,魚身,鳥翼,蒼文,白首赤喙,常行西海,遊於東海,以夜飛,音如鸞雞,其味酸甘,",prompt: 文鳐鱼，形象为鲤鱼身，拥有鸟翼，身上有苍色的纹理，头部白色，喙部红色。常在西海游弋，也会飞到东海，夜晚飞行时发出如同鸾鸡般的叫声，其肉味酸甜。请以古代插画风格和传统中国美学的彩色水墨风格绘制。,动物\鱼名\文鰩魚.png
鰕,动物,鱼名,山海經十八卷,宋淳熙七年（1180）池陽郡齋刻本,"即有神聖乗此以行九野,一曰鼈魚,在夭野北,其爲魚也如鯉,",prompt: 一只神圣的鰕鱼，它被神明骑乘着在九野之间穿梭。这只鱼也被称为鼈鱼，位于夭野之北。它的外形与鲤鱼相似，但身上有着神秘的光环，象征着其非凡的身份。画面采用传统中国美学的彩色水墨风格，背景是浩渺的星空和古老的山川，展现出一种宁静而神秘的氛围。,动物\鱼名\鰕.png
赤鮭,动物,鱼名,山海經十八卷,宋淳熙七年（1180）池陽郡齋刻本,,prompt: 一条古代神话中的赤鮭鱼，身体呈鲜艳的红色，鳞片闪耀着金属光泽，尾巴宽大而有力，游动时如同火焰在水中舞动。背景为深邃的蓝色海洋，几束阳光穿透水面，形成斑驳光影。画面采用传统中国美学的彩色水墨风格，笔触细腻，色彩层次丰富。,动物\鱼名\赤鮭.png
脩辟之魚,动物,鱼名,山海經十八卷,宋淳熙七年（1180）池陽郡齋刻本,"狀如龜,白喙,其音如鴟,",prompt：脩辟之魚，形如龟，白喙，其音如鴟。请以古代插画风格和传统中国美学的彩色水墨风格描绘此鱼，其身姿如龟般稳重，嘴部洁白，仿佛能发出如同鴟鸟般的叫声，背景可选择山海经中常见的山水景致，色彩以淡雅为主，展现出一种神秘而古朴的氛围。,动物\鱼名\脩辟之魚.png
鰼鰼之魚,动物,鱼名,山海經十八卷,宋淳熙七年（1180）池陽郡齋刻本,"其狀如鵲,十翼,鱗皆在羽端,其音如鵲,",prompt: 一只名为鰼鰼之魚的神话生物，其形状如同喜鹊，但拥有十只翅膀，鳞片长在羽毛的末端。它的叫声也像喜鹊一样清脆悦耳。请以古代插画风格和传统中国美学的彩色水墨风格描绘这一神秘的生物。背景可以是古风山水，画面中流淌着一种宁静而神秘的气息。,动物\鱼名\鰼鰼之魚.png
鱃魚,动物,鱼名,山海經十八卷,宋淳熙七年（1180）池陽郡齋刻本,"其狀如鯉,大首,",prompt: 一条大头的鱃魚，形状像鲤鱼，头部特别大，身体线条流畅，鳞片细腻有光泽。采用彩色水墨风格绘制，背景为淡雅的山水，展现出古代插画的韵味。,动物\鱼名\鱃魚.png
䲀魚,动物,鱼名,山海經十八卷,宋淳熙七年（1180）池陽郡齋刻本,,prompt: 《山海经》中的神秘鱼种，名为䲀魚。请以传统中国美学的彩色水墨风格绘制此鱼，其体态修长，鳞片细腻且色彩斑斓，鱼鳍轻盈透明，游弋于清澈见底的溪流之中，背景为幽静山谷，绿树环绕，增添几分古朴宁静之美。,动物\鱼名\䲀魚.png
魚婦,动物,鱼名,山海經十八卷,宋淳熙七年（1180）池陽郡齋刻本,"魚偏枯,顓頊死即復蘇,風道北來,天及大水泉,蛇乃化為魚,是為魚婦,",prompt: 鱼妇，形象为半鱼半蛇的神秘生物，身体一侧干枯，象征颛顼死后复苏的传说。画面中，鱼妇在大水泉中游弋，周围环绕着北风带来的寒气，背景是古老的山水画卷，采用传统中国美学的彩色水墨风格，展现出神话与自然的和谐共存。,动物\鱼名\魚婦.png
鮨魚,动物,鱼名,山海經十八卷,宋淳熙七年（1180）池陽郡齋刻本,"魚身,犬首,其音如嬰兒,",prompt: 鮨魚，鱼身犬首的神秘生物，其叫声如同婴儿啼哭。请以《山海经》中的描述为基础，绘制出这种奇异的鱼类。画面中，鮨魚在清澈的水中游动，身体呈流线型，鳞片细腻且色彩斑斓，头部则是一只狗的头，眼睛灵动有神，嘴巴微张仿佛正在发出婴儿般的啼哭声。背景为古典山水，采用传统中国美学的彩色水墨风格，营造出一种古老而神秘的氛围。,动物\鱼名\鮨魚.png
鱅鱅之魚,动物,鱼名,山海經十八卷,宋淳熙七年（1180）池陽郡齋刻本,"其狀如犂牛,其音如彘鳴,",prompt: 鱅鱅之魚，其状如犂牛，其音如彘鸣。请描绘一只外形似犁牛的奇特鱼类，体态庞大而有力，皮肤上覆盖着类似牛皮的粗糙纹理。鱼身呈现出深棕色与灰色交织的色彩，鳞片在阳光下闪烁着微光。鱼头部分宽大，眼睛圆润且炯炯有神，嘴巴宽阔，仿佛随时准备发出猪一般的叫声。背景为一片幽静的水域，水面波光粼粼，远处可见山峦起伏，画面采用传统中国美学的彩色水墨风格，展现出一种神秘而古老的氛围。,动物\鱼名\鱅鱅之魚.png
赤鱬,动物,鱼名,山海經十八卷,宋淳熙七年（1180）池陽郡齋刻本,"狀如魚,人面,音如鴛鴦,",prompt: 一只状如鱼的神秘生物，头部有着人类的面容，身体覆盖着鳞片，尾巴长而有力。它发出的声音如同鸳鸯的鸣叫，既悠扬又动听。背景为山海经中常见的山水景象，采用传统中国美学的彩色水墨风格绘制。,动物\鱼名\赤鱬.png
珠蟞魚,动物,鱼名,山海經十八卷,宋淳熙七年（1180）池陽郡齋刻本,"其狀如肺,有目,六足,有珠,其味酸甘,",prompt: 一只名为珠蟞魚的神秘生物，其形状如同肺叶，拥有六条腿和一双眼睛，体内藏有珍贵的珍珠。它的味道酸甜可口。请以古代插画风格和传统中国美学的彩色水墨风格绘制，注重描绘其独特的形态和神秘色彩。,动物\鱼名\珠蟞魚.png
䲃魚,动物,鱼名,山海經十八卷,宋淳熙七年（1180）池陽郡齋刻本,"其狀如鯉,雞足,",prompt: 《山海经》中的䲃鱼，其状如鲤鱼，但具有鸡的脚爪。请绘制一只融合了鲤鱼和鸡足特征的奇异生物，画面采用传统中国美学的彩色水墨风格，背景为古老的山水景色，色彩淡雅，线条流畅，展现出神秘而古朴的氛围。,动物\鱼名\䲃魚.png
茈魚,动物,鱼名,山海經十八卷,宋淳熙七年（1180）池陽郡齋刻本,"狀如鮒,一首,十身,其臭如蘪蕪,",prompt: 一只奇特的鱼类，名为茈魚，其形态类似鲫鱼，但拥有一个头部和十个身体。整体呈现出一种神秘而古老的美感，散发着如同蘪蕪般的独特香气。请以古代插画风格和传统中国美学的彩色水墨风格描绘这只神奇的生物，注重展现其独特的多身结构和神秘气息。背景可以是清澈的河流或湖泊，水面上漂浮着几朵莲花，增添几分宁静与和谐。,动物\鱼名\茈魚.png
箴魚,动物,鱼名,山海經十八卷,宋淳熙七年（1180）池陽郡齋刻本,"其狀如鯈,其喙如箴,",prompt: 箴鱼，其状如鲦，其喙如箴，身体修长，鳞片细腻，色彩斑斓，宛如古代彩绘中的神鱼。它的眼睛明亮有神，尾巴轻盈飘逸，游动时仿佛在水中舞蹈，展现出一种古典而神秘的美感。背景为淡雅的水墨山水，水波荡漾，山峦隐约可见，整体画面充满诗意与古韵。,动物\鱼名\箴魚.png
鱄魚,动物,鱼名,山海經十八卷,宋淳熙七年（1180）池陽郡齋刻本,"其狀如鮒,彘毛,其音如豚,",prompt: 一只名为鱄鱼的神秘生物，其形状如同鲫鱼，但全身覆盖着猪毛般的细密毛发，当它在水中游动时发出类似小猪的叫声。画面采用传统中国美学的彩色水墨风格，背景为古代山水，水中倒映着远处的山峦和树木，整体色调以淡雅为主，突出鱄鱼的独特形态和神秘氛围。,动物\鱼名\鱄魚.png
鱣魚,动物,鱼名,山海經十八卷,宋淳熙七年（1180）池陽郡齋刻本,,prompt: 一条古老的鱣魚在清澈的水中游弋，身体修长而有力，鳞片闪耀着银色光泽。它的眼睛明亮有神，鱼鳍轻盈地摆动，尾巴如扇子般展开。背景是典型的中国传统水墨画风格，淡雅的色彩与细腻的笔触勾勒出水波荡漾的效果，远处可见青山绿水，云雾缭绕，营造出一种宁静而神秘的氛围。,动物\鱼名\鱣魚.png
鮆魚,动物,鱼名,山海經十八卷,宋淳熙七年（1180）池陽郡齋刻本,,prompt: 一条古老的鮆鱼，体态修长，鳞片闪烁着银白色的光泽，身体两侧点缀着淡蓝色的斑点。它的眼睛大而明亮，仿佛能洞察水下的秘密。背景是深邃的江河，水草摇曳，几缕阳光穿透水面，形成斑驳陆离的光影效果。整个画面采用传统中国美学的彩色水墨风格，细腻地描绘出鮆鱼在水中游弋的姿态，充满古朴而神秘的气息。,动物\鱼名\鮆魚.png
大鯾,动物,鱼名,山海經十八卷,宋淳熙七年（1180）池陽郡齋刻本,"居海中,",prompt: 一只巨大的鱼，名为大鯾，居住在深海之中。其身长数丈，鳞片如银，闪烁着神秘的光芒。大鯾的眼睛如同两颗明亮的宝石，能够在黑暗的海底中清晰视物。它悠游于碧波荡漾的海水中，周围环绕着五彩斑斓的珊瑚和各种奇异的海洋生物。画面采用传统中国美学的彩色水墨风格，展现出一种宁静而神秘的氛围。,动物\鱼名\大鯾.png
䰷魚,动物,鱼名,山海經十八卷,宋淳熙七年（1180）池陽郡齋刻本,"其狀如龞,其音如羊,",prompt: 《山海经》中的䰷魚，其形状像龟，声音像羊。请绘制一只具有古代插画风格和传统中国美学的彩色水墨风格的䰷魚，它拥有龟的外形特征，如坚硬的壳和四足，但头部和尾巴与普通鱼类相似，同时在画面中表现出它发出类似羊叫声的声音波纹。背景可以是幽静的山水，增添神秘感。,动物\鱼名\䰷魚.png
大蟹,动物,鱼名,山海經十八卷,宋淳熙七年（1180）池陽郡齋刻本,"在海中,",prompt: 一只巨大的螃蟹在海中游弋，蟹壳坚硬且呈深蓝色，带有波浪状的纹理，仿佛与海水融为一体。八只强壮的蟹腿在水中划动，展现出强大的力量。两只巨大的蟹钳张开，显得威风凛凛。背景是蔚蓝的大海，海浪轻轻拍打着水面，远处有几座朦胧的海岛。整体画面采用传统中国彩色水墨风格，线条流畅，色彩淡雅，充满神秘而宁静的氛围。,动物\鱼名\大蟹.png
䱱魚,动物,鱼名,山海經十八卷,宋淳熙七年（1180）池陽郡齋刻本,"狀如盩蜼,長距,足白而對,",prompt: 䱱魚，状如盩蜼，长距，足白而对。请以古代插画风格和传统中国美学的彩色水墨风格描绘此鱼。其身形修长，弯曲似灵猴盩蜼，两足相对生长，足部洁白如雪，细长的腿仿佛在水中轻盈跳跃。背景为幽静的水下世界，点缀着几株水草和细腻的波纹，色彩以淡雅为主，展现出一种神秘而宁静的氛围。,动物\鱼名\䱱魚.png
䱱魚,动物,鱼名,山海經十八卷,宋淳熙七年（1180）池陽郡齋刻本,,prompt: 䱱魚，一种古老的鱼类，生活在清澈的溪流中。请根据《山海经》中的描述绘制一幅彩色水墨风格的图像。䱱魚体型修长，鳞片细腻而有光泽，颜色以青绿色为主，点缀着淡淡的金色斑点。鱼鳍宽大而透明，尾鳍呈扇形，游动时如同轻盈的羽毛在水中飘动。背景为一条蜿蜒流淌的溪流，溪水清澈见底，两岸长满了翠绿的水草和奇花异草，远处是连绵起伏的青山，整个画面充满了古朴而神秘的气息。,动物\鱼名\䱱魚.png
鮒,动物,鱼名,山海經十八卷,宋淳熙七年（1180）池陽郡齋刻本,,prompt: 一条古朴典雅的彩色水墨风格鮒鱼，鱼身修长而富有曲线，鳞片细腻且闪耀着微光。鱼头圆润，眼睛灵动有神，嘴部微微张开，仿佛在水中轻轻呼吸。鱼鳍轻盈飘逸，尾鳍宽大如扇，随着水流轻轻摆动。背景是淡雅的水墨山水，远处山峦起伏，近处水草摇曳，整体画面充满诗意与宁静之美。,动物\鱼名\鮒.png
飛魚,动物,鱼名,山海經十八卷,宋淳熙七年（1180）池陽郡齋刻本,"其狀如鮒魚,",prompt: 飞鱼，其状如鲋鱼，身体修长，鳞片闪耀着金属光泽，双鳍宽大如同翅膀，能够在水面滑翔。画面采用传统中国美学的彩色水墨风格，背景为波光粼粼的海面和远处朦胧的山峦，飞鱼在空中翱翔，姿态优雅，仿佛在水中游动一般自如。,动物\鱼名\飛魚.png
䰽䰽之魚,动物,鱼名,山海經十八卷,宋淳熙七年（1180）池陽郡齋刻本,,prompt: 《山海经》中的䰽䰽之魚，形象为一种神秘的深海鱼类，身体细长而弯曲，鳞片闪耀着幽蓝色的光芒。头部有一对巨大的眼睛，能够发出微弱的蓝光，在黑暗中如同星辰般闪烁。鱼鳍宽大而透明，边缘带有淡淡的紫色，仿佛是夜空中最柔和的云彩。背景为中国传统水墨画风格，以淡墨勾勒出水波纹和海底的珊瑚礁，整个画面呈现出一种幽静而神秘的氛围。,动物\鱼名\䰽䰽之魚.png
鱖,动物,鱼名,山海經十八卷,宋淳熙七年（1180）池陽郡齋刻本,,prompt: 传统中国美学的彩色水墨画风格，描绘一条鱖鱼在清澈的溪流中游动，鱖鱼体形修长，鳞片细腻，色彩斑斓，头部略尖，眼睛明亮有神，鱼鳍轻盈透明，背景是典型的江南水乡景色，包括垂柳、荷花和古桥，画面充满诗意和宁静之美。,动物\鱼名\鱖.png
鮯鮯之魚,动物,鱼名,山海經十八卷,宋淳熙七年（1180）池陽郡齋刻本,"其狀如鯉,六足,鳥尾,其鳴自𠮧,",prompt: 一只名为鮯鮯之鱼的神秘生物，其形状如同鲤鱼，但拥有六只脚和鸟一样的尾巴。它的叫声独特，仿佛在呼唤自己的名字。请以传统中国美学的彩色水墨风格绘制，展现出它在水中游动的姿态，背景可以是古老的山川河流，画面中融入一些神话元素，如云雾缭绕的山峰、古老的树木和流水潺潺的小溪。,动物\鱼名\鮯鮯之魚.png
怪魚,动物,鱼名,山海經十八卷,宋淳熙七年（1180）池陽郡齋刻本,,prompt: 一只来自《山海经》的怪鱼，身体长而扁平，鳞片呈现出深蓝色和紫色的渐变，背部有几排锋利的鳍刺，头部两侧各有一只发光的眼睛，嘴巴宽大且布满尖锐的牙齿，尾巴细长分叉，在水中游动时如同闪电一般迅速。整体风格参考古代彩色水墨画，背景为幽暗的海底，点缀着奇异的珊瑚和水草。,动物\鱼名\怪魚.png
鱤魚,动物,鱼名,山海經十八卷,宋淳熙七年（1180）池陽郡齋刻本,,prompt: 中国传统水墨画风格的鱤魚，体态修长，鳞片细腻，游弋于清澈的山涧溪流中，周围环绕着青翠的水草和奇石，背景是淡雅的远山和云雾，画面充满诗意与宁静之美。,动物\鱼名\鱤魚.png
䱻魚,动物,鱼名,山海經十八卷,宋淳熙七年（1180）池陽郡齋刻本,"其狀如蛇,四足,是食魚,",prompt: 䱻魚，其状如蛇，四足，是食鱼。请绘制一条身体蜿蜒如蛇的神秘鱼类，它拥有四只细小而灵活的脚，能够在水中和陆地上自由移动。鳞片闪烁着蓝绿色的光泽，眼睛圆而明亮，充满智慧与灵性。背景为中国古代山水画风格，山峦起伏，云雾缭绕，水波不兴，营造出一种宁静而神秘的氛围。整体色调以淡雅为主，采用传统中国水墨画技法，线条流畅自然，色彩柔和细腻。,动物\鱼名\䱻魚.png
鱯,动物,鱼名,山海經十八卷,宋淳熙七年（1180）池陽郡齋刻本,,prompt: 一条古老的鱯鱼，身体修长，鳞片细腻光滑，色彩斑斓如同彩虹般绚丽。它在清澈的水中游弋，周围环绕着水草和莲花，背景是山峦起伏、云雾缭绕的仙境。画面采用传统中国彩色水墨风格，线条流畅，色彩淡雅，充满诗意。,动物\鱼名\鱯.png
何羅之魚,动物,鱼名,山海經十八卷,宋淳熙七年（1180）池陽郡齋刻本,"一首,十身,其音如𠯈犬,",prompt: 何羅之魚，一首十身，其音如犬吠。请以古代插画风格和传统中国美学的彩色水墨风格描绘。画面中，一条拥有十个身体的奇异鱼类在水中游弋，每个身体都流畅地连接在一起，形成一种独特的美感。鱼的头部只有一个，眼神灵动而神秘，口中发出类似狗吠的声音，周围水波荡漾，色彩斑斓，富有诗意。背景可以是深邃幽静的海底世界，点缀着珊瑚、海草等海洋植物，营造出一种奇幻而宁静的氛围。,动物\鱼名\何羅之魚.png
活師,动物,鱼名,山海經十八卷,宋淳熙七年（1180）池陽郡齋刻本,,prompt: 一条活師鱼，身体修长而灵活，鳞片闪烁着淡淡的银光，尾鳍宽大如扇，游动时如同水中舞者。它的眼睛明亮有神，嘴巴微张，似乎在吐出一串串晶莹的气泡。背景是清澈的碧绿湖水，水草随波轻摆，几朵莲花点缀其间，整个画面充满生机与和谐。采用古代插画风格和传统中国美学的彩色水墨风格绘制。,动物\鱼名\活師.png
豪魚,动物,鱼名,山海經十八卷,宋淳熙七年（1180）池陽郡齋刻本,"狀如鮪,赤喙尾,赤羽,",prompt: 一条状如鲔鱼的豪魚，拥有红色的喙和尾巴，身上覆盖着如同赤羽般的鳞片，在水中游动时仿佛燃烧的火焰，背景为深邃的海洋，采用传统中国美学的彩色水墨风格绘制。,动物\鱼名\豪魚.png
滑魚,动物,鱼名,山海經十八卷,宋淳熙七年（1180）池陽郡齋刻本,"其狀如鱓,其音如梧,",prompt: 滑鱼，其状如鳝，体长而细，通体光滑无鳞，色彩斑斓，有如彩虹般绚丽的条纹。其音如梧桐树在风中摇曳的声音，清脆悦耳。背景为古朴典雅的山水画，山峦起伏，水波荡漾，云雾缭绕，充满传统中国美学的彩色水墨风格。,动物\鱼名\滑魚.png
鮫魚,动物,鱼名,山海經十八卷,宋淳熙七年（1180）池陽郡齋刻本,,prompt: 中国传统水墨画风格的鲛鱼，身体修长而有力，鳞片闪耀着淡淡的银光，尾巴宽大如扇，游动时仿佛在水中轻轻摇曳。鲛鱼的眼睛明亮有神，嘴角微微上扬，似乎带着一丝神秘的微笑。背景是深蓝色的海水，几株水草随波摇曳，增添了几分宁静与神秘感。画面整体色调柔和，线条流畅，展现出一种古典的美感。,动物\鱼名\鮫魚.png
堪㐨之魚,动物,鱼名,山海經十八卷,宋淳熙七年（1180）池陽郡齋刻本,,prompt: 堪㐨之魚，一种神秘的古代鱼类，体态修长，鳞片闪耀着金色光泽，鱼鳍宽大如同飘逸的丝绸，尾部呈扇形展开。它的眼睛明亮有神，仿佛能洞察世间万物。背景为幽深的海底世界，水草随波摇曳，珊瑚五彩斑斓，整个画面充满奇幻色彩，采用中国传统水墨画风格，细腻描绘出堪㐨之魚的独特魅力。,动物\鱼名\堪㐨之魚.png
鯥,动物,鱼名,山海經十八卷,宋淳熙七年（1180）池陽郡齋刻本,"其狀如牛,陵居,蛇尾,有翼,其羽在魼下,其音如留牛,冬死,夏生,",prompt: 一只名为鯥的神秘生物，其形状如同牛一般壮硕，居住在山陵之上。它拥有蛇一般的尾巴和一对翅膀，羽毛生长在胸鳍之下。它的叫声如同留牛般低沉而悠长。这幅画应该体现出四季更替的特点：冬季时，鯥似乎进入了冬眠状态，周围环境显得萧瑟寒冷；夏季时，鯥则生机勃勃，周围的景色也变得繁茂葱郁。整幅画面采用传统中国美学的彩色水墨风格，背景以淡雅的山水为主，突出鯥这一独特生物的形象。,动物\鱼名\鯥.png
龍魚,动物,鱼名,山海經十八卷,宋淳熙七年（1180）池陽郡齋刻本,"陵居,在其（諸夭之野）北,狀如狸,一曰鰕,",prompt: 一只生活在陵墓中的神秘生物，名为龍魚，位于诸夭之野的北方。它的外形像狸猫，但又被称为鰕。请以古代插画风格和传统中国美学的彩色水墨风格描绘它。画面中，龍魚有着狸猫般的身体，鱼鳞覆盖全身，尾巴长而有力，眼睛闪烁着智慧的光芒。背景是幽静的陵墓环境，周围点缀着古老的石碑和青苔。整体色调以淡雅为主，展现出一种神秘而又宁静的氛围。,动物\鱼名\龍魚.png
鯩魚,动物,鱼名,山海經十八卷,宋淳熙七年（1180）池陽郡齋刻本,"黒文,其狀如鮒,",prompt: 一条鱼，名为鯩魚，其形状类似鲫鱼，但全身覆盖着黑色的花纹，呈现出神秘而古老的美感。请以传统中国美学的彩色水墨风格描绘，注重表现其独特的黑文特征和流畅的鱼身线条，背景可以是清澈见底的溪流或古朴典雅的池塘，增添几分古典韵味。,动物\鱼名\鯩魚.png
鯉魚,动物,鱼名,山海經十八卷,宋淳熙七年（1180）池陽郡齋刻本,,prompt: 一条色彩斑斓的鲤鱼，鳞片闪耀着金色和红色的光芒，身体修长而有力，在清澈见底的溪流中悠然游动。背景是古典山水画风格的山石和树木，远处有淡淡的云雾缭绕，整个画面充满诗意和传统中国美学的韵味。,动物\鱼名\鯉魚.png
陵魚,动物,鱼名,山海經十八卷,宋淳熙七年（1180）池陽郡齋刻本,"人靣,手足,魚身,在海中,",prompt: 陵魚，人面鱼身，拥有手足，在海中游弋，形象融合了人类与鱼类的特征。请参考古代插画风格和传统中国美学的彩色水墨风格，描绘出陵魚在波涛汹涌的大海中悠然自得地游动，其面部表情温和而神秘，身体部分则呈现出流畅的鱼形曲线，背景为淡雅的海水与云雾缭绕的远山，整体画面充满东方古典韵味。,动物\鱼名\陵魚.png
羸魚,动物,鱼名,山海經十八卷,宋淳熙七年（1180）池陽郡齋刻本,"魚身,鳥翼,音如鴛鴦,",prompt: 一只具有鱼身鸟翼的神秘生物，名为羸鱼，其声音如同鸳鸯般悦耳。画面中，羸鱼在清澈的水中游动，展开着色彩斑斓的翅膀，仿佛随时可以飞翔。背景为古代山水画风格，用细腻的笔触描绘出蜿蜒的山脉和潺潺流水，整幅画面充满传统中国美学的彩色水墨风格。,动物\鱼名\羸魚.png
寐魚,动物,鱼名,山海經十八卷,宋淳熙七年（1180）池陽郡齋刻本,,prompt: 一只来自《山海经》的寐魚，它有着流线型的身体，鳞片在月光下闪烁着淡淡的银光。鱼身两侧点缀着几抹深蓝色的斑纹，如同夜空中最亮的星辰。它的尾巴宽大而柔软，仿佛一片轻盈的云朵，在水中轻轻摆动。头部圆润，眼睛大而明亮，透露出一种神秘而宁静的气息。整个画面以传统的彩色水墨风格呈现，背景是幽静的湖泊和远处朦胧的山峦，营造出一种梦幻般的氛围。,动物\鱼名\寐魚.png
蒲夷之魚,动物,鱼名,山海經十八卷,宋淳熙七年（1180）池陽郡齋刻本,,prompt: 中国传统水墨画风格，蒲夷之鱼，色彩淡雅，身形修长而优雅，鳞片细腻，游弋于清澈的溪流之中，周围点缀着几朵盛开的莲花，背景为山石与竹林，画面宁静和谐，充满古典美感。,动物\鱼名\蒲夷之魚.png
鼈魚,动物,鱼名,山海經十八卷,宋淳熙七年（1180）池陽郡齋刻本,,prompt: 一只鼈魚，身体呈扁平状，背部覆盖着坚硬的甲壳，颜色为深绿色，带有黄色斑点。头部较小，眼睛突出，嘴巴宽大，四肢短小但有力，适合在水中快速游动。尾巴细长，有助于在水中保持平衡。整体形象参考古代插画风格和传统中国美学的彩色水墨风格，背景为清澈的河流，水草摇曳，增添生动感。,动物\鱼名\鼈魚.png
竒魚,动物,鱼名,山海經十八卷,宋淳熙七年（1180）池陽郡齋刻本,,prompt: 《山海经》中的奇异鱼类，名为竒魚，体态修长，鳞片闪耀着五彩斑斓的光芒。鱼身两侧各有一对透明的鳍，如同薄纱般轻盈。头部有两根长长的触须，仿佛可以感知周围的水流变化。眼睛大而明亮，闪烁着智慧的光芒。背景是深邃的海底，周围点缀着珊瑚和水草，整体风格为传统中国彩色水墨画，画面充满神秘与奇幻色彩。,动物\鱼名\竒魚.png
𩶯魮之魚,动物,鱼名,山海經十八卷,宋淳熙七年（1180）池陽郡齋刻本,"其狀如覆銚,鳥首,魚翼,魚尾,音如磬石之聲,生珠玉,",prompt: 𩶯魮之鱼，其状如覆铫，鸟首，鱼翼，鱼尾，音如磬石之声，生珠玉。请以古代插画风格和传统中国美学的彩色水墨风格描绘此神兽。画面中，一只奇特的鱼类生物游弋于清澈的水域之中，它的头部像一只优雅的鸟类，长有尖锐的喙；身体覆盖着鳞片，翅膀和尾巴则保留了鱼的特点。它发出的声音如同敲击玉石磐石般清脆悦耳。在其周围，水底散布着璀璨的珍珠和晶莹剔透的宝石，仿佛这些珍宝都是由它所孕育而生。背景采用淡雅的水墨山水，营造出一种神秘而和谐的氛围。,动物\鱼名\𩶯魮之魚.png
人魚,动物,鱼名,山海經十八卷,宋淳熙七年（1180）池陽郡齋刻本,,prompt: 人鱼，古代神话中的神秘生物，半人半鱼，拥有美丽的鱼尾和人类的上身。请描绘一位女性人鱼，她有着长长的黑发，面容清秀，身着轻盈的水草装饰，鱼尾色彩斑斓，如同深海珊瑚一般绚丽。背景是幽暗而神秘的海底世界，周围有各种奇异的海洋生物游弋，如大蚌、海藻和五彩斑斓的热带鱼。整体风格参考中国传统彩色水墨画，注重线条流畅和色彩层次，营造出一种梦幻而神秘的氛围。,动物\鱼名\人魚.png
冉遺之魚,动物,鱼名,山海經十八卷,宋淳熙七年（1180）池陽郡齋刻本,"魚身,蛇首,六足,其目如馬耳,",prompt: 冉遺之魚，鱼身蛇首六足，其目如马耳，形象古朴神秘。请以古代插画风格和传统中国美学的彩色水墨风格绘制，画面中冉遺之魚在水中游动，背景为幽静的山涧溪流，周围点缀着奇花异草，整体色调以淡雅为主，展现出一种古典而梦幻的氛围。,动物\鱼名\冉遺之魚.png
鱓,动物,鱼名,山海經十八卷,宋淳熙七年（1180）池陽郡齋刻本,"赤背,",prompt: 一条赤背的鱓鱼，身体呈现出鲜艳的红色，背部光滑而富有光泽，鳞片细腻紧密。背景是淡雅的水墨山水，水波荡漾，几朵莲花点缀其间，整个画面充满了古典中国画的韵味。,动物\鱼名\鱓.png
䱇,动物,鱼名,山海經十八卷,宋淳熙七年（1180）池陽郡齋刻本,,prompt: 一条古老的鱼，名为䱇，它游弋在清澈的山涧溪流中。体态修长而优雅，身长约一尺，全身覆盖着细腻的银色鳞片，在阳光下闪烁着微光。䱇鱼的眼睛大而明亮，仿佛能洞察世间万物。它的背鳍和尾鳍呈淡蓝色，边缘点缀着几抹金色，如同山间晨雾中的第一缕阳光。周围环境是典型的中国山水画风格，远处有连绵起伏的青山，近处则是清澈见底的小溪，溪边生长着翠绿的水草和野花，整个画面充满宁静与和谐之美。,动物\鱼名\䱇.png
芘嬴,动物,鱼名,山海經十八卷,宋淳熙七年（1180）池陽郡齋刻本,,prompt: 《山海经》中的神秘鱼名芘嬴，体态修长而优雅，鳞片闪耀着淡蓝色的光泽。它的眼睛大而明亮，仿佛能洞察人心。背景为深邃的海底世界，四周环绕着古老的珊瑚和奇形怪状的岩石。整体画面采用传统中国美学的彩色水墨风格，色彩柔和而富有层次感，展现出一种幽静而神秘的氛围。,动物\鱼名\芘嬴.png
薄魚,动物,鱼名,山海經十八卷,宋淳熙七年（1180）池陽郡齋刻本,"其狀如鱣魚,一目,其音如歐,",prompt: 一只外形类似于鱣鱼的神秘生物，它只有一只眼睛，位于头部中央。这只薄魚在水中游动时发出如同“欧”一般的叫声。请以古代插画风格和传统中国美学的彩色水墨风格描绘此场景，背景为幽静而深邃的水域，水草轻轻摇曳，增添几分神秘与宁静。,动物\鱼名\薄魚.png
儵魚,动物,鱼名,山海經十八卷,宋淳熙七年（1180）池陽郡齋刻本,"其狀如雞,赤毛,三尾,六足,四首,其音如鵲,",prompt: 一只神秘的儵魚，其形状如同鸡一般，但全身覆盖着鲜艳的红色羽毛。它拥有三条尾巴和六只脚，头部有四个面孔，每个面孔都栩栩如生。它的叫声如同喜鹊一样清脆悦耳。画面采用古代插画风格，结合传统中国美学的彩色水墨技法，展现出一种奇幻而古朴的美感。背景可以是山海经中常见的山水景象，云雾缭绕，增添神秘氛围。,动物\鱼名\儵魚.png
師魚,动物,鱼名,山海經十八卷,宋淳熙七年（1180）池陽郡齋刻本,,prompt: 古代神话中的师鱼，身长数丈，鳞片闪耀着金色光泽，头上有双角，尾巴分叉如龙尾，游弋于深海之中，周围环绕着神秘的水草和珊瑚，画面采用传统中国美学的彩色水墨风格，背景为幽深的海底世界，色彩以蓝绿色为主，点缀金黄色的光芒。,动物\鱼名\師魚.png
鰠魚,动物,鱼名,山海經十八卷,宋淳熙七年（1180）池陽郡齋刻本,"其狀如鱣魚,",prompt: 请绘制一只鰠鱼，其形状类似于鱣鱼，体态修长，鳞片细腻光滑，色彩斑斓。采用古代插画风格和传统中国美学的彩色水墨技法，背景为淡雅的山水景色，整体画面充满神秘而古典的气息。,动物\鱼名\鰠魚.png
𩹴父之魚,动物,鱼名,山海經十八卷,宋淳熙七年（1180）池陽郡齋刻本,"其狀如鮒魚,魚首,彘身,",prompt: 《山海经》中的𩹴父之鱼，其状如鮒鱼，鱼首彘身，体态奇特。请以古代插画风格和传统中国美学的彩色水墨风格绘制，色彩以淡雅为主，背景为山川河流，增添神秘氛围。,动物\鱼名\𩹴父之魚.png
