名字,一级类目,二级类目,出处书名,版本,描述,prompt,image_path
玄龜,动物,龟鳖,山海經十八卷,宋淳熙七年（1180）池陽郡齋刻本,,prompt: 玄龜，古代神话中的神龟，体型庞大，背负着厚重的墨绿色甲壳，甲壳上刻有神秘的符文和山川河流图案。其头部呈龙形，长有两根弯曲的龙须，眼睛炯炯有神，闪烁着智慧的光芒。四肢粗壮有力，脚掌宽大，适合在陆地上行走。玄龜常栖息于深潭之中，象征着长寿与智慧，背景为幽静的山林和清澈的溪流，画面采用传统中国彩色水墨风格，色彩淡雅，线条流畅。,
旋龜,动物,龟鳖,山海經十八卷,宋淳熙七年（1180）池陽郡齋刻本,"其狀如龜,鳥首,虺尾,其音如判木,",prompt: 旋龟，其状如龟，鸟首虺尾，其音如判木。请以彩色水墨风格描绘一只具有古代神话色彩的旋龟，龟壳上有着细腻的纹理和神秘的图案，头部像一只优雅的鸟，尾巴则像蛇一样蜿蜒曲折，整体形象既古朴又充满神秘感。背景可以是山海经中常见的云雾缭绕的山水景色，色调以淡雅为主，突出旋龟的独特魅力。,
蠵龜,动物,龟鳖,山海經十八卷,宋淳熙七年（1180）池陽郡齋刻本,,prompt: 一只巨大的蠵龜，龟壳上绘制着古老的图腾和神秘的符文，壳色呈现出深邃的墨绿色，边缘点缀着金色的光芒。它的四肢粗壮有力，爪子锋利如钩，眼睛闪烁着智慧的光芒。背景是波涛汹涌的大海，远处有几座仙山若隐若现，整个画面采用传统的中国彩色水墨风格，充满了神秘而古老的气息。,
龞,动物,龟鳖,山海經十八卷,宋淳熙七年（1180）池陽郡齋刻本,,prompt: 一只巨大的古老龞，其背壳上雕刻着神秘的符文和图案，呈现出青铜般的质感。它的眼睛深邃而智慧，仿佛能洞察世间万物。背景为幽暗的山洞，四周散落着古老的石刻和壁画，透露出浓厚的古代神话气息。整体画面采用传统中国美学的彩色水墨风格，色彩古朴而富有层次感。,
龜,动物,龟鳖,山海經十八卷,宋淳熙七年（1180）池陽郡齋刻本,,prompt: 一只古老的龜，身体庞大而坚实，背甲上布满了神秘的符文和图案，仿佛记录着远古的秘密。它的头部微微抬起，眼神深邃且充满智慧，四肢粗壮有力，踏在一片幽静的水面上，周围环绕着轻柔的雾气，背景是朦胧的山峦与苍翠的古木，整个画面采用传统中国美学的彩色水墨风格，色彩淡雅，线条流畅，展现出一种宁静而深远的意境。,
龍龜,动物,龟鳖,山海經十八卷,宋淳熙七年（1180）池陽郡齋刻本,,prompt：一只神秘的龍龜，龟鳖类生物，拥有龙的头部和龟的身体。它的头部有龙角，双眼炯炯有神，散发着智慧的光芒。身体覆盖着坚硬的龟壳，壳上刻有古老的符文，象征着长寿和力量。四肢粗壮有力，脚掌宽大，能在水中自由游动。背景是云雾缭绕的山峦，远处有瀑布和古木参天，整体画面采用传统中国美学的彩色水墨风格，色彩淡雅而富有层次感。,
黽,动物,龟鳖,山海經十八卷,宋淳熙七年（1180）池陽郡齋刻本,,prompt: 一只古老的黽，属于龟鳖类，栖息在幽静的山涧之中。其背甲宽大而坚固，呈现出深绿色与棕色交织的纹理，仿佛是岁月沉淀下的自然画卷。四肢粗壮有力，爪子尖锐，适应于在水中和陆地上的生活。头部小巧，眼睛灵动有神，嘴巴微张，似乎在轻轻呼吸。背景为典型的中国山水画风格，远处山峦叠嶂，云雾缭绕，近处溪水潺潺，古木参天，营造出一种宁静而神秘的氛围。整体画面采用传统彩色水墨技法绘制，色彩淡雅，线条流畅，展现出浓厚的古典韵味。,
三足鼈,动物,龟鳖,山海經十八卷,宋淳熙七年（1180）池陽郡齋刻本,"枝尾,",prompt: 三足鼈，一种古老的龟鳖类生物，拥有三条强壮的腿和一条独特的枝状尾巴。画面中，它静静地躺在清澈见底的溪流旁，周围环绕着茂密的古树和奇花异草。它的壳上有着细腻的纹理，仿佛记录了千年的历史。整体风格采用传统中国美学的彩色水墨画风，背景以淡雅的山水为衬托，展现出一种宁静而神秘的氛围。,
三足龜,动物,龟鳖,山海經十八卷,宋淳熙七年（1180）池陽郡齋刻本,,prompt: 三足龜，一种神秘的龟鳖类生物，拥有三个强壮有力的脚爪，身体覆盖着坚硬的甲壳，呈现出深绿色和棕色的斑驳纹理。它的头部小巧而灵活，眼睛明亮有神，仿佛能洞察世间万物。背景为幽静的山林溪流，水面上漂浮着几朵盛开的莲花，周围环绕着茂密的竹林和奇花异草，整个画面充满了古典中国山水画的韵味，色彩以淡雅的水墨风格为主，细节精致细腻，展现出一种宁静而神秘的氛围。,
鼉,动物,龟鳖,山海經十八卷,宋淳熙七年（1180）池陽郡齋刻本,,prompt：鼉，一种古代神话中的巨型龟鳖，体型庞大，背甲坚硬如铁，色泽深绿带黑，四肢粗壮有力，头部宽大，双眼炯炯有神，常栖息于江河湖泊之中。请以古代插画风格和传统中国美学的彩色水墨风格描绘，背景为宁静的水面，周围点缀着古朴的山石与葱郁的树木。,
