名字,一级类目,二级类目,出处书名,版本,描述,prompt,image_path
橐駝,动物,兽名,山海經十八卷,宋淳熙七年（1180）池陽郡齋刻本,,prompt: 一只橐駝，形象似骆驼但体型更为庞大，毛色呈深棕色，背部有两个高耸的驼峰，四肢粗壮有力，蹄子宽大适合在沙漠中行走。其眼睛圆而有神，长颈上覆盖着浓密的鬃毛，展现出一种古老而神秘的气息。背景为一片广袤无垠的沙漠，远处是连绵起伏的沙丘，天空呈现出淡淡的橙黄色，太阳即将落山，整个画面充满了浓厚的中国传统美学色彩。,动物\兽名\橐駝.png
騊駼,动物,兽名,山海經十八卷,宋淳熙七年（1180）池陽郡齋刻本,"其狀如馬,",prompt: 騊駼，其状如马，毛色斑斓如同彩虹，四蹄轻盈仿佛踏云而行，身姿矫健，鬃毛飘逸，眼神中透露出一种神秘的智慧。背景为山海经中的奇幻山水，以传统中国美学的彩色水墨风格呈现。,动物\兽名\騊駼.png
狪狪,动物,兽名,山海經十八卷,宋淳熙七年（1180）池陽郡齋刻本,"其狀如豚,有珠,其名自䚯,",prompt: 狪狪，其状如豚，身体圆润，四肢短小有力，全身覆盖着柔软的棕色毛发。它的眼睛大而明亮，闪烁着智慧的光芒。最特别的是，它的额头上镶嵌着一颗璀璨的明珠，光芒四射，照亮周围的一切。背景为幽静的山林，树木葱郁，溪流潺潺，整体风格参考古代插画和传统中国美学的彩色水墨风格。,动物\兽名\狪狪.png
蜼,动物,兽名,山海經十八卷,宋淳熙七年（1180）池陽郡齋刻本,,prompt: 一只蜼，古代神兽，形象参考山海经记载，长有类似猿猴的身躯，但尾巴更长且有力，毛色呈深棕色，眼睛灵动有神，四肢健壮，善于攀爬树木。背景为幽静的山林，古木参天，藤蔓缠绕，色彩以传统中国水墨风格为主，配以淡雅的彩色渲染，营造出神秘而宁静的氛围。,动物\兽名\蜼.png
莬,动物,兽名,山海經十八卷,宋淳熙七年（1180）池陽郡齋刻本,,prompt: 一只神秘的莬兽，身形似兔而巨大，毛色斑斓如同彩虹，长有长长的耳朵和强壮的后腿。它栖息在深山幽谷之中，周围环绕着茂密的古木和奇花异草。画面采用传统中国美学的彩色水墨风格，背景是云雾缭绕的山脉和清澈的溪流，展现出一种宁静而神秘的氛围。,动物\兽名\莬.png
聞𧲂,动物,兽名,山海經十八卷,宋淳熙七年（1180）池陽郡齋刻本,"其狀如彘,黄身,白頭,白尾,",prompt: 一只名为聞𧲂的神兽，其形状像野猪，身体为黄色，头部和尾巴为白色，采用古代插画风格和传统中国美学的彩色水墨风格绘制。背景为山林环绕，增添神秘感。,动物\兽名\聞𧲂.png
蝟,动物,兽名,山海經十八卷,宋淳熙七年（1180）池陽郡齋刻本,,prompt: 一只古老的兽类，名为蝟，其形象融合了刺猬与野猪的特点，体表覆盖着坚硬的棘刺，头部有一对尖锐的獠牙。它生活在深山密林之中，常在夜幕降临时出没。画面采用传统中国美学的彩色水墨风格，背景是幽暗的森林和月光下的山峦，营造出神秘而古朴的氛围。,动物\兽名\蝟.png
蜼豹,动物,兽名,山海經十八卷,宋淳熙七年（1180）池陽郡齋刻本,,prompt: 一只蜼豹，身姿矫健，毛色斑斓如同山林中的迷彩，四肢强健有力，眼神锐利，尾巴长而灵活。背景为茂密的山林，色彩以传统中国水墨画风格为主，用细腻的笔触描绘出古朴而又生动的自然景象。,动物\兽名\蜼豹.png
文虎,动物,兽名,山海經十八卷,宋淳熙七年（1180）池陽郡齋刻本,,prompt: 一只名为文虎的神兽，身姿矫健，毛色斑斓如同山川河流，眼神中透露出智慧与威严。它栖息于幽静的山谷之中，周围环绕着奇花异草，古木参天。画面采用传统中国美学的彩色水墨风格，背景以淡雅的山水画为基调，展现出一种宁静而神秘的氛围。,动物\兽名\文虎.png
文馬,动物,兽名,山海經十八卷,宋淳熙七年（1180）池陽郡齋刻本,,prompt: 传统中国美学彩色水墨风格，文馬，一种神秘的兽类，形似马但拥有龙鳞和鹿角，身披五彩斑斓的羽毛，四蹄生风，腾云驾雾于山海之间，背景为古代山水画卷，远处有奇峰异石，近处溪流潺潺，古木参天，整个画面充满神秘而祥和的气息。,动物\兽名\文馬.png
文文,动物,兽名,山海經十八卷,宋淳熙七年（1180）池陽郡齋刻本,"其狀如蜂,枝尾,反舌,善呼,",prompt: 一只名为文文的神秘兽类，其形状如同蜜蜂，拥有分叉的尾巴和倒置的舌头，擅长发出各种声音。请以古代插画风格和传统中国美学的彩色水墨风格描绘，注重表现其独特的形态特征和灵动的声音特质。背景可设置在山林之间，周围点缀着奇花异草，增添几分神秘气息。,动物\兽名\文文.png
囂,动物,兽名,山海經十八卷,宋淳熙七年（1180）池陽郡齋刻本,"其狀如禺,長臂,善投,",prompt: 一只名为囂的神兽，形似禺，拥有长长的臂膀，擅长投掷。其形象生动而神秘，长臂肌肉线条流畅有力，姿态矫健，仿佛随时准备跃起或投掷。背景为古朴的山水画卷，色彩以传统中国水墨画风格为主，淡雅中透出神秘的气息，展现出远古神话世界的独特魅力。,动物\兽名\囂.png
熊,动物,兽名,山海經十八卷,宋淳熙七年（1180）池陽郡齋刻本,,prompt: 一只巨大的山海经神兽熊，毛色乌黑发亮，体型庞大威猛，眼神中透露出野性与智慧。它站立于山林之间，周围是茂密的古木和奇花异草，背景为远山云雾缭绕，整个画面采用传统中国彩色水墨风格绘制，色彩淡雅而富有层次感，展现出古老神话中的神秘氛围。,动物\兽名\熊.png
犀,动物,兽名,山海經十八卷,宋淳熙七年（1180）池陽郡齋刻本,,prompt: 古代神兽犀，体型庞大如牛，皮毛呈现深棕色，头部有一对尖锐的独角，眼神炯炯有神，四肢强健有力，背景为幽静的山林，画面采用传统中国美学的彩色水墨风格，细腻描绘出犀的威严与神秘感。,动物\兽名\犀.png
象,动物,兽名,山海經十八卷,宋淳熙七年（1180）池陽郡齋刻本,,prompt: 中国传统水墨风格，兽名象，巨大而威严的生物，拥有长鼻子和庞大的身躯，皮肤呈现灰褐色，身上覆盖着古老的图腾纹样，背景为山海经中的神秘山脉，画面充满神话色彩和古老韵味。,动物\兽名\象.png
𤢺,动物,兽名,山海經十八卷,宋淳熙七年（1180）池陽郡齋刻本,"其狀如獳犬,有鱗,其毛如彘鬣,",prompt: 一只名为𤢺的神兽，其形状类似獳犬，身上覆盖着鳞片，毛发如同猪鬃一般。请以古代插画风格和传统中国美学的彩色水墨风格描绘，注重表现其独特的鳞片和鬃毛特征。背景可设置为山林或古朴的自然环境，增添神秘氛围。,动物\兽名\𤢺.png
谿邊,动物,兽名,山海經十八卷,宋淳熙七年（1180）池陽郡齋刻本,"其狀如狗,",prompt: 一只形似狗的神兽，名为谿边，其毛色斑斓如同水墨画中的细腻渲染，身体健硕而灵动，眼神中透露出智慧与神秘。背景为山川河流，采用传统中国美学的彩色水墨风格，画面古朴典雅，充满神话色彩。,动物\兽名\谿邊.png
玄豹,动物,兽名,山海經十八卷,宋淳熙七年（1180）池陽郡齋刻本,,prompt: 一只神秘的玄豹，身披深邃的黑色皮毛，上面点缀着如同夜空中星辰般的银色斑点。它的眼睛犹如两颗璀璨的宝石，在黑暗中闪烁着智慧与力量的光芒。背景是幽暗的山林，古老的树木和缭绕的雾气增添了几分神秘感。整个画面采用传统中国美学的彩色水墨风格，既有细腻的笔触也有留白的艺术处理，营造出一种悠远而宁静的氛围。,动物\兽名\玄豹.png
塵,动物,兽名,山海經十八卷,宋淳熙七年（1180）池陽郡齋刻本,,prompt: 一只名为塵的神秘野兽，它拥有着如同烟雾般的灰色皮毛，身体轻盈如风中的尘埃。塵的眼睛闪烁着智慧的光芒，四肢修长有力，能够在空中自由地飞翔。背景是古老的山林，云雾缭绕，树木苍翠，整体呈现出一种梦幻而幽静的氛围，色彩以淡雅的水墨风格为主。,动物\兽名\塵.png
㚟,动物,兽名,山海經十八卷,宋淳熙七年（1180）池陽郡齋刻本,,prompt: 一只神秘的上古兽类，名为㚟，其形象参考古代插画中的神兽，体态矫健有力，身披五彩斑斓的鳞甲，头部有类似龙角的装饰，眼神中透露出智慧与威严。背景为传统中国山水画风格，山峦起伏，云雾缭绕，整幅画面采用彩色水墨技法绘制，展现出一种古老而神秘的气息。,动物\兽名\㚟.png
赤豹,动物,兽名,山海經十八卷,宋淳熙七年（1180）池陽郡齋刻本,,prompt: 一只赤豹，身姿矫健，毛色如火般鲜艳，眼神锐利，四肢强健有力，背景为山林，采用古代插画风格和传统中国美学的彩色水墨风格，画面充满神秘与野性。,动物\兽名\赤豹.png
從從,动物,兽名,山海經十八卷,宋淳熙七年（1180）池陽郡齋刻本,"其狀如犬,六足,其鳴自詨,",prompt: 一只六足的神兽，其形态如同犬类，身体覆盖着细腻的毛发，六只脚均匀分布在身体两侧，每只脚都显得异常健壮有力。它的眼睛明亮有神，透露出一种神秘而古老的智慧。从從的叫声独特，仿佛在呼唤自己的名字。背景采用传统中国水墨画风格，色彩以淡雅为主，辅以山石、云雾等自然元素，营造出一种幽远而神秘的氛围。,动物\兽名\從從.png
乗黄,动物,兽名,山海經十八卷,宋淳熙七年（1180）池陽郡齋刻本,"其狀如狐,其背上有角,乗之壽二千嵗,",prompt: 乗黄，其状如狐，背部生有奇异的角，乘之可寿二千年。请以古代插画风格和传统中国美学的彩色水墨风格描绘，背景为云雾缭绕的山林，画面中有一只狐狸般的灵兽，背部生长着一对弯曲而优雅的角，毛色如流光溢彩，周围环绕着祥云和仙气，整体氛围神秘而宁静。,动物\兽名\乗黄.png
玄虎,动物,兽名,山海經十八卷,宋淳熙七年（1180）池陽郡齋刻本,,prompt: 一只神秘的玄虎，身披深邃如夜的黑色皮毛，眼神锐利如同星辰。它体态矫健，肌肉线条流畅，四肢强健有力，尾巴长而粗壮。背景为幽暗的山林，月光洒在古老的树木上，营造出一种神秘而庄严的氛围。画风参考古代插画风格和传统中国美学的彩色水墨风格，色彩以黑、白、灰为主，辅以淡淡的蓝色和绿色。,动物\兽名\玄虎.png
玄狐,动物,兽名,山海經十八卷,宋淳熙七年（1180）池陽郡齋刻本,"蓬尾,",prompt: 一只神秘的玄狐，拥有蓬松华丽的尾巴，全身覆盖着深邃的黑色毛发，在月光下闪烁着微弱的蓝光。它的眼睛如同明亮的星辰，透露出智慧与狡黠。背景是幽静的山林，古树参天，溪流潺潺，画面采用传统中国美学的彩色水墨风格，细腻地描绘出玄狐在夜色中的灵动姿态。,动物\兽名\玄狐.png
猲狙,动物,兽名,山海經十八卷,宋淳熙七年（1180）池陽郡齋刻本,"其狀如狼,赤首,鼠目,其音如豚,食人,",prompt: 一只外形类似狼的神兽，名为猲狙，头部呈现鲜艳的红色，眼睛如同老鼠般小巧而锐利。它发出的声音宛如小猪的叫声，但其性情凶猛，以人类为食。请用传统中国美学的彩色水墨风格描绘这一神秘生物，背景可以是山林或古战场，增添几分荒凉与恐怖的氛围。,动物\兽名\猲狙.png
犀渠,动物,兽名,山海經十八卷,宋淳熙七年（1180）池陽郡齋刻本,"其狀如牛,蒼身,其音如嬰兒,是食人,",prompt: 一只名为犀渠的神秘野兽，其形状如同牛一般，身体呈现苍蓝色，它发出的声音宛如婴儿啼哭，据说这种野兽会吃人。请以古代插画风格和传统中国美学的彩色水墨风格描绘这只犀渠，背景可以是山林或荒野，色彩上采用深蓝、墨绿等冷色调，营造出一种神秘而危险的氛围。,动物\兽名\犀渠.png
猩猩,动物,兽名,山海經十八卷,宋淳熙七年（1180）池陽郡齋刻本,"青獸,人靣,",prompt: 青色的兽类，拥有人类的面孔，参考古代插画风格和传统中国美学的彩色水墨风格，描绘一只神秘的猩猩，其毛发呈深青色，面容与人类相似，眼神中透露出智慧与好奇，背景为山林幽谷，充满神秘气息。,动物\兽名\猩猩.png
吁咽,动物,兽名,山海經十八卷,宋淳熙七年（1180）池陽郡齋刻本,,prompt: 古典中国神话中的兽吁咽，形象为一只巨大的四足兽，身体覆盖着青色的鳞片，头部有类似龙的角和鬃毛，眼睛如红宝石般明亮。它栖息于幽深的山谷之中，周围环绕着云雾缭绕的山峦和茂密的古木，背景是水墨风格的山水画，色彩以淡雅的青绿为主，点缀以淡淡的紫色和金色，营造出神秘而宁静的氛围。,动物\兽名\吁咽.png
禺,动物,兽名,山海經十八卷,宋淳熙七年（1180）池陽郡齋刻本,,prompt: 传统中国美学彩色水墨风格，古代神话中的兽名禺，形象为一只有着虎身、人面、鸟翼的神秘生物，它在山林间翱翔，周围环绕着淡淡的云雾和古老的树木，背景是远山和流水，画面充满了神秘而宁静的气息。,动物\兽名\禺.png
猿,动物,兽名,山海經十八卷,宋淳熙七年（1180）池陽郡齋刻本,,prompt：一只古老的猿猴，身姿矫健，毛发浓密而富有光泽，眼神灵动且充满智慧。它站立于山林之间，背景是连绵起伏的山脉和茂密的森林，色彩以传统中国水墨画风格为主，使用淡雅的墨色与彩色渲染，展现出一种古朴而神秘的气息。,动物\兽名\猿.png
羊,动物,兽名,山海經十八卷,宋淳熙七年（1180）池陽郡齋刻本,,prompt: 古代神话中的羊，兽名，形象参考《山海经》中描述的奇异生物，结合传统中国美学的彩色水墨风格，背景为山林间，羊的形象温顺而神秘，毛色为淡雅的青灰色，眼神温和，角弯曲如云纹，四周环绕着淡淡的雾气，营造出一种梦幻般的氛围。,动物\兽名\羊.png
蜮,动物,兽名,山海經十八卷,宋淳熙七年（1180）池陽郡齋刻本,,prompt：古代神话中的蜮，一种神秘的兽类，身体覆盖着暗绿色的鳞片，头部类似鱼，长有尖锐的角，眼睛如同深邃的红宝石。它生活在幽暗的水域中，能够喷射毒液攻击敌人。请以传统中国美学的彩色水墨风格绘制，背景为古老的山川和清澈的湖泊，画面充满神秘而古老的气息。,动物\兽名\蜮.png
蝯,动物,兽名,山海經十八卷,宋淳熙七年（1180）池陽郡齋刻本,,prompt: 一只古老的兽类，名为蝯，体态似猿猴但更为庞大，毛发浓密呈深棕色，四肢粗壮有力，面部表情威严而神秘。背景为山林幽谷，古木参天，云雾缭绕，画面风格参考古代插画和传统中国彩色水墨画，色彩以淡雅的绿色和棕色为主，营造出一种古老而神秘的氛围。,动物\兽名\蝯.png
猨,动物,兽名,山海經十八卷,宋淳熙七年（1180）池陽郡齋刻本,,prompt: 一只古老的猨，兽名，形象源自《山海经》，它拥有敏捷的身手和智慧的眼神，体态矫健，毛色呈深棕色，四肢强健有力，长尾卷曲，栖息在茂密的山林中。画面采用传统中国美学的彩色水墨风格，背景为幽静的山谷和苍翠的古树，充满神秘与古老的气息。,动物\兽名\猨.png
𤣎如,动物,兽名,山海經十八卷,宋淳熙七年（1180）池陽郡齋刻本,"其狀如鹿,白尾,馬足,人手,四角,",prompt: 一只名为𤣎如的神兽，其形状像鹿，拥有白色的尾巴和马的蹄子，前肢却长着人的手。它头上长有四只角，形象神秘而威严。请以古代插画风格和传统中国美学的彩色水墨风格描绘这只神兽，背景可以是山林或云雾缭绕的仙境，展现出它的独特气质和神话色彩。,动物\兽名\𤣎如.png
狕,动物,兽名,山海經十八卷,宋淳熙七年（1180）池陽郡齋刻本,"其狀如豹,文首,",prompt: 狕物名稱：狕，其狀如豹，頭部有花紋，參考古代插畫風格和傳統中國美學的彩色水墨風格，背景為山林環境，整體呈現出神秘而古樸的氛圍。,动物\兽名\狕.png
葱聾,动物,兽名,山海經十八卷,宋淳熙七年（1180）池陽郡齋刻本,"其狀如羊,赤鬛,",prompt: 一只名为葱聾的神兽，其形状像羊，拥有红色的鬛毛，身姿矫健。请以古代插画风格和传统中国美学的彩色水墨风格描绘，背景为山林间的幽静景色，色调以淡雅为主，突出神兽的独特气质。,动物\兽名\葱聾.png
赤馬,动物,兽名,山海經十八卷,宋淳熙七年（1180）池陽郡齋刻本,"名曰三騅,",prompt: 古代神话中的赤马，名为三騅，身披火红鬃毛，四蹄生风，眼中闪烁着智慧的光芒。它在山林间奔跑时，仿佛一团燃烧的火焰，身后留下一道道炽热的轨迹。背景为幽深的山林，树木葱郁，云雾缭绕，画面采用传统中国美学的彩色水墨风格，笔触细腻，色彩鲜明，充满神秘与灵动之感。,动物\兽名\赤馬.png
妴胡,动物,兽名,山海經十八卷,宋淳熙七年（1180）池陽郡齋刻本,"其狀如麋,魚目,其鳴自䚯,",prompt: 妴胡，其状如麋，鱼目，其鸣自䚯。请以古代插画风格和传统中国美学的彩色水墨风格绘制。画面中，妴胡身姿矫健，毛色斑斓如同麋鹿，但其眼睛却如同清澈的鱼眼，闪烁着智慧的光芒。背景为幽静的山林，树木葱郁，溪流潺潺，展现出一种神秘而宁静的氛围。,动物\兽名\妴胡.png
雍和,动物,兽名,山海經十八卷,宋淳熙七年（1180）池陽郡齋刻本,"其狀如蝯,赤目,赤喙,黄身,",prompt: 一只名为雍和的神兽，其形状类似猿猴，拥有红色的眼睛和喙，身体呈黄色。请以古代插画风格和传统中国美学的彩色水墨风格描绘，注重表现其独特的赤目、赤喙和黄身特征。背景可以是山林或云雾缭绕的仙境，突出神秘而古老的氛围。,动物\兽名\雍和.png
𤝻即,动物,兽名,山海經十八卷,宋淳熙七年（1180）池陽郡齋刻本,"其狀如膜大,赤喙,赤目,白尾,",prompt: 一只名为𤝻即的神兽，其形状如同巨大的膜，拥有红色的喙和眼睛，尾巴是白色的。画面采用传统中国美学的彩色水墨风格，背景为古代山水，展现出神秘而古老的气息。神兽的姿态威严而优雅，羽毛细腻，色彩鲜明，仿佛从古籍中跃然而出。,动物\兽名\𤝻即.png
延維,动物,兽名,山海經十八卷,宋淳熙七年（1180）池陽郡齋刻本,,prompt: 延維，古代神话中的神秘兽类，身躯庞大而威严，身披五彩斑斓的鳞片，头生双角如鹿，目光炯炯有神。其四肢强健有力，爪子锋利，尾巴长而灵活。延維栖息于深山幽谷之中，常伴云雾缭绕，象征着自然的力量与神秘。请以彩色水墨风格绘制，背景为古朴的山水景色，画面充满传统中国美学的气息。,动物\兽名\延維.png
峳峳,动物,兽名,山海經十八卷,宋淳熙七年（1180）池陽郡齋刻本,"其狀如馬,羊目,四角,牛尾,其音如獋狗,",prompt: 峳峳，兽名，其状如马，羊目，四角，牛尾，其音如獋狗。请以古代插画风格和传统中国美学的彩色水墨风格绘制，背景为山林间，四周环绕着奇异的花草树木，天空中隐约可见祥云飘动，整个画面充满神秘而古老的氛围。峳峳的身体线条流畅，肌肉饱满，四角弯曲而有力，眼神温和但不失威严，尾巴如牛尾般粗壮，整体呈现出一种古老神话中的神兽形象。,动物\兽名\峳峳.png
幽鴳,动物,兽名,山海經十八卷,宋淳熙七年（1180）池陽郡齋刻本,"其狀如禺,文身,善笑,見人則卧,其鳴自呼,",prompt: 一只名为幽鴳的神兽，形似禺（一种古代传说中的猴子），全身布满精美的花纹。它表情生动，总是带着微笑，遇到人时会躺下装死。它的叫声如同在呼唤自己的名字“幽鴳”。画面采用传统中国美学的彩色水墨风格，背景为山林溪流，增添神秘而宁静的氛围。,动物\兽名\幽鴳.png
窫窳,动物,兽名,山海經十八卷,宋淳熙七年（1180）池陽郡齋刻本,"其狀如牛,赤身,人靣,馬足,其音如嬰兒,食人,",prompt: 窫窳，其状如牛，赤身，人面，马足，其音如婴儿，食人。请绘制一只具有传统中国美学的彩色水墨风格的窫窳，它拥有牛的身体和红色的皮肤，人脸和马蹄，发出婴儿般的叫声。背景可以是山林或古代神话场景，展现出一种神秘而恐怖的氛围。,动物\兽名\窫窳.png
窫窳,动物,兽名,山海經十八卷,宋淳熙七年（1180）池陽郡齋刻本,"龍首,居弱水中,在狌狌知人名之西,其狀如龍首,食人,",prompt: 窫窳，龙首兽身，居于弱水之中，位于狌狌知人名之西。其形象为龙头，身体似猛兽，常潜伏于水中，性情凶猛，以食人为生。请参考古代插画风格和传统中国美学的彩色水墨风格，描绘窫窳在弱水中游弋，四周环境幽暗神秘，水面波光粼粼，背景中隐约可见远山和茂密的树林，营造出一种神秘而危险的氛围。,动物\兽名\窫窳.png
逐,动物,兽名,山海經十八卷,宋淳熙七年（1180）池陽郡齋刻本,,prompt: 逐，一种古老的兽类，体态矫健，毛色斑斓如同山林间的迷雾。它拥有四足强健有力，能够在山间迅速奔跑，头部有一对锐利的角，眼睛炯炯有神，透露出野性的光芒。逐的形象融合了鹿与虎的特点，既有着鹿的优雅，又不失虎的威猛。在古代神话中，逐被视为森林之灵，能够穿梭于山川之间，守护着自然界的和谐。请以彩色水墨风格描绘逐，在画面中加入一些山石、树木等自然元素，展现其与自然环境的紧密联系。,动物\兽名\逐.png
狰,动物,兽名,山海經十八卷,宋淳熙七年（1180）池陽郡齋刻本,"其狀如赤豹,五尾,一角,其音如擊石,",prompt: 狰，一种神话中的兽类，其形状如同赤色的豹子，拥有五条尾巴和一只角，叫声如同石头相击的声音。请以古代插画风格和传统中国美学的彩色水墨风格描绘这只神兽，注意捕捉它独特的外貌特征：鲜艳的红色皮毛、五条飘逸的尾巴、以及头顶上的一只尖锐的角。背景可以是山林或云雾缭绕的仙境，增添神秘感。,动物\兽名\狰.png
犳,动物,兽名,山海經十八卷,宋淳熙七年（1180）池陽郡齋刻本,,prompt: 一只来自《山海经》的神秘兽犳，体态矫健，身披斑斓的毛皮，头部有如豹子般威猛，眼神锐利，四肢强健有力。背景为幽静的山林，古木参天，云雾缭绕，画面风格参考古代插画和传统中国美学的彩色水墨风格，色彩丰富而和谐，线条流畅且富有动感。,动物\兽名\犳.png
彘,动物,兽名,山海經十八卷,宋淳熙七年（1180）池陽郡齋刻本,,prompt: 一只名为彘的神兽，体态庞大，形似野猪，全身覆盖着黑色的鬃毛，眼睛闪烁着红光。它四蹄强壮有力，獠牙外露，显得凶猛异常。背景为古代山林，树木葱郁，云雾缭绕，整体风格参考《山海经》中的插画和传统中国彩色水墨画风。,动物\兽名\彘.png
仇猱,动物,兽名,山海經十八卷,宋淳熙七年（1180）池陽郡齋刻本,"其狀如莬,鳥喙,鴟目,蛇尾,見人則眠,其鳴自䚯,",prompt: 一只名为仇猱的神兽，其状如莬，拥有鸟喙、鸱目和蛇尾。当它见到人时会闭上眼睛装睡，其鸣叫声如同自䚯。请以古代插画风格和传统中国美学的彩色水墨风格绘制，背景为幽静的山林，色彩以淡雅为主，表现出神秘而古老的氛围。,动物\兽名\仇猱.png
赤犬,动物,兽名,山海經十八卷,宋淳熙七年（1180）池陽郡齋刻本,"名曰天犬,",prompt: 一只名为天犬的赤犬，全身毛发如烈火般鲜红，双眼炯炯有神，仿佛能洞察人心。它身姿矫健，四足强健有力，尾巴高高翘起，显得威风凛凛。背景是山海经中的古老山脉和云雾缭绕的天空，画面采用传统中国美学的彩色水墨风格，色彩浓郁而富有层次感，展现出一种神秘而又庄严的氛围。,动物\兽名\赤犬.png
麈,动物,兽名,山海經十八卷,宋淳熙七年（1180）池陽郡齋刻本,,prompt: 一只麈，古代神兽，形似鹿而大，尾长毛丰，象征着尊贵与吉祥。请以传统中国美学的彩色水墨风格绘制，背景为山林间，画面古朴典雅，充满神秘气息。,动物\兽名\麈.png
諸懷,动物,兽名,山海經十八卷,宋淳熙七年（1180）池陽郡齋刻本,"其狀如牛,四角,人目,彘耳,其音如鳴雁,其音如鳴鴈,食人,",prompt: 诸怀，兽名，其状如牛，四角，人目，彘耳，其音如鸣雁。画面中，一只巨大的怪兽站立于山林之间，形似牛但有四个弯曲的犄角，眼睛犹如人类般明亮且充满智慧，耳朵则像野猪一样竖立。它张开嘴发出类似大雁的叫声，声音悠远而神秘。背景是古朴的山川和茂密的森林，采用传统中国美学的彩色水墨风格绘制，色彩淡雅，线条流畅，展现出古老神话中的奇幻景象。,动物\兽名\諸懷.png
諸犍,动物,兽名,山海經十八卷,宋淳熙七年（1180）池陽郡齋刻本,"其狀如豹,長尾,人首,牛耳,一目,善吒,行則㘅其尾,居則蟠其尾,",prompt: 诸犍，其状如豹，长尾，人首，牛耳，一目，善吒，行则㘅其尾，居则蟠其尾。请绘制一幅具有传统中国美学的彩色水墨风格的插画，画面中诸犍的形象应融合豹的身体、人的头部、牛的耳朵和一只眼睛，行走时尾巴会发出响声，静止时尾巴盘绕在身体周围。背景可以是山林或古代神话场景，色彩以淡雅为主，线条流畅，富有动感。,动物\兽名\諸犍.png
朱獳,动物,兽名,山海經十八卷,宋淳熙七年（1180）池陽郡齋刻本,"其狀如狐,魚翼,其鳴自叫,",prompt: 一只神秘的兽类，名为朱獳，其外形酷似狐狸，但拥有鱼的翅膀。它在空中飞翔时发出的声音如同呼唤自己的名字。请以古代中国插画风格和传统中国美学的彩色水墨风格描绘这一场景，画面中朱獳在云雾缭绕的山间翱翔，翅膀轻轻扇动，尾巴轻盈摆动，周围环绕着古老的树木和奇花异草，展现出一种神秘而宁静的氛围。,动物\兽名\朱獳.png
騶吾,动物,兽名,山海經十八卷,宋淳熙七年（1180）池陽郡齋刻本,"大若虎,五采畢具,尾長於身,乗之日行千里,",prompt: 一只大如老虎的神兽騶吾，身上五彩斑斓，尾巴比身体还要长，骑上它可以日行千里。请用古代插画风格和传统中国美学的彩色水墨风格描绘这只神兽，注重展现其独特的色彩和长长的尾巴。背景可以是山川或森林，体现其在自然中的威严与神秘。,动物\兽名\騶吾.png
朱厭,动物,兽名,山海經十八卷,宋淳熙七年（1180）池陽郡齋刻本,"其狀如猿,白首,赤足,",prompt: 朱厭，其状如猿，白首赤足，栖息于山林之间。请以古代插画风格和传统中国美学的彩色水墨风格描绘，注重展现其独特的白色头部与红色脚掌，背景为茂密的山林，树木葱郁，云雾缭绕。,动物\兽名\朱厭.png
足訾,动物,兽名,山海經十八卷,宋淳熙七年（1180）池陽郡齋刻本,"其狀如禺,有鬛,牛尾,文臂,馬蹄,見人則呼,其鳴自呼,",prompt: 一只名为足訾的神兽，其形状类似禺（一种古代传说中的猴子），拥有浓密的鬣毛，尾巴像牛尾一样粗壮有力，手臂上布满复杂的纹饰，蹄子如同马蹄一般。当它看到人时会发出叫声，声音像是在呼唤自己的名字。请以传统中国美学的彩色水墨风格绘制，背景为幽静的山林，画面中弥漫着神秘而古朴的气息。,动物\兽名\足訾.png
䟣踢,动物,兽名,山海經十八卷,宋淳熙七年（1180）池陽郡齋刻本,"南海之外,赤水之西,流沙之東,左右有首,",prompt: 䟣踢，一种神话中的怪兽，位于南海之外、赤水之西、流沙之东的神秘之地。它拥有左右两个头，每个头都有独特的表情和特征。画面中，䟣踢站在一片荒凉的沙漠之中，周围是流动的沙丘和远处翻滚的红水。它的身体呈现出深棕色，皮肤上布满了粗糙的鳞片。背景是夕阳下的天空，天边泛着橙红色的光芒，与流沙和赤水相互辉映。整体风格采用古代插画风格，结合传统中国美学的彩色水墨技法，展现出一种神秘而古老的气息。,动物\兽名\䟣踢.png
長右,动物,兽名,山海經十八卷,宋淳熙七年（1180）池陽郡齋刻本,"其狀如禺,四耳,其音如吟,",prompt: 一只长右，其状如禺，拥有四只耳朵，声音如同吟唱。画面中，长右站立在山林间，身体呈灰色，四肢粗壮有力，四耳灵动，眼神温和而神秘。背景是古老的山水，云雾缭绕，采用传统中国美学的彩色水墨风格，展现出一种幽静而神秘的氛围。,动物\兽名\長右.png
獨𤞞,动物,兽名,山海經十八卷,宋淳熙七年（1180）池陽郡齋刻本,"其狀如虎,白身,犬首,馬尾,彘鬛,",prompt: 獨𤞞，其状如虎，白身，犬首，马尾，彘鬛。请绘制一只外形似虎的神兽，全身白色，头部像狗，尾巴像马，颈部长有猪一样的鬃毛。整体风格参考古代插画和传统中国美学的彩色水墨风格。,动物\兽名\獨𤞞.png
䍶䍶,动物,兽名,山海經十八卷,宋淳熙七年（1180）池陽郡齋刻本,"其狀如羊,一角,一目,目在耳後,其鳴自䚯,",prompt: 一只形状像羊的神秘生物，它只有一只角和一只眼睛，眼睛位于耳朵后面。它的叫声像是在自言自语。请用传统中国美学的彩色水墨风格描绘这个名为䍶䍶的兽类，背景可以是山林或草原，展现出其独特的神秘气质。,动物\兽名\䍶䍶.png
當康,动物,兽名,山海經十八卷,宋淳熙七年（1180）池陽郡齋刻本,"其狀如豚,有牙,其鳴自叫,",prompt: 当康，其状如豚，有牙，其鸣自叫，形象为一头体型壮硕的野猪，体色棕黑，长有锋利的獠牙。背景为古代山林，色彩以传统中国水墨风格为主，画面中可见茂密的树木和奇石，整体氛围古朴神秘。,动物\兽名\當康.png
傲𢓨,动物,兽名,山海經十八卷,宋淳熙七年（1180）池陽郡齋刻本,"其狀如牛,白身,四角,毫如披蓑,是食人,",prompt: 一只名为傲𢓨的神兽，其状如牛，全身洁白无瑕，长有四只角，毛发浓密如同披着蓑衣一般，它是一种食人兽。请以古代插画风格和传统中国美学的彩色水墨风格描绘，背景为山林间，色调以淡雅为主，展现出一种神秘而古老的氛围。,动物\兽名\傲𢓨.png
豹,动物,兽名,山海經十八卷,宋淳熙七年（1180）池陽郡齋刻本,,prompt: 一只来自《山海经》的神秘豹子，它拥有金色的眼眸和斑斓的皮毛，在幽暗的森林中穿梭，身体矫健而敏捷。背景是古老的中国山水画风格，采用彩色水墨技法描绘，周围环绕着茂密的竹林和蜿蜒的小溪，远处是云雾缭绕的山脉，整个画面充满了神秘与宁静的气息。,动物\兽名\豹.png
𤠢鼠,动物,兽名,山海經十八卷,宋淳熙七年（1180）池陽郡齋刻本,,prompt: 一只来自《山海经》的神秘兽类，名为𤠢鼠，它拥有着独特的外貌特征。它的身体像一只巨大的老鼠，但体型更为庞大，毛色为深棕色，眼睛闪烁着智慧的光芒。头部有一对尖锐的耳朵，能够敏锐地捕捉到周围的声音。四肢强壮有力，尾巴长而灵活，能够在复杂的环境中自如移动。背景采用传统的中国山水画风格，远处是连绵起伏的山脉和潺潺流水，近处则是一片茂密的森林，充满神秘与古老的气息。整幅画面以彩色水墨风格呈现，既有细腻的笔触，又不失大气磅礴之感。,动物\兽名\𤠢鼠.png
耳鼠,动物,兽名,山海經十八卷,宋淳熙七年（1180）池陽郡齋刻本,"其狀如鼠,莬首,䴢身,其音如獔犬,以其尾飛,",prompt: 一只外形如鼠的神秘生物，拥有兔子般的头部和鹿的身体，其叫声如同犬吠。它能够利用尾巴飞行。画面采用彩色水墨风格，背景为山海经中的奇幻山水，色彩以青绿为主，点缀以淡雅的花鸟，营造出一种古典而神秘的氛围。,动物\兽名\耳鼠.png
朏朏,动物,兽名,山海經十八卷,宋淳熙七年（1180）池陽郡齋刻本,"其狀如狸,白尾,有鬣,","prompt: 朏朏，其状如狸,白尾,有鬣,形象参考古代插画风格和传统中国美学的彩色水墨风格,背景为山林溪流,画面充满神秘与自然的气息,色彩以淡雅为主,线条流畅细腻,表现出朏朏灵动而神秘的特质。",动物\兽名\朏朏.png
封豕,动物,兽名,山海經十八卷,宋淳熙七年（1180）池陽郡齋刻本,,prompt: 封豕，兽名，体型庞大如山，浑身覆盖着浓密的黑色长毛，眼神凶猛，獠牙外露，四蹄强健有力。背景为古代荒野，四周古木参天，山石嶙峋，远处有迷雾缭绕，整体风格参考传统中国彩色水墨画，线条流畅，色彩浓郁且富有层次感。,动物\兽名\封豕.png
鼣鼠,动物,兽名,山海經十八卷,宋淳熙七年（1180）池陽郡齋刻本,,prompt: 一只古老的鼣鼠，体型庞大如牛，毛色斑斓如同虎豹，尾巴长而有力，四足强健，眼神锐利。它栖息于深山密林之中，周围是茂密的古木和奇异的花草，背景中隐约可见远山云雾缭绕。画面采用传统中国美学的彩色水墨风格，笔触细腻，色彩浓郁且富有层次感。,动物\兽名\鼣鼠.png
飛鼠,动物,兽名,山海經十八卷,宋淳熙七年（1180）池陽郡齋刻本,"其狀如兎,鼠首,以其背飛,",prompt: 一只外形类似兔子的神秘生物，头部却如同老鼠，长有细长的胡须和尖锐的牙齿。它的背部生有一对宽大的翅膀，羽毛呈现出淡蓝色和银色交织的光泽，仿佛夜空中最亮的星辰。整体形象融合了兔子的温顺与老鼠的机敏，飞翔时姿态优雅而轻盈，翅膀轻轻扇动间带起一阵微风。背景是幽静的山谷，远处隐约可见山峦起伏，近处则是繁花似锦的草地，整个画面采用传统中国美学的彩色水墨风格绘制，色彩柔和而富有诗意。,动物\兽名\飛鼠.png
夫諸,动物,兽名,山海經十八卷,宋淳熙七年（1180）池陽郡齋刻本,"其狀如白鹿,四角,",prompt: 一只形似白鹿的神秘生物，名为夫诸，拥有四只角。它的身体覆盖着洁白无瑕的皮毛，在阳光下闪烁着柔和的光泽。四只角呈螺旋状弯曲，尖端锋利，显得威严而神秘。背景是古老的山林，树木葱郁，云雾缭绕，增添了一种幽远而神秘的氛围。画面采用传统中国美学的彩色水墨风格，线条流畅，色彩淡雅，展现出一种古典而梦幻的效果。,动物\兽名\夫諸.png
蜚蛭,动物,兽名,山海經十八卷,宋淳熙七年（1180）池陽郡齋刻本,"四翼,",prompt: 四翼的神秘兽蜚蛭，形象融合了古代神话与传统中国美学，四只翅膀轻盈展开，如同水墨画中的飞鸟，翅膀上绘有细腻的彩色纹路，身体线条流畅，色彩斑斓而富有层次感，背景为淡雅的山水景色，整个画面充满古典韵味。,动物\兽名\蜚蛭.png
蛫,动物,兽名,山海經十八卷,宋淳熙七年（1180）池陽郡齋刻本,"其狀如龜,白身,赤首,",prompt: 一只名为蛫的神兽，其形状如同乌龟，身体洁白如雪，头部鲜红如火，四肢短小有力，壳上有着神秘的纹路，背景为古典山水，整体风格参考古代插画和传统中国彩色水墨画。,动物\兽名\蛫.png
駮,动物,兽名,山海經十八卷,宋淳熙七年（1180）池陽郡齋刻本,"其狀如馬,白身,黒尾,一角,虎牙爪,音如皷音,是食虎豹,",prompt: 一只神兽駮，其状如马，白身黑尾，头顶一角，虎牙虎爪，声音如同鼓声，能食虎豹。请以古代插画风格和传统中国美学的彩色水墨风格描绘这只神秘而强大的生物。背景可以是山林或草原，表现出其威猛与自然和谐共存的场景。,动物\兽名\駮.png
獙獙,动物,兽名,山海經十八卷,宋淳熙七年（1180）池陽郡齋刻本,"其狀如狐,有翼,其音如鴻鴈,",prompt: 獙獙，其状如狐，有翼，其音如鸿雁，身披五彩斑斓的羽毛，翅膀轻盈透明，眼神灵动狡黠，背景为幽静的山林，画面采用传统中国美学的彩色水墨风格，线条流畅自然，色彩淡雅清新。,动物\兽名\獙獙.png
猼訑,动物,兽名,山海經十八卷,宋淳熙七年（1180）池陽郡齋刻本,"其狀如羊,九尾,四耳,其目在背,",prompt: 一只神秘的古代神兽猼訑，其形状如同羊一般，拥有九条尾巴和四只耳朵，最特别的是它的眼睛长在背部。请以中国传统水墨画风格描绘，色彩以淡雅为主，背景为山林或云雾缭绕的仙境，突出猼訑的独特形态和神秘气质。,动物\兽名\猼訑.png
狗,动物,兽名,山海經十八卷,宋淳熙七年（1180）池陽郡齋刻本,,prompt: 中国传统水墨风格的彩色插画，描绘一只古老的犬类生物，它拥有浓密的毛发和灵动的眼神，身体健壮而灵活。背景为山林溪流，远处隐约可见古朴的村落，天空中飘着淡淡的云彩，整体画面充满神秘而宁静的氛围。,动物\兽名\狗.png
蠱雕,动物,兽名,山海經十八卷,宋淳熙七年（1180）池陽郡齋刻本,"其狀如雕,有角,其音如嬰兒之音,是食人,",prompt: 一只名为蠱雕的神兽，其状如雕，拥有锐利的鹰眼和宽大的翅膀，头顶上长有一对雄壮的角。它的叫声如同婴儿啼哭，让人不寒而栗。蠱雕是一种食人猛兽，身上覆盖着深棕色的羽毛，翼展宽大，飞翔时如同一片乌云遮天蔽日。背景为古代山林，雾气缭绕，增添神秘感。整体风格参考古代插画，采用传统中国美学的彩色水墨技法绘制。,动物\兽名\蠱雕.png
怪獸,动物,兽名,山海經十八卷,宋淳熙七年（1180）池陽郡齋刻本,,prompt: 一只来自《山海经》的怪兽，身体庞大而奇特，拥有狮子般的头颅和锋利的獠牙，身上覆盖着五彩斑斓的鳞片，四足强壮有力，尾巴长而卷曲。背景为古代中国山水画风格，山峦起伏，云雾缭绕，色彩以水墨为主，点缀以鲜艳的色彩，展现出神秘而古老的气息。,动物\兽名\怪獸.png
彚,动物,兽名,山海經十八卷,宋淳熙七年（1180）池陽郡齋刻本,,prompt: 彚，一种神秘的古代兽类，形象为身体覆盖着五彩斑斓的鳞片，头部似龙，长有锐利的犄角，四足强健有力，尾部长而卷曲。它栖息于深山幽谷之中，常在云雾缭绕处出现，象征着力量与智慧。请以传统中国美学的彩色水墨风格描绘，注重展现其鳞片的细腻质感和威严的姿态。,动物\兽名\彚.png
虎,动物,兽名,山海經十八卷,宋淳熙七年（1180）池陽郡齋刻本,,prompt: 一只威猛的山海经中的虎，身披斑斓的皮毛，眼神锐利，四爪有力，站立在山林之间，背景是古代中国山水画风格的山川河流，画面采用传统中国美学的彩色水墨风格，展现出神秘而壮丽的自然景象。,动物\兽名\虎.png
貆,动物,兽名,山海經十八卷,宋淳熙七年（1180）池陽郡齋刻本,,prompt: 一只古代神话中的兽类，名为貆，体态矫健，毛色斑斓，融合了狐狸与豹子的特征。它的眼睛炯炯有神，透露出机敏与狡黠。背景为山林之间，古树参天，云雾缭绕，呈现出一种神秘而幽静的氛围。整体风格参考《山海经》中的插画，采用传统中国美学的彩色水墨风格绘制。,动物\兽名\貆.png
狐,动物,兽名,山海經十八卷,宋淳熙七年（1180）池陽郡齋刻本,,prompt: 一只灵动的狐狸，身姿矫健，毛色以火红为主，尾巴蓬松而长，眼神中透露着机敏与狡黠。背景为古代山水画风格，山峦起伏，云雾缭绕，树木苍翠，整个画面充满中国传统美学的韵味。狐狸站立于一块青石之上，周围散落着几朵野花，显得格外生动。,动物\兽名\狐.png
讙,动物,兽名,山海經十八卷,宋淳熙七年（1180）池陽郡齋刻本,"其狀如狸,一目,三尾,其音如奪百聲,",prompt: 一只形状像狸猫的神兽，名为讙。它只有一只眼睛，却拥有三条尾巴。讙的声音独特，能模仿百种声音。画面中，讙站在一片神秘的山林之中，周围环绕着古老的树木和奇异的花草。它的毛色斑斓，眼睛闪烁着智慧的光芒。背景采用传统的中国水墨画风格，色彩以青绿为主，点缀着淡雅的花朵，营造出一种幽静而神秘的氛围。整幅画面充满神话色彩，展现了《山海经》中的奇幻世界。,动物\兽名\讙.png
䮝,动物,兽名,山海經十八卷,宋淳熙七年（1180）池陽郡齋刻本,"其狀如麢羊,四角,馬尾,有距,善還,其鳴自䚯,",prompt: 一只神秘的古代神兽，名为䮝。其外形如同麢羊，但拥有四只角，尾巴像马尾一样长而飘逸。它的脚上有距，能够灵活地转身和跳跃。当它鸣叫时，声音独特，仿佛在自言自语。请用传统中国美学的彩色水墨风格描绘这只神兽，注重表现其灵动的姿态和独特的特征。背景可以是山林或草原，展现出古朴而神秘的氛围。,动物\兽名\䮝.png
獂,动物,兽名,山海經十八卷,宋淳熙七年（1180）池陽郡齋刻本,"其狀如牛,三足,其鳴自詨,",prompt: 一只形状如牛的神秘生物，名为獂，它拥有三只脚，站在一片古老而神秘的山林之中。它的叫声如同在呼唤自己的名字，回荡在山谷之间。画面采用传统中国美学的彩色水墨风格，背景是云雾缭绕的山峦和茂密的古木，色彩以淡雅为主，点缀着几抹鲜艳的颜色，营造出一种幽远而神秘的氛围。,动物\兽名\獂.png
䍺,动物,兽名,山海經十八卷,宋淳熙七年（1180）池陽郡齋刻本,"其狀如羊,無口,不可殺也,",prompt: 一只形状如羊的神秘生物，名为䍺，其面部没有嘴巴，全身覆盖着细腻的羊毛，眼神温和而深邃。它站立在一片幽静的山林之中，周围环绕着古老的树木和奇花异草。画面采用传统中国美学的彩色水墨风格，背景以淡雅的山水画为基调，展现出一种超脱尘世的宁静与神秘感。,动物\兽名\䍺.png
（青丘國）狐,动物,兽名,山海經十八卷,宋淳熙七年（1180）池陽郡齋刻本,"四足,九尾,",prompt: 一只四足九尾的狐狸，身姿矫健，毛色如青烟般淡雅，尾巴轻盈飘逸，眼中闪烁着智慧与神秘的光芒，背景是古风的青丘国山水，画面采用传统中国美学的彩色水墨风格，色彩柔和，意境深远。,动物\兽名\（青丘國）狐.png
貉,动物,兽名,山海經十八卷,宋淳熙七年（1180）池陽郡齋刻本,,prompt: 一只来自《山海经》的神秘兽类貉，体态似犬而毛色斑斓，眼神灵动，背景为古代山水画卷，整体采用传统中国彩色水墨风格描绘，画面中融入古朴的山石与流动的云雾，营造出一种幽远而神秘的氛围。,动物\兽名\貉.png
獋狗,动物,兽名,山海經十八卷,宋淳熙七年（1180）池陽郡齋刻本,,prompt: 一只古代神话中的獋狗，体态矫健，毛色斑斓，眼神锐利。它站立在山林之间，周围环绕着茂密的树木和奇花异草，背景是远山和云雾缭绕的天空。画面采用传统中国彩色水墨风格，笔触细腻，色彩丰富而柔和，展现出一种神秘而又祥和的氛围。,动物\兽名\獋狗.png
獔狗,动物,兽名,山海經十八卷,宋淳熙七年（1180）池陽郡齋刻本,,prompt: 一只来自《山海经》的神秘兽类獔狗，它有着犬科动物的基本特征，但体型庞大如小牛犊，毛色斑斓如同彩虹。其眼睛闪烁着智慧的光芒，四足强健有力，尾巴长而蓬松。背景为一片古老的森林，树木参天，藤蔓缠绕，营造出一种幽深神秘的氛围。整体风格参考古代插画，采用传统中国美学的彩色水墨风格，色彩丰富且层次分明，线条流畅自然。,动物\兽名\獔狗.png
并封,动物,兽名,山海經十八卷,宋淳熙七年（1180）池陽郡齋刻本,"在巫咸東,其狀如彘,前後皆有首,黑,",prompt: 在巫咸国以东，有一只名为并封的神兽，其形状像猪，前后都有头，全身黑色。请以古代插画风格和传统中国美学的彩色水墨风格绘制这只神秘的并封兽。背景可以是山林或幽谷，色彩要深沉而富有层次感，表现出并封的神秘与威严。,动物\兽名\并封.png
白豪,动物,兽名,山海經十八卷,宋淳熙七年（1180）池陽郡齋刻本,,prompt: 一只名为白豪的神兽，形象为白色的狐狸，毛发如雪般纯净，尾巴蓬松而长。它的眼睛闪烁着智慧的光芒，身姿轻盈优雅，仿佛在山林间自由穿梭。背景是幽静的山谷，树木葱郁，溪流潺潺，充满神秘与宁静的气息。画面采用传统中国美学的彩色水墨风格，笔触细腻，色彩淡雅，展现出一种古典而梦幻的美感。,动物\兽名\白豪.png
白虎,动物,兽名,山海經十八卷,宋淳熙七年（1180）池陽郡齋刻本,,prompt: 一只威风凛凛的白虎，身姿矫健，毛色纯白如雪，眼神锐利，四爪锋利有力，背景为山林，风格参考古代插画和传统中国美学的彩色水墨风格，画面充满神秘与力量感。,动物\兽名\白虎.png
猾褢,动物,兽名,山海經十八卷,宋淳熙七年（1180）池陽郡齋刻本,"其狀如人,彘鬛,穴居,冬蟄,其音如斵木,",prompt: 一只名为猾褢的兽类，其形状如人，但长有野猪般的鬃毛，居住在洞穴中，冬天会进入冬眠状态。它的叫声如同砍伐木头的声音。请以古代插画风格和传统中国美学的彩色水墨风格绘制，画面中可以展现猾褢在山林间的洞穴口，背景是冬季的枯树与积雪，体现出一种神秘而古朴的气息。,动物\兽名\猾褢.png
黄馬,动物,兽名,山海經十八卷,宋淳熙七年（1180）池陽郡齋刻本,"虎文,一目,一手,",prompt: 一只名为黄马的神兽，虎纹覆盖全身，只有一只眼睛和一只手，形象威猛而神秘。请以古代插画风格和传统中国美学的彩色水墨风格描绘，注重展现其独特的形态特征和神秘氛围。,动物\兽名\黄馬.png
獔犬,动物,兽名,山海經十八卷,宋淳熙七年（1180）池陽郡齋刻本,,prompt: 一只古代神兽獔犬，其形象参考《山海经》中的描述，体态矫健，毛色斑斓如虎豹，眼神锐利有神，四足强健有力，尾巴长而蓬松。背景为传统中国山水画风格，山峦叠嶂，云雾缭绕，色彩以水墨为主，辅以淡雅的彩色点缀，整体氛围神秘而古老。,动物\兽名\獔犬.png
合窳,动物,兽名,山海經十八卷,宋淳熙七年（1180）池陽郡齋刻本,"其狀如彘,人靣,黄身,赤尾,其音如嬰兒,食人,食蟲蛇,",prompt: 一只名为合窳的神兽，其形状如同野猪，但拥有人类的脸庞，身体呈黄色，尾巴为红色。它的叫声如同婴儿啼哭。它以人类和虫蛇为食。请用古代插画风格和传统中国美学的彩色水墨风格绘制这幅画面，背景可以是古老的山林或神秘的洞穴，色调偏暗，营造出一种神秘而略带恐怖的氛围。,动物\兽名\合窳.png
毫彘,动物,兽名,山海經十八卷,宋淳熙七年（1180）池陽郡齋刻本,"其狀如豚,白毛大如䈂,黒端,",prompt: 毫彘，一种古老的神兽，其状如豚，身披洁白的毛发，体型庞大如同古代的竹制容器䈂。其四肢和尾巴末端为黑色，形成鲜明对比。请参考古代插画风格和传统中国美学的彩色水墨风格，绘制出毫彘在山林间悠闲漫步的场景，背景可以是幽静的山谷或古木参天的森林，整体色调以淡雅为主，突出毫彘的独特形象和神秘气质。,动物\兽名\毫彘.png
頡,动物,兽名,山海經十八卷,宋淳熙七年（1180）池陽郡齋刻本,,prompt: 一只来自《山海经》的神秘兽名頡，体态矫健，毛色斑斓，四肢强健有力，眼神锐利。它身长数尺，有着类似虎豹的身躯，但其背部和尾巴上覆盖着五彩斑斓的羽毛，宛如孔雀开屏般绚丽夺目。頡的头部形状独特，似龙非龙，头顶有两只弯曲的角，角尖处散发着淡淡的光芒。背景为中国古代山水画风格，远处是层峦叠嶂的山脉，近处则是潺潺流水和茂密的森林，整个画面以传统中国美学的彩色水墨风格呈现。,动物\兽名\頡.png
狡,动物,兽名,山海經十八卷,宋淳熙七年（1180）池陽郡齋刻本,"其狀如犬,豹文,其角如牛,其音如𠯈犬,",prompt: 一只外形似犬的神兽，身上覆盖着豹纹般的斑点，头顶长有牛角，其叫声如同狗吠。请以古代插画风格和传统中国美学的彩色水墨风格描绘这只名为狡的神兽。背景可以是山林或者古朴的自然环境，体现出神秘而古老的气息。,动物\兽名\狡.png
麖,动物,兽名,山海經十八卷,宋淳熙七年（1180）池陽郡齋刻本,,prompt: 古典中国风彩色水墨画，一只神兽名为麖，身形矫健如鹿，毛色斑斓多彩，角似鹿角但更为华丽，身姿轻盈灵动，背景为山林溪流，整体画面充满神秘与自然之美。,动物\兽名\麖.png
麂,动物,兽名,山海經十八卷,宋淳熙七年（1180）池陽郡齋刻本,,prompt: 一只小巧灵动的麂，身姿矫健，毛色呈淡棕色，眼睛明亮有神，站在山林间，背景是茂密的树木和远处的山峦，画面采用传统中国美学的彩色水墨风格，线条流畅，色彩柔和，充满自然和谐之美。,动物\兽名\麂.png
𪊨就,动物,兽名,山海經十八卷,宋淳熙七年（1180）池陽郡齋刻本,,prompt: 一只名为𪊨就的神秘兽类，形象参考古代中国神话中的异兽，身体覆盖着五彩斑斓的鳞片，四肢强健有力，头部似龙，长有两只弯曲的角，眼睛如明珠般明亮。背景为传统中国山水画风格，山峦起伏，云雾缭绕，色彩以水墨为主，点缀少许鲜艳色彩，整体氛围神秘而古朴。,动物\兽名\𪊨就.png
舉父,动物,兽名,山海經十八卷,宋淳熙七年（1180）池陽郡齋刻本,"其狀如禺,文臂,豹虎,善投,",prompt: 举父，兽名，其状如禺，文臂豹虎，善投。请绘制一只形象类似于猴子的神兽，它拥有着斑斓的豹纹手臂，身上覆盖着老虎般的斑纹，展现出一种野性与力量的美感。它的姿态矫健有力，仿佛随时准备投掷手中的石块或武器，展现出其擅长投掷的特点。背景可以是古代山林，采用传统中国彩色水墨风格，色彩丰富而柔和，线条流畅自然，既有古朴的韵味，又不失生动活泼的气息。,动物\兽名\舉父.png
菌狗,动物,兽名,山海經十八卷,宋淳熙七年（1180）池陽郡齋刻本,"青獸,如莬,",prompt：青色的兽类，形似兔子，身体覆盖着柔软的青色毛发，眼睛明亮有神，四肢矫健有力，尾巴短小，整体呈现出一种神秘而灵动的气息，背景为古代山林，风格参考《山海经》中的传统中国美学彩色水墨画。,动物\兽名\菌狗.png
居曁,动物,兽名,山海經十八卷,宋淳熙七年（1180）池陽郡齋刻本,"其狀如彚,赤毛,其音如豚,",prompt: 一只名为居曁的神兽，其形状如同彚（一种古代传说中的野兽），全身覆盖着红色的毛发，叫声像豚。请以传统中国美学的彩色水墨风格绘制，背景为古老的山林，色彩以红、黑、灰为主，营造出神秘而古老的气息。,动物\兽名\居曁.png
精精,动物,兽名,山海經十八卷,宋淳熙七年（1180）池陽郡齋刻本,"其狀如牛,馬尾,其鳴自𠮧,",prompt: 精精，其状如牛，马尾，其鸣自叫。请绘制一只形似牛的神兽，它拥有长长的马尾，身体覆盖着棕色的毛发，眼睛明亮有神。背景为山林间，周围点缀着奇花异草，整体采用传统中国美学的彩色水墨风格，画面古朴而神秘。,动物\兽名\精精.png
白鹿,动物,兽名,山海經十八卷,宋淳熙七年（1180）池陽郡齋刻本,,prompt: 一只白色的鹿，身姿优雅，毛色如雪般洁白无瑕，长有分叉的角，眼神温柔而灵动。背景是幽静的山林，树木葱郁，溪流潺潺，整体画面采用中国传统彩色水墨风格，线条流畅细腻，色彩淡雅清新。,动物\兽名\白鹿.png
白狼,动物,兽名,山海經十八卷,宋淳熙七年（1180）池陽郡齋刻本,,prompt: 一只来自《山海经》的神秘白狼，全身雪白，眼神锐利，立于山林之间，背景为幽静的古代森林，画面采用传统中国彩色水墨风格，色调以青绿和白色为主，营造出一种古老而神秘的氛围。,动物\兽名\白狼.png
吉量,动物,兽名,山海經十八卷,宋淳熙七年（1180）池陽郡齋刻本,"文馬,縞身,朱鬣,目若黄金,乘之壽千歲,",prompt: 吉量，文馬，縞身，朱鬣，目若黄金，乘之壽千歲。请以古代插画风格和传统中国美学的彩色水墨风格绘制，展现吉量洁白如雪的身体，鲜红如火的鬃毛，金色的眼睛闪烁着智慧与神秘的光芒。背景可以是祥云缭绕的仙境，或青山绿水之间，突出其长寿与吉祥的象征意义。,动物\兽名\吉量.png
狙如,动物,兽名,山海經十八卷,宋淳熙七年（1180）池陽郡齋刻本,"其狀如鼣鼠,白耳,白喙,",prompt: 狙如，一种神秘的古代兽类，其形状如同鼣鼠，拥有白色的耳朵和喙。请以传统中国美学的彩色水墨风格描绘，注重表现其独特的白色特征和与鼣鼠相似的形态，背景可以是山林或古朴的自然环境，营造出古老而神秘的氛围。,动物\兽名\狙如.png
九尾狐,动物,兽名,山海經十八卷,宋淳熙七年（1180）池陽郡齋刻本,"其狀如狐,九尾,其音如嬰兒,能食人,",prompt: 九尾狐，其状如狐，拥有九条华丽的尾巴，每一条尾巴都散发着神秘的光芒。它的声音如同婴儿般清脆悦耳，但其实是一个能够吞噬人类的妖怪。请以古代插画风格和传统中国美学的彩色水墨风格描绘，背景为幽暗的森林，月光透过树梢洒下斑驳光影，增添一丝神秘与恐怖的氛围。,动物\兽名\九尾狐.png
夔,动物,兽名,山海經十八卷,宋淳熙七年（1180）池陽郡齋刻本,"狀如牛,蒼身而無角,一足,出入水則必風雨,其光如日月,其聲如雷,黄帝得之以其皮為鼓,",prompt: 一只状如牛的神兽夔，苍蓝色的身体没有角，只有一只脚。它出入水中时必定会带来风雨，其光芒如同日月般耀眼，声音如同雷鸣般震撼。黄帝捕获了夔，并用它的皮制作成鼓。请以古代插画风格和传统中国美学的彩色水墨风格绘制这幅画面，展现夔在水中的威严与神秘感，以及黄帝得夔后制作鼓的场景。背景可以是波涛汹涌的水面，天空中乌云密布，闪电划破天际，突显夔的出现带来的自然力量。,动物\兽名\夔.png
開明獸,动物,兽名,山海經十八卷,宋淳熙七年（1180）池陽郡齋刻本,,prompt: 开明兽，古代神话中的神兽，拥有九个头，每个头上都长有一只眼睛。它守卫着昆仑山的入口，形象威严而神秘。请以传统中国美学的彩色水墨风格绘制，背景为昆仑山的雄伟景象，色彩以青绿山水为主，开明兽的姿态庄重，眼神炯炯有神，体现出其守护者的威严与力量。,动物\兽名\開明獸.png
夔牛,动物,兽名,山海經十八卷,宋淳熙七年（1180）池陽郡齋刻本,,prompt: 一只古代神话中的夔牛，它形似牛但只有一条腿，生活在深山幽谷之中。夔牛体型庞大，毛色漆黑如墨，眼神中透露出威严与神秘。背景为层峦叠嶂的山峰，云雾缭绕，采用传统中国美学的彩色水墨风格绘制，画面充满古老而神秘的气息。,动物\兽名\夔牛.png
閭,动物,兽名,山海經十八卷,宋淳熙七年（1180）池陽郡齋刻本,,prompt: 一只来自《山海经》的神秘野兽閭，它拥有虎豹般的矫健身躯，身上覆盖着斑斓的花纹，四足强健有力。它的头部似虎非虎，眼睛闪烁着智慧的光芒。背景是幽静的山林，古木参天，云雾缭绕，充满神秘气息。整体画面采用传统中国美学的彩色水墨风格，色彩丰富而柔和，线条流畅自然，展现出一种古典与神秘并存的美感。,动物\兽名\閭.png
𤟑,动物,兽名,山海經十八卷,宋淳熙七年（1180）池陽郡齋刻本,"其狀如彚,赤如丹火,",prompt: 一只名为𤟑的神兽，其形状像刺猬，全身赤红如火焰，仿佛燃烧着熊熊烈火。请以古代插画风格和传统中国美学的彩色水墨风格描绘，背景为山林，周围环绕着淡淡的烟雾，增添神秘感。,动物\兽名\𤟑.png
録,动物,兽名,山海經十八卷,宋淳熙七年（1180）池陽郡齋刻本,,prompt: 一只名为録的神秘兽类，其形象参考古代插画风格和传统中国美学的彩色水墨风格。録身披翠绿色鳞片，犹如山林间最鲜亮的绿叶，四足强健有力，脚掌宽大，适合在各种地形上快速奔跑。头部有两根弯曲向后的长角，角尖呈金色，象征着力量与尊贵。眼睛如深邃的碧玉，闪烁着智慧的光芒。尾巴细长，末端有一簇金色的毛发，随风飘扬时如同山间轻盈的云雾。背景为一片茂密的森林，阳光透过树叶洒下斑驳光影，营造出一种神秘而宁静的氛围。,动物\兽名\録.png
狸,动物,兽名,山海經十八卷,宋淳熙七年（1180）池陽郡齋刻本,,prompt: 一只古朴的狸，体态矫健，毛色斑斓，眼神灵动。它栖息在山林间，周围是茂密的树木和奇花异草，背景中隐约可见远山和云雾。画面采用传统中国美学的彩色水墨风格，笔触细腻，色彩淡雅，充满神秘而宁静的氛围。,动物\兽名\狸.png
類,动物,兽名,山海經十八卷,宋淳熙七年（1180）池陽郡齋刻本,"狀如狸,有髦,自爲牝牡,",prompt: 一只形状像狸猫的神秘生物，身上长有长长的鬃毛，自体雌雄同体，呈现出一种古老而神秘的气息。整体采用彩色水墨风格绘制，背景为山林间，色彩以淡雅为主，展现出传统中国美学的韵味。,动物\兽名\類.png
龍,动物,兽名,山海經十八卷,宋淳熙七年（1180）池陽郡齋刻本,,prompt: 中国传统神话中的龙，身姿蜿蜒如蛇，鳞片闪耀着金色光泽，四足强壮有力，爪子锋利如钩，头上有双角，须髯飘逸，眼睛炯炯有神，周身环绕着云雾和水汽，背景为水墨山水画风格的山川河流，色彩以蓝绿为主，辅以金黄点缀，整体画面充满神秘而庄严的气息。,动物\兽名\龍.png
狼,动物,兽名,山海經十八卷,宋淳熙七年（1180）池陽郡齋刻本,,prompt: 一只来自《山海经》的神秘狼兽，毛色如夜幕般深邃，眼神中透露出野性的光芒。它身姿矫健，四足强健有力，尾巴高高翘起，仿佛随时准备跃入森林深处。背景是幽暗而神秘的山林，树木参天，云雾缭绕，整体画面采用传统中国美学的彩色水墨风格，色彩淡雅，线条流畅，充满古风韵味。,动物\兽名\狼.png
鹿,动物,兽名,山海經十八卷,宋淳熙七年（1180）池陽郡齋刻本,,prompt: 一只来自《山海经》中的神鹿，它拥有优雅的姿态和灵动的眼神。它的身体覆盖着淡雅的棕色皮毛，上面点缀着精致的白色斑点。鹿角如同树枝般分叉，呈现出自然界的奇妙与和谐。背景是传统的中国山水画风格，山峦起伏，云雾缭绕，河流潺潺，营造出一种宁静而神秘的氛围。整幅画面采用彩色水墨风格，色彩柔和且富有层次感，展现出中国传统美学的独特魅力。,动物\兽名\鹿.png
麟,动物,兽名,山海經十八卷,宋淳熙七年（1180）池陽郡齋刻本,,prompt：麟，兽名，中国古代传说中的神兽，象征着吉祥和仁慈。其形象为鹿身、牛尾、马蹄，全身覆盖着五彩斑斓的鳞片，头上有独角，眼睛明亮有神。请以彩色水墨风格绘制，展现其温顺而威严的气质，背景可加入祥云、古木等元素，营造出神秘而和谐的氛围。,动物\兽名\麟.png
麢,动物,兽名,山海經十八卷,宋淳熙七年（1180）池陽郡齋刻本,,prompt: 古典水墨风格的麢兽，形象为鹿身马尾，四蹄生风，灵动跃于山林之间，背景是《山海经》中描述的幽深古木和奇花异草，色彩以淡雅的青绿为主，辅以柔和的墨色勾勒，展现出一种神秘而宁静的自然之美。,动物\兽名\麢.png
獜,动物,兽名,山海經十八卷,宋淳熙七年（1180）池陽郡齋刻本,"其狀如犬,虎爪,有甲,善駚坌,",prompt: 一只名为獜的神兽，其形状像犬，拥有虎爪和坚硬的甲壳，擅长在尘土中奔跑。画面采用彩色水墨风格，背景为古代山林，獜在尘土飞扬中疾驰，展现出其矫健的身姿。,动物\兽名\獜.png
蠪蚳,动物,兽名,山海經十八卷,宋淳熙七年（1180）池陽郡齋刻本,"其狀如彘,有角,其音如號,",prompt: 一只形如野猪的神兽，名为蠪蚳，其头部生有锐利的双角，体态健硕，毛色斑斓。它发出的声音如同号角般响亮，回荡在山林之间。画面采用传统中国美学的彩色水墨风格，背景为幽深的山林，古木参天，云雾缭绕，增添神秘氛围。,动物\兽名\蠪蚳.png
領胡,动物,兽名,山海經十八卷,宋淳熙七年（1180）池陽郡齋刻本,"其狀如牛而赤尾,其頸𦜜,其狀如勾瞿,其鳴自詨,",prompt: 一只名为領胡的神兽，其形状如同牛一般，但尾巴却是鲜艳的红色。它的脖子弯曲如勾瞿（一种古代乐器），叫声独特，仿佛在呼唤自己的名字。请以传统中国美学的彩色水墨风格描绘，参考古代插画中的神兽形象，展现其神秘而庄严的气质。,动物\兽名\領胡.png
𩣡馬,动物,兽名,山海經十八卷,宋淳熙七年（1180）池陽郡齋刻本,"牛尾,白身,一角,其音如呼,",prompt: 𩣡馬，一种神秘的兽类，拥有牛尾，全身洁白如雪，头顶生有一角。其声音如同呼唤，悠扬而神秘。请以古代插画风格和传统中国美学的彩色水墨风格描绘此兽，背景可为山林或云雾缭绕的仙境，色彩淡雅，线条流畅，展现其独特的神韵。,动物\兽名\𩣡馬.png
白馬,动物,兽名,山海經十八卷,宋淳熙七年（1180）池陽郡齋刻本,,prompt: 一匹白色的骏马，身姿矫健，毛发如雪般洁白无瑕，四蹄轻盈，仿佛能在云中奔跑。背景为古典山水画风格，山峦起伏，云雾缭绕，远处有古木参天，溪流潺潺。整体色调以淡雅的水墨为主，辅以少量鲜艳色彩点缀，展现出一种宁静而神秘的氛围。,动物\兽名\白馬.png
白犬,动物,兽名,山海經十八卷,宋淳熙七年（1180）池陽郡齋刻本,,prompt: 一只白色的神犬，身姿矫健，毛发如雪般洁白无瑕，眼神中透露出智慧与忠诚。背景为古代山林，树木葱郁，溪流潺潺，采用传统中国美学的彩色水墨风格绘制，画面充满神秘与宁静之美。,动物\兽名\白犬.png
猎猎,动物,兽名,山海經十八卷,宋淳熙七年（1180）池陽郡齋刻本,"黒蟲,如熊狀,",prompt: 一只名为猎猎的兽，形如黑虫，身体庞大如同熊状，全身覆盖着漆黑的鳞片，在幽暗的森林中若隐若现。背景为古老的山林，树木参天，藤蔓缠绕，充满神秘氛围。采用传统中国美学的彩色水墨风格，画面色彩以深邃的墨色为主，辅以淡雅的绿色和棕色，营造出一种古老而神秘的感觉。,动物\兽名\猎猎.png
軨軨,动物,兽名,山海經十八卷,宋淳熙七年（1180）池陽郡齋刻本,"其狀如牛,虎文,其音如欽,其鳴自叫,",prompt: 一只形状像牛的神兽，身上有虎斑纹，声音如同敲击金属发出的声音，它鸣叫时仿佛在呼唤自己的名字。请用古代插画风格和传统中国美学的彩色水墨风格描绘这只神兽軨軨。背景可以是山林或古朴的自然环境，色彩以淡雅为主，注重展现其神秘而威严的气质。,动物\兽名\軨軨.png
榴榴,动物,兽名,山海經十八卷,宋淳熙七年（1180）池陽郡齋刻本,,prompt: 古代神兽榴榴，形象参考《山海经》中的异兽，身体呈橙红色，形似小鹿，长有尖锐的双角，四肢健壮有力，尾巴蓬松如火焰。背景为山水画风格的幽静山谷，画面色彩以传统中国水墨画为主，点缀鲜艳的橙红色，营造出神秘而祥和的氛围。,动物\兽名\榴榴.png
狸力,动物,兽名,山海經十八卷,宋淳熙七年（1180）池陽郡齋刻本,"其狀如豚,有距,其音如狗吠,",prompt：一只外形像豚的神兽，名为狸力，其身体覆盖着细腻的短毛，呈现出淡棕色与白色相间的花纹。它拥有独特的特征——一对锋利的鸡距，位于后腿上，仿佛随时准备跳跃或攻击。狸力的眼睛明亮而有神，透露出机警和智慧。当它发出声音时，宛如狗吠般响亮且有力，回荡在山林之间。整个画面采用传统中国美学的彩色水墨风格，背景是幽静的山林，树木苍翠，溪流潺潺，增添了一种神秘而宁静的氛围。,动物\兽名\狸力.png
羅羅,动物,兽名,山海經十八卷,宋淳熙七年（1180）池陽郡齋刻本,"狀如虎,",prompt: 一只状如虎的神秘兽类，名为羅羅，拥有斑斓的皮毛和锐利的眼神，四肢强健有力，尾巴长而有力，背景为幽静的山林，采用传统中国美学的彩色水墨风格绘制。,动物\兽名\羅羅.png
留牛,动物,兽名,山海經十八卷,宋淳熙七年（1180）池陽郡齋刻本,,prompt: 一只留牛，古代神话中的奇异兽类，体态健硕如牛，但头部有独特的角状结构，身上覆盖着斑斓的鳞片，尾巴长而有力。它站立在一片神秘的山林之中，周围环绕着古老的树木和奇异的花草，画面采用传统中国美学的彩色水墨风格，色彩丰富而柔和，展现出一种古朴而神秘的气息。,动物\兽名\留牛.png
犂牛,动物,兽名,山海經十八卷,宋淳熙七年（1180）池陽郡齋刻本,,prompt: 一只古老的犂牛，体型庞大而健壮，毛色为深棕色，四蹄有力，头部有两只弯曲的长角，眼神温和而智慧。背景为中国古代山水，山峦起伏，云雾缭绕，画面采用传统中国彩色水墨风格，线条流畅，色彩淡雅，充满神秘与古朴的气息。,动物\兽名\犂牛.png
梁渠,动物,兽名,山海經十八卷,宋淳熙七年（1180）池陽郡齋刻本,"其狀如狸,白首,虎爪,",prompt: 梁渠，其状如狸，白首虎爪，体态矫健，毛色斑斓。背景为山林之间，古木参天，云雾缭绕。画面采用传统中国美学的彩色水墨风格，笔触细腻，色彩淡雅，充满神秘而古老的氛围。,动物\兽名\梁渠.png
鹿蜀,动物,兽名,山海經十八卷,宋淳熙七年（1180）池陽郡齋刻本,"其狀如馬,白首,其文如虎,赤尾,其音如謡,",prompt: 一只鹿蜀，其状如马，白首，身上有虎纹，赤尾，发出如同歌谣般的声音。请以古代插画风格和传统中国美学的彩色水墨风格描绘，注重表现其独特的花纹和色彩对比，背景可以是山林或草原，营造出神秘而古朴的氛围。,动物\兽名\鹿蜀.png
雷獸,动物,兽名,山海經十八卷,宋淳熙七年（1180）池陽郡齋刻本,,prompt: 中国传统彩色水墨风格，雷兽，古代神话中的神秘生物，身体庞大，毛发如云，双眼闪烁着电光，四蹄踏出雷鸣之声，周身环绕着闪电和云雾，背景为山海经中描绘的古老山脉和天空，充满神秘与威严。,动物\兽名\雷獸.png
蠪姪,动物,兽名,山海經十八卷,宋淳熙七年（1180）池陽郡齋刻本,"其狀如狐,九尾,九首,虎爪,其音如嬰兒,食人,",prompt: 一只名为蠪姪的神兽，其状如狐，拥有九条尾巴和九个头颅，每个头颅上的眼睛都闪烁着狡黠的光芒。它的爪子如同老虎般锋利有力，能够轻易撕裂猎物。蠪姪发出的声音如同婴儿哭泣，充满了诡异与诱惑。它潜伏在深山密林中，以食人为生。画面采用传统中国美学的彩色水墨风格，背景是幽暗的森林，月光透过树梢洒下斑驳的光影，增添了一丝神秘与恐怖的气息。,动物\兽名\蠪姪.png
馬,动物,兽名,山海經十八卷,宋淳熙七年（1180）池陽郡齋刻本,,prompt: 中国传统水墨画风格的马，形象生动，姿态矫健，鬃毛飘逸，四蹄生风，背景为山川河流，色彩淡雅，充满古典韵味。,动物\兽名\馬.png
膜,动物,兽名,山海經十八卷,宋淳熙七年（1180）池陽郡齋刻本,,prompt: 一只神秘的古代兽类，名为膜。其形象来源于《山海经》中的记载，身体覆盖着半透明的薄膜，仿佛能够隐形于空气中。膜的四肢修长有力，能够在空中轻盈地滑翔。头部有一对尖锐的角，眼睛明亮有神。整体呈现出一种幽幻而神秘的气息，背景为淡雅的水墨山水，色彩以青绿为主，点缀些许金黄，展现出传统中国美学的韵味。,动物\兽名\膜.png
麋,动物,兽名,山海經十八卷,宋淳熙七年（1180）池陽郡齋刻本,,prompt: 一只来自《山海经》的神秘麋鹿，它拥有着鹿的身体和马的尾巴，身上的毛皮呈现出深棕色与浅黄色交织的美丽花纹。它的角巨大而分叉，仿佛是古树枝丫般盘旋向上，每根分叉上都挂着几片翠绿的叶子。背景是一片幽静的森林，树木葱郁，溪流潺潺，远处有淡淡的云雾缭绕，营造出一种神秘而又宁静的氛围。整体风格参考古代插画，采用传统中国美学的彩色水墨风格，画面色彩以淡雅为主，线条流畅细腻。,动物\兽名\麋.png
𤛎,动物,兽名,山海經十八卷,宋淳熙七年（1180）池陽郡齋刻本,"其狀如牛,蒼黒,大目,",prompt: 一只名为𤛎的神兽，其形状像牛，身体呈现苍黑色，眼睛特别大。请用古代插画风格和传统中国美学的彩色水墨风格描绘这只神兽，注重表现其神秘而威严的气息。背景可以是山林或古老的神话场景，以增强其传说色彩。,动物\兽名\𤛎.png
蝐,动物,兽名,山海經十八卷,宋淳熙七年（1180）池陽郡齋刻本,,prompt: 一只名为蝐的神兽，体态矫健，身披斑斓的鳞甲，形似麒麟但更为灵动。其头部有独角，双眼炯炯有神，四肢强健有力，尾巴修长而带有火焰般的纹路。背景为山川云雾缭绕，古木参天，色彩以传统中国水墨风格为主，辅以淡雅的彩色渲染，展现出神秘而庄严的氛围。,动物\兽名\蝐.png
猛豹,动物,兽名,山海經十八卷,宋淳熙七年（1180）池陽郡齋刻本,,prompt: 一只名为猛豹的神兽，体态矫健，毛色斑斓，眼神锐利。它在山林间奔跑，四周是茂密的古木和奇花异草。画面采用传统中国彩色水墨风格，背景为《山海经》中描绘的神秘山川，色彩丰富而柔和，线条流畅，展现出古代插画的韵味。,动物\兽名\猛豹.png
馬腹,动物,兽名,山海經十八卷,宋淳熙七年（1180）池陽郡齋刻本,"其狀如人靣,虎身,其音如嬰兒,是食人,",prompt: 馬腹，其狀如人面虎身，其音如嬰兒，是食人之獸。请以古代插画风格和传统中国美学的彩色水墨风格描绘这一神话生物。马腹拥有人类的面孔，但身体却是猛虎般强壮，毛色斑斓，眼神中透露出凶猛与狡黠。背景可以设置在幽暗的山林间，四周弥漫着淡淡的雾气，增添神秘感。,动物\兽名\馬腹.png
孟槐,动物,兽名,山海經十八卷,宋淳熙七年（1180）池陽郡齋刻本,"其狀如貆,赤豪,其音如榴榴,",prompt: 一只外形类似獾的神兽孟槐，全身覆盖着浓密的红棕色毛发，其中夹杂着鲜艳的红色条纹。它的眼睛明亮而有神，耳朵尖而立起，尾巴蓬松且长。孟槐站在一片茂密的山林中，周围是古老的树木和奇花异草，背景是起伏的山脉和云雾缭绕的天空。它的声音如同榴榴声，清脆悦耳，充满神秘感。整体画面采用传统中国美学的彩色水墨风格，线条流畅，色彩丰富而和谐。,动物\兽名\孟槐.png
孟極,动物,兽名,山海經十八卷,宋淳熙七年（1180）池陽郡齋刻本,"其狀如豹,文題白身,善伏,其鳴自呼,",prompt: 孟極，其狀如豹，文題白身，善伏，其鳴自呼。请绘制一只形似豹子的神兽孟極，它的身体为白色，身上有斑纹，善于潜伏，叫声如同呼唤自己的名字。采用古代插画风格和传统中国美学的彩色水墨风格，背景可以是山林或幽谷，突出孟極神秘而优雅的气质。,动物\兽名\孟極.png
旄馬,动物,兽名,山海經十八卷,宋淳熙七年（1180）池陽郡齋刻本,"其狀如馬,四節有毛,在巴蛇西北,高山南,",prompt: 旄馬，其状如马，四节有毛，位于巴蛇西北，高山之南。请绘制一匹外形类似马的神秘生物，全身覆盖着浓密的长毛，尤其在四肢关节处更为明显。背景为高山和蜿蜒的山脉，远处隐约可见一条巨大的巴蛇。整体风格参考古代插画和传统中国美学的彩色水墨风格，色调以淡雅为主，强调自然与神秘氛围。,动物\兽名\旄馬.png
犛牛,动物,兽名,山海經十八卷,宋淳熙七年（1180）池陽郡齋刻本,,prompt: 一只来自《山海经》的犛牛，体型庞大，毛色灰黑，长有弯曲的双角，四蹄强健有力，眼神中透露出野性的光芒。背景是古朴的山水，采用传统中国美学的彩色水墨风格，画面中融入了古代插画的元素，展现出一种神秘而古老的氛围。,动物\兽名\犛牛.png
旄牛,动物,兽名,山海經十八卷,宋淳熙七年（1180）池陽郡齋刻本,,prompt: 旄牛，一种古老的神兽，体形庞大，毛色斑斓，头上有长长的角，角上缠绕着五彩的丝带。它栖息在深山之中，是吉祥和力量的象征。请以古代插画风格和传统中国美学的彩色水墨风格描绘，背景为幽静的山林，色彩以青绿为主，点缀以金色和红色，营造出神秘而庄严的氛围。,动物\兽名\旄牛.png
㸲牛,动物,兽名,山海經十八卷,宋淳熙七年（1180）池陽郡齋刻本,,prompt: 一只神兽㸲牛，体型庞大，毛色斑斓多彩，头上有两只弯曲的长角，眼神温和而深邃。它站立在一片古老森林中，周围环绕着奇花异草，背景是山峦起伏的远古山脉，画面采用传统中国美学的彩色水墨风格，色彩丰富而柔和，线条流畅自然，充满神秘与宁静之美。,动物\兽名\㸲牛.png
牛,动物,兽名,山海經十八卷,宋淳熙七年（1180）池陽郡齋刻本,,prompt: 中国传统水墨风格的牛，体态健壮，毛色为深棕色，眼神温顺而坚定，背景为山川河流，画面充满宁静和谐的气息，体现出古代农耕文化中牛的重要地位。,动物\兽名\牛.png
㔮,动物,兽名,山海經十八卷,宋淳熙七年（1180）池陽郡齋刻本,"其狀如𤠢鼠,文題,",prompt: 一只形似大鼠的神兽，名为㔮，身体覆盖着精致而复杂的花纹，头部有独特的文题装饰，整体呈现出传统中国美学的彩色水墨风格，背景为山海经中的奇幻山水。,动物\兽名\㔮.png
那父,动物,兽名,山海經十八卷,宋淳熙七年（1180）池陽郡齋刻本,"其狀如牛,白尾,其音如䚯,",prompt: 一只形如牛的神兽，名为那父，其尾为白色，声音如同䚯鸟。请以古代插画风格和传统中国美学的彩色水墨风格描绘，注重表现其独特的白尾特征以及神秘的气质。背景可设置在一片古朴幽静的山林之中，增添几分神秘与宁静之感。,动物\兽名\那父.png
獳犬,动物,兽名,山海經十八卷,宋淳熙七年（1180）池陽郡齋刻本,,prompt: 一只古代神话中的獳犬，它拥有狮子般的鬃毛和虎豹般斑斓的皮毛，体型庞大而威猛，眼神锐利如鹰。背景是山林之间，四周云雾缭绕，古树参天，整个画面采用传统中国彩色水墨画风格，色彩浓郁且富有层次感。,动物\兽名\獳犬.png
羆,动物,兽名,山海經十八卷,宋淳熙七年（1180）池陽郡齋刻本,,prompt: 一只巨大的羆兽，体型庞大如熊，毛色深棕，眼神凶猛，四肢粗壮有力，站立在山林之间，背景是连绵的山脉和茂密的森林，画面采用传统中国美学的彩色水墨风格，线条流畅，色彩淡雅。,动物\兽名\羆.png
僕牛,动物,兽名,山海經十八卷,宋淳熙七年（1180）池陽郡齋刻本,,prompt: 一只名为僕牛的古老神兽，形象参考古代插画风格，具有强壮的身体和弯曲的牛角，身体覆盖着浓密的毛发，眼神温和而坚定，背景为山林溪流，整体画面采用传统中国美学的彩色水墨风格。,动物\兽名\僕牛.png
屏蓬,动物,兽名,山海經十八卷,宋淳熙七年（1180）池陽郡齋刻本,"左右有首,",prompt: 屏蓬，兽名，左右有首，形象为一只拥有两个头的神秘怪兽，每个头都长着锋利的獠牙和炯炯有神的眼睛。身体覆盖着青色鳞片，四肢粗壮有力，尾巴细长而灵活。背景为中国古代山水，山峦起伏，云雾缭绕，画面采用传统中国美学的彩色水墨风格，色彩淡雅，线条流畅。,动物\兽名\屏蓬.png
牝豚,动物,兽名,山海經十八卷,宋淳熙七年（1180）池陽郡齋刻本,,prompt: 彩色水墨风格的牝豚，体态丰腴，毛色光泽，四肢短小而有力，头部圆润，眼神温顺，周围环绕着山林与溪流，背景为古典山水画风，画面中透露出一种宁静和谐的氛围。,动物\兽名\牝豚.png
狍鴞,动物,兽名,山海經十八卷,宋淳熙七年（1180）池陽郡齋刻本,"其狀如羊身,人面,其目在腋下,虎齒人爪,其音如嬰兒,食人,","prompt: 狍鴞，其狀如羊身,人面,其目在腋下,虎齒人爪,其音如嬰兒,食人。请以古代插画风格和传统中国美学的彩色水墨风格描绘此兽。它拥有羊的身体，人脸，眼睛长在腋下，牙齿像老虎一样锋利，爪子像人类的手掌。它的叫声像婴儿哭泣，是一种会吃人的怪兽。背景可以是山林或者荒野，色调以淡雅为主，营造出神秘而古老的氛围。",动物\兽名\狍鴞.png
欽,动物,兽名,山海經十八卷,宋淳熙七年（1180）池陽郡齋刻本,,prompt: 中国传统水墨风格，兽名欽，形态似鹿而有角，身披五彩斑斓的鳞片，四蹄生风，奔跑于山林之间，背景为远古时期的原始森林，树木茂密，云雾缭绕，色彩以青绿为主，点缀金色和红色，画面充满神秘与灵动。,动物\兽名\欽.png
𠯈犬,动物,兽名,山海經十八卷,宋淳熙七年（1180）池陽郡齋刻本,,prompt: 一只神秘的古兽，名为𠯈犬，体态似犬而庞大，毛色斑斓如同山间云雾变幻，眼睛闪烁着幽深的光芒。背景为古代山水画风格，四周环绕着古老的树木和蜿蜒的小溪，整体色调以淡雅的水墨为主，点缀以鲜艳的色彩，展现出传统中国美学的独特韵味。,动物\兽名\𠯈犬.png
䑏䟽,动物,兽名,山海經十八卷,宋淳熙七年（1180）池陽郡齋刻本,"其狀如馬,一角有錯,",prompt: 䑏䟽，兽名，其状如马，一角有错。请绘制一只外形似马的神秘生物，它拥有一只独特的角，角上有着类似锯齿或分叉的结构。整体形象应融合古代神话中的奇幻元素，色彩上采用传统中国美学的彩色水墨风格，背景可以是山林或云雾缭绕的仙境，展现出一种古老而神秘的氛围。,动物\兽名\䑏䟽.png
犬,动物,兽名,山海經十八卷,宋淳熙七年（1180）池陽郡齋刻本,,prompt: 一只古代神话中的犬，身体矫健，毛色如夜般深邃，眼神锐利有神，背景为幽静的山林，整体风格参考古代插画和传统中国美学的彩色水墨风格。,动物\兽名\犬.png
青馬,动物,兽名,山海經十八卷,宋淳熙七年（1180）池陽郡齋刻本,,prompt: 一只传说中的青马，全身覆盖着深邃的青色毛发，在阳光下闪烁着淡淡的光泽。它的眼睛明亮而有神，四肢强健有力，姿态优雅地站立在一片古老的森林中，周围环绕着神秘的雾气和奇异的山石。背景是典型的中国山水画风格，远处的山峦若隐若现，近处的树木和花草以细腻的水墨笔触描绘，整体色调柔和且富有诗意。,动物\兽名\青馬.png
蛩蛩,动物,兽名,山海經十八卷,宋淳熙七年（1180）池陽郡齋刻本,"狀如馬,",prompt: 一只状如马的神兽蛩蛩，体态健硕，四肢修长有力，毛色如同深邃夜空中的星辰点点，闪烁着神秘光芒。其头部有着马的特征，但额头上有一对小巧而精致的角，仿佛是夜空中最亮的星。背景为古典中国山水画风格，山峦起伏，云雾缭绕，增添几分仙气。整体色彩以淡雅水墨为主，辅以金色点缀，展现出传统中国美学的魅力。,动物\兽名\蛩蛩.png
白犀,动物,兽名,山海經十八卷,宋淳熙七年（1180）池陽郡齋刻本,,prompt: 一只神秘的白犀，全身覆盖着雪白的毛发，在山林间悠然自得地行走。它的体型庞大而健壮，长有粗壮的独角，眼神温和而深邃。背景是《山海经》中的奇幻山水，山峦起伏，云雾缭绕，树木苍翠。整体画面采用传统中国美学的彩色水墨风格，色彩淡雅，线条流畅。,动物\兽名\白犀.png
白猿,动物,兽名,山海經十八卷,宋淳熙七年（1180）池陽郡齋刻本,,prompt: 一只白猿，全身雪白，毛发如云，眼神灵动，身姿矫健，栖息于幽静的山林之中，背景为苍翠的古木和缭绕的云雾，画面采用传统中国美学的彩色水墨风格，笔触细腻，色彩淡雅。,动物\兽名\白猿.png
窮竒,动物,兽名,山海經十八卷,宋淳熙七年（1180）池陽郡齋刻本,"其狀如牛,蝐毛,音如獔狗,是食人,",prompt: 一只形如牛的神兽，名为窮竒，全身覆盖着如同蝐毛般的细密长毛，毛色深沉而神秘。其眼神锐利，透露出一种凶猛的气息，口中发出类似獔狗的低沉吼声。窮竒身形庞大，肌肉线条分明，四肢粗壮有力，尾巴长而有力地摆动。背景为古代山林，树木苍翠，云雾缭绕，营造出一种神秘而古老的氛围。整体风格参考古代插画和传统中国美学的彩色水墨风格，色彩以深蓝、墨绿、暗红为主，细节精致，富有层次感。,动物\兽名\窮竒.png
羬羊,动物,兽名,山海經十八卷,宋淳熙七年（1180）池陽郡齋刻本,"其狀如羊,馬尾,",prompt: 一只形状如羊的神兽，拥有马的尾巴，毛色为淡棕色，眼神温和而神秘，背景是古代山水画风格的山林，整体色调柔和，采用传统中国美学的彩色水墨风格绘制。,动物\兽名\羬羊.png
䴦,动物,兽名,山海經十八卷,宋淳熙七年（1180）池陽郡齋刻本,"其狀如貉,人目,",prompt: 一只形似貉的神秘兽类，名为䴦，其眼睛如同人类的眼睛一般炯炯有神，透露出智慧与灵性。整体毛色呈现深棕色，带有淡淡的金色光泽，四肢短而有力，尾巴蓬松。背景为山林间的古朴景色，树木苍翠，雾气缭绕，充满神秘感。画风采用传统中国彩色水墨风格，线条流畅细腻，色彩柔和且富有层次感。,动物\兽名\䴦.png
（長留之山）獸,动物,兽名,山海經十八卷,宋淳熙七年（1180）池陽郡齋刻本,"皆文尾,",prompt: 一只长留之山的神秘兽，其尾部布满绚丽的彩色花纹，尾巴如同孔雀开屏般美丽。整体形象结合了古代插画风格和传统中国美学的彩色水墨风格，背景为幽静的山林，画面充满神秘与宁静之美。,动物\兽名\（長留之山）獸.png
豕,动物,兽名,山海經十八卷,宋淳熙七年（1180）池陽郡齋刻本,,prompt: 一只巨大的野猪，体型庞大，毛色深黑，獠牙锋利，眼神凶猛，背景为山林，采用传统中国彩色水墨风格绘制，线条流畅，色彩淡雅，画面中充满神秘的远古气息。,动物\兽名\豕.png
鼠,动物,兽名,山海經十八卷,宋淳熙七年（1180）池陽郡齋刻本,,prompt: 一只小巧灵活的老鼠，毛色灰白相间，眼睛圆而有神，长着一对尖尖的耳朵。它站立在一片古老的山林中，周围是茂密的树木和奇花异草，背景中隐约可见山峦起伏。画面采用传统中国美学的彩色水墨风格，笔触细腻，色彩淡雅，展现出一种宁静和谐的自然之美。,动物\兽名\鼠.png
山𤟤,动物,兽名,山海經十八卷,宋淳熙七年（1180）池陽郡齋刻本,"其狀如犬,人靣,善投,見人則笑,其行如風,",prompt: 一只名为山𤟤的神兽，其状如犬，但拥有人面，擅长投掷物品，见到人会发出笑声，行动迅速如风。请以古代插画风格和传统中国美学的彩色水墨风格描绘，背景为山林之间，色彩以淡雅为主，线条流畅，体现出神秘而古老的氛围。,动物\兽名\山𤟤.png
䑕,动物,兽名,山海經十八卷,宋淳熙七年（1180）池陽郡齋刻本,,prompt: 䑕，古代神话中的神秘兽类，形象为一只有着鹿身、马蹄、牛尾和龙首的奇特生物。其身姿矫健，皮毛呈深棕色，龙首上长有弯曲的双角，眼神炯炯有神。背景为山林之间，古木参天，云雾缭绕，展现出一种幽静而神秘的氛围。画面采用传统中国彩色水墨风格，笔触细腻，色彩淡雅，展现出古代插画的韵味。,动物\兽名\䑕.png
兕,动物,兽名,山海經十八卷,宋淳熙七年（1180）池陽郡齋刻本,,prompt: 一只来自《山海经》的兕，体型庞大如牛，独角弯曲而有力，全身覆盖着厚重的青灰色皮毛，眼神温和却充满力量。背景为远古森林，树木参天，藤蔓缠绕，画面采用传统中国美学的彩色水墨风格，色彩以淡雅为主，线条流畅，展现出一种神秘而古老的氛围。,动物\兽名\兕.png
麝,动物,兽名,山海經十八卷,宋淳熙七年（1180）池陽郡齋刻本,,prompt: 古典中国神话中的麝，兽名，形象为一种体型较小的鹿类动物，具有短而粗壮的四肢和小巧的头部。其最显著特征是雄性麝腹部下方有一对香腺，能分泌珍贵的麝香。画面中，一只雄性麝站立于山林间，周围环绕着茂密的树木和奇花异草，背景为淡雅的水墨山水，色彩以青绿为主，辅以淡淡的赭石色，整体风格古朴典雅，充满传统中国美学韵味。,动物\兽名\麝.png
（犲山）獸,动物,兽名,山海經十八卷,宋淳熙七年（1180）池陽郡齋刻本,"其狀如夸父,彘毛,其音如呼,",prompt: 一只形状如夸父的神兽，身上覆盖着猪一样的毛发，它发出的声音如同人的呼喊。请以传统中国美学的彩色水墨风格绘制，参考古代插画风格，注重表现其神秘与威严。,动物\兽名\（犲山）獸.png
山膏,动物,兽名,山海經十八卷,宋淳熙七年（1180）池陽郡齋刻本,"其狀如逐,赤若丹火,善詈,",prompt: 一只名为山膏的神兽，其状如猪，全身赤红如同燃烧的火焰，擅长诅咒与恶言。请以古代插画风格和传统中国美学的彩色水墨风格描绘，背景为幽暗的山林，突出其凶猛与神秘。,动物\兽名\山膏.png
孰湖,动物,兽名,山海經十八卷,宋淳熙七年（1180）池陽郡齋刻本,"其狀馬身,鳥翼,人面,蛇尾,是好舉人,",prompt: 孰湖，马身鸟翼人面蛇尾的神兽，喜欢举起人类，形象参考古代插画风格和传统中国美学的彩色水墨风格，背景为山林或古战场，色彩以青绿山水为主，突出其神秘与威严。,动物\兽名\孰湖.png
𤜣狼,动物,兽名,山海經十八卷,宋淳熙七年（1180）池陽郡齋刻本,"其狀如狐,白尾,長耳,",prompt: 一只神兽，其状如狐，白尾长耳，毛色斑斓，眼神灵动。背景为山林幽谷，古木参天，云雾缭绕。整体风格参考古代插画，色彩以传统中国美学的彩色水墨为主，线条流畅细腻，充满神秘与古典气息。,动物\兽名\𤜣狼.png
水馬,动物,兽名,山海經十八卷,宋淳熙七年（1180）池陽郡齋刻本,"其狀如馬,文臂,牛尾,其音如呼,",prompt: 一只形似马的神兽，名为水马，其身体健壮，四肢有力，身上覆盖着细腻的毛发。它的前臂上有着独特的纹饰，像是古老的图腾，色彩斑斓且富有神秘感。尾巴则像牛尾一样粗壮有力，末端略带弯曲。水马的眼神中透露出一种深邃与智慧，仿佛能洞察人心。它发出的声音宛如人的呼唤，悠扬而深远。整体画面采用传统中国美学的彩色水墨风格，背景为山水相依的自然景色，增添一份宁静与和谐。,动物\兽名\水馬.png
三青馬,动物,兽名,山海經十八卷,宋淳熙七年（1180）池陽郡齋刻本,,prompt: 三青马，一种传说中的神兽，其身披翠绿色的毛发，在阳光下闪烁着宝石般的光泽。它拥有修长而矫健的身躯，四肢强健有力，蹄子轻盈如风。三青马的眼睛如同深邃的湖水，透露出智慧与神秘。背景是古代山水画风格的山川河流，远处有云雾缭绕的山峰，近处则是葱郁的树林和清澈的小溪。整体画面采用传统中国美学的彩色水墨风格，展现出一种宁静而祥和的氛围。,动物\兽名\三青馬.png
三青獸,动物,兽名,山海經十八卷,宋淳熙七年（1180）池陽郡齋刻本,,prompt: 三青兽，一种神秘的古代神兽，身披青色鳞甲，四肢强健有力，双眼如璀璨星辰，尾巴长而灵活。其形象融合了龙、虎、鹿等动物的特点，展现出威严与灵动并存的美感。画面中，三青兽立于山巅，周围云雾缭绕，背景是壮丽的山川景色，采用传统中国美学的彩色水墨风格，笔触细腻，色彩丰富且和谐，充满神秘与奇幻的气息。,动物\兽名\三青獸.png
狌狌,动物,兽名,山海經十八卷,宋淳熙七年（1180）池陽郡齋刻本,"其狀如禺,白耳,伏行人走,",prompt: 狌狌，其状如禺，白耳，伏行人走，形象为一种半人半兽的神秘生物，身体覆盖着淡棕色的柔软毛发，四肢强健有力，耳朵呈现明显的白色，能够在行走时直立如人，也能以四足快速奔跑。背景为中国古代山林，采用传统中国美学的彩色水墨风格绘制，画面中融入了古老的树木和流动的溪水，营造出一种幽静而神秘的氛围。,动物\兽名\狌狌.png
雙雙,动物,兽名,山海經十八卷,宋淳熙七年（1180）池陽郡齋刻本,"有三青獸相並,",prompt: 三只青色的神兽并排站立，它们体态矫健，毛发如青玉般光滑，眼神中透露出神秘与智慧。背景为古朴的山水画卷，山峦起伏，云雾缭绕，画面采用传统中国彩色水墨风格，色彩淡雅，线条流畅，充满古典韵味。,动物\兽名\雙雙.png
三騅,动物,兽名,山海經十八卷,宋淳熙七年（1180）池陽郡齋刻本,,prompt: 三騅，一种神秘的古代神兽，形象为马身龙首，四蹄生风，能够腾云驾雾。其身躯庞大，肌肉线条流畅有力，全身覆盖着金色的鳞片，在阳光下闪烁着耀眼的光芒。三騅的眼睛如同两颗璀璨的宝石，目光炯炯有神，透露出威严与智慧。背景是山海经中描绘的奇幻山水，云雾缭绕，山峰层峦叠嶂，色彩以传统中国水墨画风格为主，但加入了鲜艳的色彩点缀，使画面更加生动和富有层次感。,动物\兽名\三騅.png
豚,动物,兽名,山海經十八卷,宋淳熙七年（1180）池陽郡齋刻本,,prompt: 古典水墨画风格的豚，体型圆润如猪，毛色为淡棕色，四肢短小而有力，头部略显扁平，鼻孔宽大，眼睛圆而有神，背景为山海经中常见的山水景象，整体画面以淡雅的彩色水墨渲染，充满神秘与古朴之美。,动物\兽名\豚.png
天狗,动物,兽名,山海經十八卷,宋淳熙七年（1180）池陽郡齋刻本,"其狀如狸,白首,音如榴榴,",prompt: 一只形如狸猫的神秘生物，头部为白色，发出榴榴的声音。其身体覆盖着细腻的毛发，四肢矫健有力，眼睛炯炯有神，透露出一种神秘而威严的气息。背景是古老的山林，树木葱郁，云雾缭绕，整体画面采用传统的中国彩色水墨风格，色彩淡雅，线条流畅，展现出一种古朴而典雅的美感。,动物\兽名\天狗.png
土螻,动物,兽名,山海經十八卷,宋淳熙七年（1180）池陽郡齋刻本,"其狀如羊,四角,是食人,",prompt: 土螻，其状如羊，四角，是食人。请绘制一只拥有四个角的神秘生物，外形类似山羊，但体型更为庞大，毛色为深棕色，眼神凶猛而狡猾。四个角弯曲且锐利，分布在头部两侧和额头上方，显得异常凶悍。背景为荒凉的山野，四周弥漫着阴森的气息，土螻正潜伏在草丛中，伺机捕食过往的行人。画面风格参考古代插画，采用传统中国美学的彩色水墨风格，注重线条流畅和色彩对比，营造出一种神秘而恐怖的氛围。,动物\兽名\土螻.png
天馬,动物,兽名,山海經十八卷,宋淳熙七年（1180）池陽郡齋刻本,"狀如白犬,黒頭,見人則飛,其鳴自䚯,",prompt: 一只状如白犬的天马，头部为黑色，见到人会飞翔，叫声如同其名。请以古代插画风格和传统中国美学的彩色水墨风格描绘，背景为山川河流，云雾缭绕，展现出神秘而古老的氛围。,动物\兽名\天馬.png
天犬,动物,兽名,山海經十八卷,宋淳熙七年（1180）池陽郡齋刻本,"赤犬,其所下者有兵,",prompt: 一只赤色的天犬，毛发如火般炽热，眼神锐利，威风凛凛。它站立在云端之上，周围环绕着淡淡的红光，仿佛预示着即将来临的战争。背景是古战场的景象，烽烟四起，士兵们整装待发。画面采用传统中国美学的彩色水墨风格，色彩浓郁而富有层次感，展现出一种神秘而又庄严的氛围。,动物\兽名\天犬.png
蜪犬,动物,兽名,山海經十八卷,宋淳熙七年（1180）池陽郡齋刻本,"如犬青,食人從首始,",prompt: 一只形如犬的神兽，全身青色，目光凶狠，正张开大嘴咬向一个人的头部，背景为山林间，画面采用传统中国彩色水墨风格，线条流畅，色彩鲜明。,动物\兽名\蜪犬.png
豺,动物,兽名,山海經十八卷,宋淳熙七年（1180）池陽郡齋刻本,,prompt: 一只豺，兽名，体态矫健，毛色呈黄褐色，眼睛锐利有神，立于山石之上，背景为古代山水画风格的山林景色，画面采用传统中国美学的彩色水墨风格，笔触细腻，色彩淡雅。,动物\兽名\豺.png
䖪䑕,动物,兽名,山海經十八卷,宋淳熙七年（1180）池陽郡齋刻本,"其狀如鷄,䑕毛,",prompt: 䖪䑕，其状如鸡，身上长有奇异的䑕毛，色彩斑斓，如同彩虹般绚丽。请绘制一只具有传统中国美学风格的彩色水墨画，展现其独特的羽毛和神秘的气息。背景为山林间，周围点缀着奇花异草，画面充满古朴而幽静的氛围。,动物\兽名\䖪䑕.png
