名字,一级类目,二级类目,出处书名,版本,描述,prompt,image_path
文貝,动物,贝,山海經十八卷,宋淳熙七年（1180）池陽郡齋刻本,,prompt: 中国传统美学风格，彩色水墨画，文貝，贝类生物，壳体呈扇形，表面有精致的纹理和色彩斑斓的图案，仿佛古代珍贵的文字雕刻其上，背景为淡雅的山水，整体画面充满神秘与古朴的气息。,动物\贝\文貝.png
黄貝,动物,贝,山海經十八卷,宋淳熙七年（1180）池陽郡齋刻本,,prompt: 黄貝，一种神秘的贝类生物，来自《山海经》中的奇幻世界。其外壳呈现金黄色，带有细腻的纹理和光泽，如同黄金般璀璨夺目。黄貝生活在深海之中，拥有强大的灵力，能够驱邪避凶，保佑平安。在古代插画中，黄貝通常被描绘为一只巨大的金色贝壳，周围环绕着祥云和海水波纹，展现出浓厚的传统中国美学风格。背景采用彩色水墨技法，色彩丰富而柔和，呈现出梦幻般的海底景象。,动物\贝\黄貝.png
美貝,动物,贝,山海經十八卷,宋淳熙七年（1180）池陽郡齋刻本,,prompt: 一只美丽的贝壳，色彩斑斓，表面光滑，形状优雅，带有自然的纹理和光泽。背景为淡雅的水墨山水，整体风格古朴典雅，充满传统中国美学韵味。,动物\贝\美貝.png
蒲盧,动物,贝,山海經十八卷,宋淳熙七年（1180）池陽郡齋刻本,,prompt: 一只古老的贝类生物，名为蒲盧，栖息于深海之中。它的外壳呈现出独特的螺旋形状，色彩斑斓，以青绿、淡蓝和紫罗兰为主色调，壳面上有细腻的纹理，如同古代瓷器上的纹饰。蒲盧在水中缓缓游动，周围环绕着飘逸的水草和珊瑚，背景是幽暗而神秘的海底世界。整体画面采用传统中国美学的彩色水墨风格，注重意境与细节的结合。,动物\贝\蒲盧.png
蜃珧,动物,贝,山海經十八卷,宋淳熙七年（1180）池陽郡齋刻本,,prompt: 一只巨大的蜃珧贝，壳体呈现出斑斓的色彩，如同彩虹般绚烂。壳面光滑而富有光泽，上面点缀着神秘的古文图案。背景是茫茫大海，海浪轻轻拍打着岸边，天空中云雾缭绕，仿佛蜃气所化。整个画面采用传统中国美学的彩色水墨风格，充满神秘与梦幻的气息。,动物\贝\蜃珧.png
