﻿名字,一级类目,二级类目,出处书名,版本,描述,prompt
涂石,自然,矿名,山海經十八卷,宋淳熙七年（1180）池陽郡齋刻本,,prompt: 中国传统彩色水墨风格，涂石矿石，色彩斑斓且带有神秘光泽，周围环绕着古老的山川和森林，画面中隐约可见远古神话中的神兽在山间穿梭，整体氛围充满古老而神秘的气息。
文石,自然,矿名,山海經十八卷,宋淳熙七年（1180）池陽郡齋刻本,,prompt: 一块古老的文石，矿石表面布满了神秘的纹路，如同古代文字般错综复杂。石头呈现出深邃的蓝色和绿色交织的色彩，仿佛蕴含着山海之间的自然之力。背景为一幅淡雅的水墨山水画，石头被放置在一处幽静的山谷之中，周围环绕着淡淡的云雾，远处是连绵起伏的山脉，整个画面充满了古典的诗意与宁静之美。
硊石,自然,矿名,山海經十八卷,宋淳熙七年（1180）池陽郡齋刻本,,prompt: 矿石名为磬石，呈现出深邃的青黑色，表面光滑如镜，带有淡淡的光泽。在古代插画风格和传统中国美学的彩色水墨风格中，磬石被描绘为一块巨大的岩石，周围环绕着云雾缭绕的山峦，石头上隐约可见神秘的符文和古老的图腾，象征着其非凡的力量和历史的沉淀。背景中可以加入一些古树和飞鸟，增添画面的生动感。
文玉石,自然,矿名,山海經十八卷,宋淳熙七年（1180）池陽郡齋刻本,,prompt: 一块散发着柔和光芒的文玉石，其表面纹理如同细腻的云纹，色彩斑斓而温润。石质半透明，内部仿佛有微光流转，呈现出淡淡的青绿色与淡紫色交织的美丽景象。周围环绕着古老的卷轴和古籍，背景为传统的中国山水画风格，远处山峦起伏，近处松柏苍翠，整体氛围宁静而神秘。
錫,自然,矿名,山海經十八卷,宋淳熙七年（1180）池陽郡齋刻本,,prompt: 中国传统水墨画风格，展现古代矿场的锡矿开采场景，画面中可见穿着古装的矿工们在山间挖掘，背景是层峦叠嶂的山脉，前景有几块晶莹剔透的锡矿石，色彩以淡雅为主，点缀着些许鲜艳的颜色，整个画面充满古朴而宁静的气息。
玄䃤,自然,矿名,山海經十八卷,宋淳熙七年（1180）池陽郡齋刻本,,prompt: 中国传统水墨风格，玄䃤矿石，色彩深邃神秘，带有幽蓝色光泽，表面有自然形成的纹路和裂痕，背景为淡雅的山水画，整体氛围宁静而古老，展现出矿石的神秘与珍贵。
琁瑰,自然,矿名,山海經十八卷,宋淳熙七年（1180）池陽郡齋刻本,,prompt: 传统中国美学的彩色水墨风格，描绘一种名为琁瑰的神秘矿石，其色彩斑斓，如同彩虹般绚烂。矿石表面光滑，散发出柔和而神秘的光芒，周围环绕着轻盈的云雾，仿佛隐藏在深山幽谷之中。背景为淡雅的山水画，远处是若隐若现的群山和流水，整体画面充满诗意与宁静之美。
雄黄,自然,矿名,山海經十八卷,宋淳熙七年（1180）池陽郡齋刻本,,prompt: 中国传统矿石雄黄，以彩色水墨风格绘制，石头表面呈现出鲜艳的橙黄色，质地细腻光滑，周围环绕着淡淡的烟雾，仿佛散发着神秘的气息，背景为淡雅的山水画，整体画面充满古朴而神秘的美感。
洗石,自然,矿名,山海經十八卷,宋淳熙七年（1180）池陽郡齋刻本,,prompt: 洗石，一种神秘的矿石，其表面光滑如玉，色彩斑斓，仿佛蕴含着天地间的灵气。在古代神话中，洗石被视为能够净化心灵、洗涤罪孽的圣物。画面中，洗石被放置在清澈的溪流之中，水流轻轻拂过石头表面，反射出五彩斑斓的光芒。周围是茂密的竹林和奇花异草，远处山峦起伏，云雾缭绕，呈现出一幅宁静而祥和的景象。整体风格采用传统中国美学的彩色水墨画风，展现出洗石的神秘与纯净。
玄石,自然,矿名,山海經十八卷,宋淳熙七年（1180）池陽郡齋刻本,,prompt: 一块古老的玄石，散发着幽深的光芒，石头表面有着神秘的纹理和符号，仿佛蕴含着远古的力量。背景是中国古代山水画风格，山峦起伏，云雾缭绕，画面以淡雅的水墨色调为主，点缀着几抹鲜艳的颜色，展现出一种神秘而庄重的氛围。
琁玉,自然,矿名,山海經十八卷,宋淳熙七年（1180）池陽郡齋刻本,,prompt: 一块璀璨夺目的琁玉，散发着柔和而神秘的光芒，其质地温润如玉，色彩斑斓，仿佛蕴含着天地间的灵气。背景为古老的山川景色，远处云雾缭绕，近处溪流潺潺，周围点缀着奇花异草，整幅画面以传统中国彩色水墨风格呈现，展现出一种古典而梦幻的美感。
玄玉,自然,矿名,山海經十八卷,宋淳熙七年（1180）池陽郡齋刻本,,prompt：玄玉，一种神秘而珍贵的矿石，其色泽深邃如夜空，内含星辰般的光泽。在古代传说中，玄玉被视为连接天地的神物，具有强大的灵力。画面中，一块巨大的玄玉矗立在山巅之上，周围云雾缭绕，星光点点，仿佛能感受到其蕴含的神秘力量。整体风格参考古代插画，色彩以深蓝、墨绿为主，辅以金色和银色的点缀，展现出传统中国美学中的彩色水墨风格。
玉,自然,矿名,山海經十八卷,宋淳熙七年（1180）池陽郡齋刻本,,prompt: 一块晶莹剔透的玉矿石，表面光滑细腻，呈现出淡绿色和白色交织的纹理，仿佛蕴含着天地灵气。周围环绕着淡淡的雾气，增添了几分神秘感。背景是中国古代山水画风格，远处有连绵起伏的山脉，近处则是清澈的小溪和翠绿的竹林，整幅画面采用传统中国美学的彩色水墨风格绘制。
瑶,自然,矿名,山海經十八卷,宋淳熙七年（1180）池陽郡齋刻本,,prompt: 中国传统美学风格，彩色水墨画，瑶矿，传说中的神秘宝石，闪耀着七彩光芒，周围环绕着祥云和仙鹤，象征着吉祥和长寿，背景是幽静的山谷，山间流淌着清澈的小溪，远处有古朴的亭台楼阁，画面充满诗意和仙境般的氛围。
銀,自然,矿名,山海經十八卷,宋淳熙七年（1180）池陽郡齋刻本,,prompt: 中国传统水墨风格，银色矿石在山间闪烁，周围环绕着古老的树木和流淌的小溪，画面充满神秘而宁静的氛围，矿石表面细腻光滑，反射出淡淡的月光，整个场景宛如仙境。
礜,自然,矿名,山海經十八卷,宋淳熙七年（1180）池陽郡齋刻本,"白石,",prompt: 一块洁白如雪的石头，表面光滑细腻，散发着淡淡的光芒。石头周围环绕着轻盈的云雾，仿佛置身于仙境之中。背景是淡雅的山水画，山峦起伏，水流潺潺，展现出传统中国美学的彩色水墨风格。
瑶碧,自然,矿名,山海經十八卷,宋淳熙七年（1180）池陽郡齋刻本,,prompt: 瑶碧，一种传说中的神秘矿石，其色彩斑斓如同彩虹般绚烂。在古代神话中，瑶碧被描述为天帝御用的宝物，蕴含着天地间的灵气。请以传统中国美学的彩色水墨风格绘制，画面中瑶碧矿石闪耀着五彩光芒，周围环绕着祥云和仙鹤，背景是宏伟的山川与古老的宫殿，展现出瑶碧矿石的神秘与珍贵。
嬰短之玉,自然,矿名,山海經十八卷,宋淳熙七年（1180）池陽郡齋刻本,,prompt: 中国古代神话中的神秘矿石嬰短之玉，色彩斑斓，散发着柔和的光芒，形状不规则但表面光滑如镜，周围环绕着淡淡的云雾，背景为淡雅的水墨山水画，整体风格融合了传统中国美学与古代插画的特点。
赤金,自然,矿名,山海經十八卷,宋淳熙七年（1180）池陽郡齋刻本,,prompt: 中国传统美学风格，彩色水墨画，赤金矿石，色泽鲜艳如同燃烧的火焰，表面光泽如镜，周围环绕着淡淡的金色光芒，背景为古老的山川景色，远处有祥云缭绕，画面中融入古代神话元素，如神兽或仙人隐现于山林之间，整体氛围神秘而华丽。
玉膏,自然,矿名,山海經十八卷,宋淳熙七年（1180）池陽郡齋刻本,"其原沸沸湯湯,黄帝是食是饗,是生玄玉,玉膏所出以灌丹木,",prompt: 古代神话中的矿名玉膏，其源头沸腾如汤，黄帝以此为食享用，从中生出玄色的玉石。玉膏流淌之处滋养着丹木生长。画面中，黄帝端坐于山巅之上，周围是云雾缭绕的仙境，下方是一条蜿蜒的河流，河中流淌着温热的玉膏，呈现出淡淡的金色光泽。河流两岸长满了茂盛的丹木，枝叶间隐约可见几块未完全形成的玄玉。整个场景采用传统中国美学的彩色水墨风格描绘，色彩以淡雅为主，突出神秘而宁静的氛围。
玉榮,自然,矿名,山海經十八卷,宋淳熙七年（1180）池陽郡齋刻本,,prompt: 一块闪耀着温润光泽的玉石，名为玉榮，其质地细腻如羊脂，色彩纯净而深邃。在古代神话中象征着纯洁与高贵，画面采用传统中国美学的彩色水墨风格，背景为云雾缭绕的山峦，增添神秘氛围。
嬰石,自然,矿名,山海經十八卷,宋淳熙七年（1180）池陽郡齋刻本,,prompt: 古代神话中的神秘矿石嬰石，色彩斑斓如同彩虹般绚丽，表面散发着柔和的光芒，形状不规则但带有自然美感。请以传统中国美学的彩色水墨风格描绘，背景为山海经中描述的奇幻山脉，石头周围环绕着淡淡的雾气，增添神秘氛围。
遺玉,自然,矿名,山海經十八卷,宋淳熙七年（1180）池陽郡齋刻本,,prompt: 传统中国美学的彩色水墨风格，遗玉矿石，色泽温润如玉，表面有细腻的纹理，仿佛蕴含着古老而神秘的力量，周围环绕着淡淡的光晕，背景是山海经中描绘的奇幻山水，矿石被放置在一块古老的石台上，石台上有精致的雕刻，象征着天地间的和谐与平衡。
珚玉,自然,矿名,山海經十八卷,宋淳熙七年（1180）池陽郡齋刻本,,prompt: 《山海经》中的神秘矿石珚玉，其色泽如碧绿的翡翠，带有淡淡的金色光泽。在古代神话中，珚玉被视为珍贵的宝石，象征着纯洁与高贵。画面中，一块巨大的珚玉矗立于山间，周围环绕着祥云和奇花异草，背景是连绵起伏的山脉。整体风格采用传统中国彩色水墨画技法，色彩温润典雅，线条流畅自然，展现出一种古典而神秘的美感。
嬰垣之玉,自然,矿名,山海經十八卷,宋淳熙七年（1180）池陽郡齋刻本,,prompt: 古代神话中的神秘矿石嬰垣之玉，色彩斑斓，犹如彩虹般绚丽，表面有细腻的纹理和光泽，散发出淡淡的光芒。周围环绕着祥云和仙鹤，背景为山水画卷，风格参考传统中国彩色水墨画，画面充满神秘与宁静之美。
茈,自然,矿名,山海經十八卷,宋淳熙七年（1180）池陽郡齋刻本,,prompt: 传统中国美学的彩色水墨风格，古代矿石形象，名为茈的神秘矿石，色彩斑斓，以紫色为主色调，带有深邃的光泽，周围环绕着淡淡的雾气，仿佛蕴含着古老的力量，背景为山海经中的奇幻山水，整体氛围神秘而庄重。
赭,自然,矿名,山海經十八卷,宋淳熙七年（1180）池陽郡齋刻本,,prompt：古代矿石赭，色彩以深红为主，质地坚硬，表面有自然形成的纹理，仿佛大地的脉络。背景为山川河流，风格参考古代插画，采用传统中国美学的彩色水墨技法，画面中点缀着几株古木和奇石，展现出一种神秘而古老的氛围。
茈石,自然,矿名,山海經十八卷,宋淳熙七年（1180）池陽郡齋刻本,,prompt: 《山海经》中的神秘矿石茈石，色彩斑斓如彩虹般绚丽，散发着微弱的光芒。请绘制一块形状奇特、表面光滑的紫色矿石，其上点缀着金色和蓝色的纹理，仿佛蕴含着古老而强大的力量。背景采用中国传统山水画风格，用淡墨勾勒出山川河流，营造出一种神秘而宁静的氛围。
箴石,自然,矿名,山海經十八卷,宋淳熙七年（1180）池陽郡齋刻本,,prompt: 一块古老的箴石，散发着神秘的光芒，石头表面刻有复杂的符文和图案，仿佛蕴含着远古的智慧。背景是幽暗的山洞，周围点缀着奇异的植物和闪烁的矿石。整体采用彩色水墨风格，融合古代插画的特点，展现出一种古老而神秘的氛围。
藻玉,自然,矿名,山海經十八卷,宋淳熙七年（1180）池陽郡齋刻本,,prompt：藻玉，一种神秘的矿石，其色彩斑斓如同深海中的珊瑚与藻类交织而成，散发着幽幽绿光。在古代神话中，它被认为是连接天地的宝物，拥有净化心灵和治愈疾病的力量。请以传统中国美学的彩色水墨风格描绘，画面中藻玉被置于山水之间，周围环绕着轻盈飘渺的云雾，远处是苍翠的山峦和潺潺流水，整体氛围宁静而祥和。
磁石,自然,矿名,山海經十八卷,宋淳熙七年（1180）池陽郡齋刻本,,prompt: 一块古老的磁石，散发着神秘的光芒，周围环绕着淡淡的蓝色光晕。磁石表面布满了细腻的纹理，仿佛记录了千年的历史。背景是中国古代山水画风格，远处是朦胧的山峦和云雾缭绕的景象，近处有几株苍劲的松树。整幅画面采用传统中国美学的彩色水墨风格，色调以淡雅为主，突显出磁石的神秘与古老。
赤石,自然,矿名,山海經十八卷,宋淳熙七年（1180）池陽郡齋刻本,"生欒,",prompt: 一块赤红色的矿石，表面光滑而带有光泽，仿佛内部有火焰在燃烧。矿石周围环绕着淡淡的烟雾，给人一种神秘而古老的感觉。背景是中国古代山水画风格，远处山峦起伏，云雾缭绕，近处是几株苍翠的松树。整幅画面采用传统中国美学的彩色水墨风格，色彩以红、黑、灰为主，充满古朴而典雅的气息。
赤銅,自然,矿名,山海經十八卷,宋淳熙七年（1180）池陽郡齋刻本,,prompt: 中国传统美学风格，彩色水墨画，赤铜矿石，矿石表面呈现出深红色与金色交织的光泽，纹理细腻且富有层次感，周围环绕着古老的山川和云雾，背景中隐约可见古代采矿者的身影，他们手持简陋工具，在山间辛勤工作，画面充满神秘而古老的气息。
赤鍚,自然,矿名,山海經十八卷,宋淳熙七年（1180）池陽郡齋刻本,,prompt: 中国传统山水画风格，赤鍚矿石，色彩鲜艳如同火焰般的红色，矿石表面有金属光泽，纹理细腻且带有自然形成的裂纹，背景为古代山川景色，远处有若隐若现的仙山，近处有清澈的小溪和茂密的松林，整体画面充满神秘与古朴的气息。
蒼玉,自然,矿名,山海經十八卷,宋淳熙七年（1180）池陽郡齋刻本,,prompt: 一块古老的蒼玉矿石，其表面呈现出深邃的蓝色，仿佛蕴含着无尽的宇宙奥秘。矿石纹理细腻，光泽温润如玉，周围环绕着淡淡的蓝光，如同星辰般璀璨。背景是幽静的山林，古木参天，云雾缭绕，营造出一种神秘而宁静的氛围。整体风格参考古代插画和传统中国美学的彩色水墨风格。
赤銀,自然,矿名,山海經十八卷,宋淳熙七年（1180）池陽郡齋刻本,,prompt: 中国古代神话中的赤銀矿石，色彩鲜艳如火，表面光泽熠熠生辉，背景为山海经中描绘的神秘山脉，周围环绕着淡淡的云雾，采用传统中国美学的彩色水墨风格绘制。
丹,自然,矿名,山海經十八卷,宋淳熙七年（1180）池陽郡齋刻本,,prompt: 中国传统美学风格，彩色水墨画，矿石丹，红色光泽，质地坚硬，纹理细腻，形状不规则，表面有自然裂纹，背景为山间岩石，周围点缀着青松和云雾，画面充满神秘的自然气息。
砥,自然,矿名,山海經十八卷,宋淳熙七年（1180）池陽郡齋刻本,,prompt: 中国古代矿石砥，色彩以深褐色为主，质地坚硬细腻，表面有自然的纹理和光泽。背景为传统的中国山水画风格，山峦起伏，云雾缭绕，古木参天，画面整体呈现出一种静谧而神秘的氛围。
丹貨,自然,矿名,山海經十八卷,宋淳熙七年（1180）池陽郡齋刻本,,prompt: 丹貨，一种传说中的神秘矿石，色泽如赤红的火焰，蕴含着古老而强大的力量。画面中，一块巨大的丹貨矿石矗立在山巅之上，周围环绕着缭绕的云雾，矿石表面流光溢彩，仿佛有生命般微微颤动。远处是连绵起伏的山脉，山间古木参天，瀑布飞泻，整个场景充满了神秘与壮丽。采用传统中国美学的彩色水墨风格，细腻描绘出丹貨矿石的独特质感和周围环境的幽静之美。
丹雘,自然,矿名,山海經十八卷,宋淳熙七年（1180）池陽郡齋刻本,,prompt: 丹雘，一种传说中的神秘矿石，色彩鲜艳如同赤霞，质地晶莹剔透。在古代神话中被视为珍贵的宝物，拥有非凡的力量。请以彩色水墨风格描绘一块闪耀着红色光芒的丹雘矿石，周围环绕着祥云与仙鹤，象征其神圣与不凡。背景为幽静的山林，增添几分神秘气息。
碧,自然,矿名,山海經十八卷,宋淳熙七年（1180）池陽郡齋刻本,,prompt: 古典中国风的碧玉矿石，色彩温润如玉，呈现出深邃而清澈的绿色，仿佛蕴含着大自然的灵气。矿石表面有着细腻的纹理，如同山水画中的波纹，透露出一种静谧而神秘的气息。背景以淡雅的水墨画风格呈现，远处山峦若隐若现，云雾缭绕，增添了一种幽远的感觉。
丹粟,自然,矿名,山海經十八卷,宋淳熙七年（1180）池陽郡齋刻本,,prompt: 丹粟矿石，色彩鲜艳如红宝石，表面光滑细腻，散发着温暖的光芒。背景为古代山水画风格，山峦起伏，云雾缭绕，矿石置于山间溪流旁，周围点缀着古朴的树木和奇花异草，画面整体呈现传统中国美学的彩色水墨风格。
帝臺之棋,自然,矿名,山海經十八卷,宋淳熙七年（1180）池陽郡齋刻本,"五色而文,其狀如鶉夘,帝臺之石所以禱百神者也,",prompt: 五色斑斓的帝臺之棋，矿石表面纹理如同鹌鹑蛋壳般细腻多彩，形状宛如一只展翅欲飞的鹌鹑，散发出神秘而庄重的气息。它是古代帝王用来祭祀百神的圣物，画面中，这块矿石被置于祥云之上，周围环绕着各种神灵的形象，整个场景充满了浓厚的神话色彩和传统中国美学的彩色水墨风格。
帝臺之石,自然,矿名,山海經十八卷,宋淳熙七年（1180）池陽郡齋刻本,,prompt: 古代神话中的帝臺之石，矿石散发出神秘的光芒，表面有复杂的纹理和符号，仿佛蕴含着天地间的奥秘。背景为云雾缭绕的山峦，风格参考古代插画和传统中国美学的彩色水墨风格。
堊,自然,矿名,山海經十八卷,宋淳熙七年（1180）池陽郡齋刻本,,prompt: 《山海经》中的矿石堊，呈现出纯净的白色，质地细腻如同白玉。在古代插画风格和传统中国美学的彩色水墨风格中，描绘一块位于山间幽谷中的巨大堊石，周围环绕着翠绿的竹林和清澈的小溪，天空中飘着淡淡的云彩，画面充满宁静和谐之美。
封石,自然,矿名,山海經十八卷,宋淳熙七年（1180）池陽郡齋刻本,,prompt: 封石，矿名，古代传说中的神秘矿石，色彩斑斓如同彩虹般绚丽，质地坚硬胜过钢铁。在AI绘画中，请以传统中国美学的彩色水墨风格呈现，矿石表面细腻光滑，内含微光流转，仿佛蕴含着无尽的力量与秘密。背景可设为幽深的山洞或古老的矿井，增添神秘感。
砆石,自然,矿名,山海經十八卷,宋淳熙七年（1180）池陽郡齋刻本,,prompt: 一块古老的矿石，名为砆石，表面粗糙不平，颜色为深灰色，带有淡淡的蓝色光泽。矿石周围环绕着神秘的符文，仿佛蕴含着古老的力量。背景是中国古代山水画风格，山峦起伏，云雾缭绕，整体呈现出一种幽静而神秘的氛围。
㻬琈之玉,自然,矿名,山海經十八卷,宋淳熙七年（1180）池陽郡齋刻本,,prompt: 古典中国风格的彩色水墨画，描绘了一块神秘而珍贵的矿石——瑭琈之玉。画面中央是一块散发着柔和光芒的玉石，其表面呈现出细腻的纹理和温润的光泽，周围环绕着祥云和古老的符文，象征其非凡的来历与价值。背景以淡雅的山水为衬托，远处山峦若隐若现，增添几分幽远的意境。整幅画面充满了传统美学的气息，展现了中国古代对自然奇珍的敬畏与赞美。
白丹,自然,矿名,山海經十八卷,宋淳熙七年（1180）池陽郡齋刻本,,prompt: 古代神话中的神秘矿石白丹，散发着柔和的白色光芒，表面有细腻的纹理，周围环绕着淡淡的云雾，背景是山海经中描绘的古老山脉和溪流，采用传统中国美学的彩色水墨风格绘制。
𢈦石,自然,矿名,山海經十八卷,宋淳熙七年（1180）池陽郡齋刻本,,prompt: 《山海经》中的神秘矿石“𢈦石”，色彩斑斓，晶莹剔透，散发着柔和的光芒。矿石表面有天然形成的复杂纹理，如同山水画一般，展现出自然界的奇妙与美丽。背景为幽静的山谷，远处是连绵起伏的山脉，近处是清澈的小溪，整体画面采用传统中国美学的彩色水墨风格，富有诗意和意境。
邽石,自然,矿名,山海經十八卷,宋淳熙七年（1180）池陽郡齋刻本,,prompt: 一块古老的邽石，矿石表面散发着淡淡的金色光泽，仿佛蕴含着神秘的力量。背景为古代山水画风格，山峦起伏，云雾缭绕，远处有古建筑若隐若现，整个画面呈现出传统中国美学的彩色水墨风格。
汵石,自然,矿名,山海經十八卷,宋淳熙七年（1180）池陽郡齋刻本,,prompt: 汵石，一种神秘的矿石，色泽深邃如同夜空中的星辰，表面流转着微光。在古代神话中，它被认为是连接天地的灵物，蕴含着无尽的能量。请以传统中国美学的彩色水墨风格描绘，背景为幽静的山谷，山间云雾缭绕，几株古松点缀其间，增添几分仙气。汵石置于画面中央，周围环绕着淡淡的光芒，仿佛是夜空中最亮的星。
黄堊,自然,矿名,山海經十八卷,宋淳熙七年（1180）池陽郡齋刻本,,prompt: 中国传统彩色水墨风格，黄堊矿石，色彩鲜艳的黄色矿物质，质地细腻如同粉末，散落在山间岩石上，周围环绕着古老的松树和云雾缭绕的山谷，展现出一种神秘而宁静的氛围。画面中点缀着几只飞翔的仙鹤，象征着长寿与祥瑞，整个场景充满浓厚的中国古典美学韵味。
白堊,自然,矿名,山海經十八卷,宋淳熙七年（1180）池陽郡齋刻本,,prompt: 古典中国风格的白垩矿石，矿石呈现出纯净的白色，质地细腻如同凝固的月光。背景为淡雅的水墨山水，山峦起伏，云雾缭绕，增添了一种神秘而宁静的氛围。矿石周围点缀着几朵精致的梅花，象征高洁与坚韧。整体画面色彩以淡墨为主，辅以淡淡的青绿和朱红，展现出一种古典而优雅的美感。
黄金,自然,矿名,山海經十八卷,宋淳熙七年（1180）池陽郡齋刻本,,prompt: 中国传统水墨画风格，黄金矿石闪耀着温暖的金色光芒，矿石表面纹理细腻且富有光泽，周围环绕着古老的山川和树木，画面中融入古代采矿场景，矿工们穿着古装手持简陋工具正在开采，背景是层峦叠嶂的山脉，云雾缭绕，展现出一种神秘而古老的气息。
金,自然,矿名,山海經十八卷,宋淳熙七年（1180）池陽郡齋刻本,,prompt: 金矿在山海经中的形象，金色的矿石闪耀着光芒，周围环绕着古老的山脉和茂密的森林，传统中国美学的彩色水墨风格，画面中可以加入古代采矿者和神话中的守护神兽，背景是淡雅的山水景色，整体色调温暖而神秘。
鐻,自然,矿名,山海經十八卷,宋淳熙七年（1180）池陽郡齋刻本,,prompt: 古代矿石鐻，呈现出深邃的青黑色，表面有着细腻的纹理，仿佛蕴含着山川大地的古老秘密。在传统中国美学的彩色水墨风格下，鐻被描绘成一块沉稳而神秘的矿石，周围环绕着淡淡的云雾，背景是远古的山脉和苍松，整个画面充满了宁静与肃穆。
白金,自然,矿名,山海經十八卷,宋淳熙七年（1180）池陽郡齋刻本,,prompt: 一幅描绘古代神话中白金矿石的彩色水墨画，画面中的白金矿石闪耀着银白色的光芒，周围环绕着神秘的云雾，背景是连绵起伏的山脉和古老的森林，整幅画充满传统中国美学的韵味。
瑊石,自然,矿名,山海經十八卷,宋淳熙七年（1180）池陽郡齋刻本,,prompt: 传统中国美学的彩色水墨风格，描绘一块神秘而美丽的瑊石，石头表面光滑细腻，色彩斑斓，如同彩虹般绚烂。石头周围环绕着淡淡的云雾，仿佛来自仙界的宝物。背景是山海经中的奇幻山水，远处有奇峰异石，近处有潺潺流水，画面充满神秘与宁静之美。
瑾瑜之玉,自然,矿名,山海經十八卷,宋淳熙七年（1180）池陽郡齋刻本,"堅粟精宻,濁澤有而光,五色發作,以和柔剛,天地鬼神是食是饗,",prompt：瑾瑜之玉，坚粟精密，色泽温润而光华内敛，五色斑斓交织，如同彩虹般绚烂。此玉质地细腻，光泽柔和，仿佛蕴含天地灵气，能够调和阴阳刚柔，是天地鬼神所享用的珍馐。请以古代插画风格和传统中国美学的彩色水墨风格描绘这块神秘的瑾瑜之玉，展现出其独特的色彩和纹理，以及它在神话传说中的神圣地位。
礪,自然,矿名,山海經十八卷,宋淳熙七年（1180）池陽郡齋刻本,,prompt: 传统中国美学的彩色水墨风格，礪矿石，质地坚硬，色彩斑斓，纹理细腻，形状不规则，表面有光泽，仿佛蕴含着大地的力量，周围环绕着淡淡的光芒，背景为古朴的山水景色，山峦起伏，云雾缭绕，展现出神秘而古老的氛围。
櫨丹,自然,矿名,山海經十八卷,宋淳熙七年（1180）池陽郡齋刻本,,prompt: 传统中国美学彩色水墨风格，描绘一种神秘的矿石櫨丹，矿石呈现出深邃而瑰丽的红色，仿佛蕴含着古老的力量，周围环绕着淡淡的金色光芒，背景是幽静的山谷和古老的树木，增添了几分神秘与宁静。
琅玕,自然,矿名,山海經十八卷,宋淳熙七年（1180）池陽郡齋刻本,,prompt: 中国古代神话中的神秘矿石琅玕，呈现出璀璨的蓝色光泽，仿佛深海中的明珠。画面中，琅玕矿石散落在山间溪流旁，周围环绕着奇异的花草和灵兽，背景是云雾缭绕的群山。整个场景以传统中国水墨风格绘制，色彩丰富而柔和，展现出一种梦幻般的仙境氛围。
白珉,自然,矿名,山海經十八卷,宋淳熙七年（1180）池陽郡齋刻本,,prompt: 传统中国美学彩色水墨风格，白珉矿石，晶莹剔透，散发着柔和的白色光芒，矿石表面有细腻的纹理，周围环绕着淡淡的云雾，背景为古代山水画风格的山峦和流水，画面充满神秘与宁静之美。
冷石,自然,矿名,山海經十八卷,宋淳熙七年（1180）池陽郡齋刻本,,prompt: 一块冰冷的矿石，散发着幽蓝的光芒，表面覆盖着细腻的纹理，仿佛蕴含着神秘的力量。背景为深邃的山洞，周围点缀着古老的符文和奇异的植物。画风参考古代插画风格和传统中国美学的彩色水墨风格。
礨石,自然,矿名,山海經十八卷,宋淳熙七年（1180）池陽郡齋刻本,,prompt: 古代矿石礨石，色彩斑斓如同彩虹，表面有自然形成的纹理，仿佛是山川河流的缩影，周围环绕着淡淡的神秘光芒，背景是中国传统山水画风格，采用彩色水墨技法描绘，画面中隐约可见古代采石工人的身影，整体氛围宁静而神秘。
硌石,自然,矿名,山海經十八卷,宋淳熙七年（1180）池陽郡齋刻本,,prompt：古代神话中的矿石，名为硌石，呈现出深邃的青黑色，表面有如山川河流般的纹理，仿佛蕴含着大地的力量。在传统的中国美学风格下，以彩色水墨的形式描绘，石头周围环绕着淡淡的云雾，透露出神秘而古老的气息。背景是幽静的山谷，远处的山峦若隐若现，增添了几分神秘感。
泠石,自然,矿名,山海經十八卷,宋淳熙七年（1180）池陽郡齋刻本,,prompt: 古代神话中的泠石，一种神秘的矿石，具有冰凉如水的触感。画面中，一块巨大的泠石矗立在幽静的山谷之中，表面光滑如镜，反射着周围环境的倒影。石头内部仿佛有流动的寒气，散发出淡淡的蓝光。周围生长着稀疏的松树和苔藓，增添了一丝清冷的气息。整幅画面采用传统中国水墨风格，色彩以淡雅的蓝色和绿色为主，线条流畅细腻，营造出一种宁静而神秘的氛围。
流赭,自然,矿名,山海經十八卷,宋淳熙七年（1180）池陽郡齋刻本,,prompt：流赭，一种传说中的神秘矿石，色泽如流动的赤红血液，在月光下闪烁着幽暗的光芒。请以古代中国神话为背景，描绘一块流赭矿石置于山间古道旁，周围环绕着古老的树木和奇花异草，画面采用传统中国美学的彩色水墨风格，注重色彩的层次感和光影效果，表现出流赭矿石独特的神秘气质。
珉,自然,矿名,山海經十八卷,宋淳熙七年（1180）池陽郡齋刻本,,prompt：珉，一种美丽的矿石，色彩斑斓且质地温润如玉。请以古代插画风格和传统中国美学的彩色水墨风格描绘，背景为幽静山谷，画面中一溪流水潺潺，两侧山石嶙峋，其间点缀着几株苍松翠柏。珉石散落于溪流旁，其色如彩虹般绚丽，形态各异，有的似圆润鹅卵，有的则棱角分明，表面光泽细腻，映照出周围景色。整体氛围宁静而神秘，仿佛是天地间自然之美的浓缩展现。
羙堊,自然,矿名,山海經十八卷,宋淳熙七年（1180）池陽郡齋刻本,,prompt: 请绘制一幅古代神话中的矿石羙堊，它是一种传说中极为珍贵的矿物。画面中，羙堊呈现出半透明的质地，散发着柔和而神秘的光芒。它的颜色以淡紫色为主，带有淡淡的蓝色和绿色斑点，仿佛夜空中闪烁的星辰。周围环绕着一些古老的符文和纹饰，象征着它的神圣与神秘。整个画面采用传统中国美学的彩色水墨风格，背景是朦胧的山川和云雾，营造出一种超凡脱俗的氛围。
美堊,自然,矿名,山海經十八卷,宋淳熙七年（1180）池陽郡齋刻本,,prompt: 中国传统美学风格，彩色水墨画，美堊矿石，质地细腻如玉，色泽温润洁白，如同月光洒在雪地上一般纯净，矿石表面有淡淡的光泽，仿佛蕴含着天地灵气，周围环绕着古老的山川景象，远处是云雾缭绕的山峦，近处是潺潺流水的小溪，画面中融入古代文人墨客对于自然美景的赞美之情。
芘石,自然,矿名,山海經十八卷,宋淳熙七年（1180）池陽郡齋刻本,,prompt: 中国古代神话中的神秘矿石芘石，色彩斑斓，散发着柔和的光芒，纹理如同细腻的云纹，仿佛蕴含着天地间的灵气。画面采用传统中国美学的彩色水墨风格，背景是山海经中描述的奇幻山水，远处有祥云缭绕，近处有奇花异草点缀，整体氛围宁静而神秘。
博石,自然,矿名,山海經十八卷,宋淳熙七年（1180）池陽郡齋刻本,,prompt: 古代神话中的神秘矿石博石，色彩斑斓，散发着微弱的光芒，如同星辰般璀璨。画面中，博石被放置在一块古老的石台上，周围环绕着各种奇异的草木和灵兽。背景是山川河流，云雾缭绕，展现出一种幽远而神秘的氛围。整体风格参考古代插画，采用传统中国美学的彩色水墨风格，细节精致，富有诗意。
釆石,自然,矿名,山海經十八卷,宋淳熙七年（1180）池陽郡齋刻本,,prompt: 中国传统山水画风格，釆石矿区，青山绿水间隐藏着古老的矿坑，矿工们在山间辛勤劳作，背景是连绵起伏的山脉和缭绕的云雾，色彩以青绿为主，点缀着淡淡的赭石色，画面中融入一些古代神话元素，如守护矿山的神兽，整体呈现出一种神秘而宁静的氛围。
麋石,自然,矿名,山海經十八卷,宋淳熙七年（1180）池陽郡齋刻本,,prompt: 古代神话中的神秘矿石，名为麋石，其质地坚硬而富有光泽，色彩斑斓如同彩虹般绚丽。在古代传说中，麋石被认为是由神兽麋鹿的灵力所化，蕴含着强大的自然力量。请以传统中国美学的彩色水墨风格描绘一块麋石，石头表面呈现出细腻的纹理和丰富的色彩层次，周围环绕着淡淡的云雾和神秘的光芒，仿佛能够感受到它所蕴含的古老力量。背景可以是幽静的山林或古老的洞穴，营造出一种神秘而庄严的氛围。
鳴石,自然,矿名,山海經十八卷,宋淳熙七年（1180）池陽郡齋刻本,,prompt: 中国古代神话中的鳴石，一种神秘的矿石，能够发出悦耳的声音。画面中，一块形状奇特、色彩斑斓的矿石置于山洞之中，周围环绕着古老的符文和奇异的植物。矿石表面光滑，散发着柔和的光芒，仿佛在轻轻震动，发出清脆的声响。背景是幽暗而神秘的山洞，洞壁上绘制着古代的图腾和符号，增添了一种古老而神秘的氛围。整体风格采用传统中国美学的彩色水墨画风，注重细节和光影的表现。
美石,自然,矿名,山海經十八卷,宋淳熙七年（1180）池陽郡齋刻本,,prompt：美石，矿名，色泽温润如玉，纹理细腻如同云雾缭绕的山川，散发着淡淡的光泽。请以古代插画风格和传统中国美学的彩色水墨风格描绘，画面中可见一块美石置于山水之间，周围环绕着松柏、竹林等自然景物，石头表面流动着柔和的光影，仿佛蕴含着天地灵气。
美銅,自然,矿名,山海經十八卷,宋淳熙七年（1180）池陽郡齋刻本,,prompt: 中国古代神话中的矿石美銅，色彩斑斓如同彩虹，散发着柔和的光芒，质地细腻如玉，表面有自然形成的纹理，仿佛是山川河流的缩影。请用彩色水墨风格描绘，背景为幽静的山谷，四周环绕着古老的树木和奇花异草，天空中飘着淡淡的云彩，整幅画面充满神秘而宁静的气息。
羙玉,自然,矿名,山海經十八卷,宋淳熙七年（1180）池陽郡齋刻本,,prompt: 一块闪耀着温润光泽的羙玉，色泽如同初升的朝阳，表面光滑细腻，仿佛蕴含着天地灵气。在古代插画风格和传统中国美学的彩色水墨风格中，羙玉被描绘成半透明的质地，内部似乎有流动的云雾，周围环绕着淡淡的金色光辉，象征其珍贵与神秘。背景是淡雅的山水景色，远处山峦若隐若现，近处溪流潺潺，整个画面充满了宁静和谐之美。
美玉,自然,矿名,山海經十八卷,宋淳熙七年（1180）池陽郡齋刻本,,prompt: 一块晶莹剔透的美玉，表面光滑细腻，呈现出淡绿色和白色交织的纹理。玉石内部仿佛有云雾缭绕，散发出柔和的光芒。周围环绕着古朴典雅的青铜器皿和精致的古代纹饰，背景是古典的山水画，山峦起伏，溪流潺潺，整体风格为传统中国美学的彩色水墨风格。
鳴玉,自然,矿名,山海經十八卷,宋淳熙七年（1180）池陽郡齋刻本,,prompt: 古代神话中的矿石鳴玉，色彩斑斓如同彩虹，散发着柔和的光芒，表面有着细腻的纹理，仿佛蕴含着天地灵气。请以传统中国美学的彩色水墨风格绘制，背景为幽静的山谷，山间云雾缭绕，矿石周围有灵草异花环绕，整体画面充满神秘而宁静的气息。
羙赭,自然,矿名,山海經十八卷,宋淳熙七年（1180）池陽郡齋刻本,,prompt: 古代神话中的神秘矿石羙赭，色彩斑斓如同彩虹般绚丽，表面散发着微弱的光芒。它被描绘为一块不规则形状的矿石，周围环绕着淡淡的光晕，仿佛蕴含着无尽的能量。背景是传统的中国山水画风格，山峦起伏，云雾缭绕，远处有古朴的亭台楼阁，整个画面采用彩色水墨技法绘制，展现出一种古典而神秘的美感。
美赭,自然,矿名,山海經十八卷,宋淳熙七年（1180）池陽郡齋刻本,,prompt: 传统中国美学风格的彩色水墨画，描绘美赭矿石。画面中，矿石呈现出深浅不一的红色和橙色，宛如夕阳下的山峦。背景是淡雅的山水，山间云雾缭绕，远处有几座古朴的亭台楼阁。矿石周围点缀着几株翠绿的松树和奇石，增添了几分自然之美。整体色调温暖而和谐，展现出一种宁静而神秘的氛围。
涅石,自然,矿名,山海經十八卷,宋淳熙七年（1180）池陽郡齋刻本,,prompt: 涅石，一种神秘的矿石，色彩斑斓如同彩虹般绚丽，表面光滑如镜，内部仿佛有星辰流转。参考古代插画风格和传统中国美学的彩色水墨风格，展现其在山间被发现的场景，周围环绕着奇花异草，远处是云雾缭绕的山脉，天空中隐约可见神鸟飞过。
青䨼,自然,矿名,山海經十八卷,宋淳熙七年（1180）池陽郡齋刻本,,prompt: 请绘制一种名为青䨼的神秘矿石，它呈现出深邃而清澈的蓝色，仿佛能映照出天空与海洋的广阔。在古代神话中，这种矿石被认为是连接天地的桥梁，蕴含着无尽的力量。画风参考古代插画风格和传统中国美学的彩色水墨风格，背景可以是云雾缭绕的山峦，矿石周围环绕着淡淡的光晕，象征其神秘而强大的能量。
青碧,自然,矿名,山海經十八卷,宋淳熙七年（1180）池陽郡齋刻本,,prompt: 青碧矿石，色彩以深邃的青绿色为主，带有自然的光泽和细腻的纹理。在画面中，矿石被置于古朴的木制托盘上，周围环绕着几片枯黄的落叶，增添一丝古典韵味。背景为淡雅的水墨山水画，山峦起伏、云雾缭绕，展现出一种宁静而神秘的氛围。整体风格融合了古代插画和传统中国美学，色彩丰富而和谐，细节精致且富有层次感。
青丹,自然,矿名,山海經十八卷,宋淳熙七年（1180）池陽郡齋刻本,,prompt: 古代中国矿石青丹，色彩鲜艳如青色宝石，表面光滑细腻，带有自然形成的纹理，背景为传统水墨画风格的山水，整体色调以青绿色为主，辅以淡雅的水墨渲染，展现古朴而神秘的美感。
青堊,自然,矿名,山海經十八卷,宋淳熙七年（1180）池陽郡齋刻本,,prompt: 传统中国美学的彩色水墨风格，青堊矿石，色泽青翠如玉，质地温润细腻，表面有自然形成的纹理，仿佛山水画中的山峦起伏，周围环绕着淡淡的雾气，矿石下方是古老的石台，石台上刻有神秘的符文，背景是远古的山脉和云海，整体氛围神秘而宁静。
白錫,自然,矿名,山海經十八卷,宋淳熙七年（1180）池陽郡齋刻本,,prompt: 中国古代矿石白錫，呈现银白色光泽，质地坚硬而纯净，背景为古代矿山景象，矿工们手持简陋工具在山间挖掘，画面采用传统中国美学的彩色水墨风格，色调古朴典雅，细节丰富。
青石,自然,矿名,山海經十八卷,宋淳熙七年（1180）池陽郡齋刻本,,prompt: 青石，矿名，参考古代中国山水画的风格，画面中展现一块青色的石头，其表面光滑细腻，纹理清晰自然，仿佛蕴含着山川之灵气。石头周围环绕着淡淡的云雾，背景为淡雅的水墨山水，整体色调以青绿色为主，营造出一种幽静深远的氛围。
磬石,自然,矿名,山海經十八卷,宋淳熙七年（1180）池陽郡齋刻本,,prompt: 一块古老的磬石，质地坚硬而光滑，表面布满了岁月的痕迹。石头呈现出深邃的青灰色，仿佛蕴含着天地间的灵气。周围环绕着淡淡的云雾，增添了几分神秘感。背景是中国传统的山水画风格，山峦起伏，水流潺潺，整个画面充满了古朴与宁静之美。
青雄黄,自然,矿名,山海經十八卷,宋淳熙七年（1180）池陽郡齋刻本,,prompt: 传统中国美学的彩色水墨风格，青雄黄矿石，色彩鲜艳，呈现出深浅不一的绿色和黄色交织，表面光滑且有光泽，背景为淡雅的山水画，矿石周围点缀着细腻的云雾和山石，整体氛围宁静而神秘。
礝石,自然,矿名,山海經十八卷,宋淳熙七年（1180）池陽郡齋刻本,,prompt: 中国传统彩色水墨风格的礝石，矿石呈现出深邃而神秘的蓝色，表面有细腻的纹理和光泽，仿佛蕴含着古老的力量。周围环绕着祥云和古老的符文，象征其在神话中的重要地位。背景为淡雅的山水景色，增添一丝宁静与和谐。
瓀石,自然,矿名,山海經十八卷,宋淳熙七年（1180）池陽郡齋刻本,,prompt: 瑝石，一种神秘的矿石，其表面闪耀着如同星辰般的光芒。在古代神话中，它被视为连接天地的宝物。请绘制一块瑰丽的瓀石，石头表面有着细腻的纹理，散发出柔和而神秘的光芒，周围环绕着飘渺的云雾，背景是深邃的夜空和点点繁星，采用彩色水墨风格，展现其古老而神秘的气息。
石,自然,矿名,山海經十八卷,宋淳熙七年（1180）池陽郡齋刻本,,prompt: 中国传统水墨风格，石矿，山间奇石，色彩斑斓，纹理细腻，周围环绕着古老的松树和云雾，画面中融入《山海经》中的神秘气息，古朴而充满灵气。
水碧,自然,矿名,山海經十八卷,宋淳熙七年（1180）池陽郡齋刻本,,prompt: 一块晶莹剔透的水碧矿石，色泽如同深邃的海水，散发着淡淡的蓝绿色光芒。矿石表面光滑细腻，仿佛经过精心打磨，内部纹理清晰可见，犹如海浪层层叠叠。背景是淡雅的水墨山水画，山峦起伏，云雾缭绕，增添了一种神秘而宁静的氛围。整体画面采用传统中国美学的彩色水墨风格，色彩柔和，线条流畅。
白玉,自然,矿名,山海經十八卷,宋淳熙七年（1180）池陽郡齋刻本,,prompt: 一块晶莹剔透的白玉，质地温润如羊脂，散发着柔和的光泽。背景为淡雅的水墨山水，山峦起伏，云雾缭绕，增添几分神秘感。整幅画面采用传统中国美学的彩色水墨风格，色彩以淡雅为主，细节处细腻精致，展现出白玉的纯净与高贵。
碧玉,自然,矿名,山海經十八卷,宋淳熙七年（1180）池陽郡齋刻本,,prompt: 中国传统水墨画风格，碧玉矿石，色彩以翠绿色为主，质地温润如玉，表面光滑细腻，带有自然纹理，周围点缀着古代文人墨客喜爱的松竹梅元素，背景为淡雅的山水景色，整体画面充满诗意和古典美感。
白珠,自然,矿名,山海經十八卷,宋淳熙七年（1180）池陽郡齋刻本,,prompt: 一颗闪耀着纯净光芒的白色珍珠，散发着柔和的光辉，背景是细腻的彩色水墨风格，周围环绕着淡淡的云雾和山川，整体呈现出一种神秘而宁静的氛围。
石涅,自然,矿名,山海經十八卷,宋淳熙七年（1180）池陽郡齋刻本,,prompt: 传统中国美学彩色水墨风格，石涅矿石，质地坚硬，色彩斑斓，以深蓝和墨绿为主色调，表面带有金色和银色的细纹，仿佛星辰点缀在夜空中，矿石周围环绕着淡淡的雾气，增添了几分神秘感，背景为山海经中常见的奇峰异石，整个画面充满古朴而神秘的气息。
沙石,自然,矿名,山海經十八卷,宋淳熙七年（1180）池陽郡齋刻本,,prompt: 传统中国美学彩色水墨风格，沙石矿名，细腻的砂粒与坚硬的石块交织在一起，形成独特的纹理和色彩，画面中可见细腻的黄色砂粒与青灰色石块相间，展现出自然界的奇妙组合，背景为淡雅的山水景色，增添古朴而宁静的气息。
砂石,自然,矿名,山海經十八卷,宋淳熙七年（1180）池陽郡齋刻本,,prompt: 古典中国风格的砂石矿，色彩以淡雅的水墨色调为主，矿石表面细腻光滑，带有自然纹理，周围环绕着古老的山川景象，远处有隐约可见的古代村落，天空中飘着淡淡的云彩，整体画面充满诗意和古典美感。
痠石,自然,矿名,山海經十八卷,宋淳熙七年（1180）池陽郡齋刻本,,prompt: 中国传统水墨风格，痠石矿石，色泽青灰，表面粗糙且布满裂纹，形状不规则，仿佛经历了无数岁月的洗礼。周围环境为山林之间，背景中隐约可见古木参天，山石嶙峋，展现出一种幽静而神秘的氛围。整幅画面以淡雅的色彩为主，笔触细腻，富有诗意。
水玉,自然,矿名,山海經十八卷,宋淳熙七年（1180）池陽郡齋刻本,,prompt: 传统中国美学的彩色水墨风格，描绘一块晶莹剔透的水玉矿石，其表面光滑如镜，色彩斑斓，仿佛蕴含着清澈的水流。背景为幽静的山涧溪流，周围点缀着青翠的竹林和奇石，营造出一种宁静而神秘的氛围。
銅,自然,矿名,山海經十八卷,宋淳熙七年（1180）池陽郡齋刻本,,prompt: 中国古代神话中的矿石铜，以古代插画风格和传统中国美学的彩色水墨风格描绘，画面中铜矿石呈现出深邃的青绿色，周围环绕着古老的山川与神秘的云雾，象征着大地的宝藏与自然的力量。
鐵,自然,矿名,山海經十八卷,宋淳熙七年（1180）池陽郡齋刻本,,prompt: 中国传统水墨风格，铁矿石在山间静静沉睡，周围是苍翠的山峦和潺潺流水，画面中融入了古代神话中的元素，如守护神兽或仙人，色彩以深蓝、墨绿为主，点缀着金色和银色的光芒，展现出铁矿石的神秘与珍贵。
