﻿名字,一级类目,二级类目,出处书名,版本,描述,prompt
韋,自然,气候,山海經十八卷,宋淳熙七年（1180）池陽郡齋刻本,,prompt: 中国传统神话中的气候之神韋，以彩色水墨风格绘制，形象为一位身着古代长袍的威严老者，手持一把巨大的扇子，扇动时能带来四季变换。背景是云雾缭绕的山峦，象征着他掌控风雨的能力。画面中融入了古代插画风格，色彩以淡雅为主，突出中国传统文化的美学。
𤟇,自然,气候,山海經十八卷,宋淳熙七年（1180）池陽郡齋刻本,,prompt: 中国古代神话中的气候神兽，名为𤟇，象征着四季变化和自然力量。请以传统中国美学的彩色水墨风格绘制，背景为云雾缭绕的山川，𤟇的形象结合龙与凤凰的特点，拥有流线型的身体，翅膀上带有云纹图案，尾巴如同飘动的云彩，周围环绕着四季花卉，春花、夏叶、秋果、冬雪，展现其掌控季节变换的能力。整体画面色调柔和，充满神秘而祥和的气息。
大暑,自然,气候,山海經十八卷,宋淳熙七年（1180）池陽郡齋刻本,,prompt: 大暑，夏日炎炎，阳光炽热，天空湛蓝无云。大地被金黄色的阳光覆盖，田野里的稻谷随风摇曳，呈现出一片丰收的景象。远处的山峦在阳光下若隐若现，河流潺潺流动，水面波光粼粼。人们穿着轻薄的夏装，或在树荫下乘凉，或在河边嬉戏。画面以彩色水墨风格呈现，色彩鲜艳而柔和，充满生机与活力。
大雨,自然,气候,山海經十八卷,宋淳熙七年（1180）池陽郡齋刻本,,prompt: 中国传统水墨画风格，大雨倾盆而下，天空乌云密布，雷电交加，山川河流在暴雨中显得格外壮阔，树木被风吹得摇曳生姿，画面中可以隐约看到古代村落和人们匆匆避雨的身影，整体色调以深蓝、灰黑为主，辅以淡淡的墨绿，展现出一种磅礴的自然力量和宁静的古风韵味。
颷,自然,气候,山海經十八卷,宋淳熙七年（1180）池陽郡齋刻本,,prompt: 颷，气候之神，掌控着狂风与风暴。他身披由云朵编织的长袍，长发随风飘扬，眼中闪烁着电光。背景是乌云密布的天空，闪电划破天际，飓风卷起巨浪，展现出他的力量与威严。整体风格参考古代插画，采用传统中国美学的彩色水墨技法，色彩以深蓝、墨黑为主，点缀闪电的银白色，营造出一种神秘而震撼的氛围。
怪風雨,自然,气候,山海經十八卷,宋淳熙七年（1180）池陽郡齋刻本,,prompt: 中国传统彩色水墨风格，怪风雨，气候现象，乌云密布的天空中狂风大作，暴雨倾盆而下，闪电划破天际，树木摇曳生姿，山川在风雨中若隐若现，古风插画风格，充满神秘与力量感
俊,自然,气候,山海經十八卷,宋淳熙七年（1180）池陽郡齋刻本,,prompt: 俊，古代神话中的气候之神，身着华丽的云纹长袍，手持象征四季变换的扇子，立于云端之上。他的面容慈祥，目光温和，仿佛能洞察世间万物的变化。周围环绕着五彩斑斓的云朵，有的如春花般绚烂，有的如夏日阳光般炽热，有的如秋叶般金黄，有的如冬雪般洁白。整个画面以彩色水墨风格呈现，既有传统中国画的韵味，又不失现代审美。
凱風,自然,气候,山海經十八卷,宋淳熙七年（1180）池陽郡齋刻本,,prompt: 凱風，气候，温暖的南风轻拂过山川大地，万物复苏，春意盎然。画面中，春风化作柔和的线条，如同细雨般滋润着大地，远处山峦起伏，绿树成荫，近处花朵绽放，鸟语花香。整个画面以传统中国彩色水墨风格呈现，色彩淡雅，富有诗意。
澧沅之風,自然,气候,山海經十八卷,宋淳熙七年（1180）池陽郡齋刻本,,prompt: 澧沅之風，古代气候现象，表现为轻柔而温暖的风，吹拂过澧水和沅江流域。请以传统中国美学的彩色水墨风格描绘，画面中可见蜿蜒的河流、翠绿的山峦以及被微风吹动的柳树，天空呈现出淡淡的云彩，整个场景充满宁静与和谐之美。
飄風,自然,气候,山海經十八卷,宋淳熙七年（1180）池陽郡齋刻本,,prompt: 飄風，一种神秘的气候现象，如同山海经中描述的那样，它以旋风的形式出现，携带着云雾和雷电。画面中，飄風从天而降，形成一个巨大的龙卷风，周围环绕着翻滚的乌云和闪电，地面上的树木被风吹得弯曲，落叶纷飞。整体色调以深蓝和灰色为主，带有淡淡的紫色光芒，展现出古老而神秘的气息。背景中的山脉若隐若现，仿佛整个世界都被这股强大的力量所笼罩。画风参考古代插画风格，结合传统中国美学的彩色水墨风格，展现出飘渺而又壮丽的自然景象。
暴雨,自然,气候,山海經十八卷,宋淳熙七年（1180）池陽郡齋刻本,,prompt: 暴雨，古代中国神话中的气候现象，以磅礴的气势和震撼人心的力量展现。画面中，乌云密布，电闪雷鸣，大雨倾盆而下，形成一片壮观的水幕。山川河流在暴雨中显得更加雄伟壮丽，古老的树木被雨水冲刷得更加苍翠欲滴。整个场景采用传统中国美学的彩色水墨风格，既有细腻的笔触描绘出雨丝的轻盈，又有浓重的墨色表现出暴雨的磅礴气势。
條風,自然,气候,山海經十八卷,宋淳熙七年（1180）池陽郡齋刻本,,prompt: 条风，古代中国气候现象，象征着温暖的春风，画面中展现出一片春意盎然的景象。以传统中国美学的彩色水墨风格描绘，远处群山连绵，云雾缭绕，近处桃花、柳树盛开，花瓣随风飘落。河流蜿蜒穿过田野，农民在田间劳作，孩童在河边嬉戏。整个画面充满生机与和谐，色彩柔和，线条流畅，展现出条风带来的温暖和希望。
