﻿名字,一级类目,二级类目,出处书名,版本,描述,prompt
西海,地名,海名,山海經十八卷,宋淳熙七年（1180）池陽郡齋刻本,,prompt: 传统中国美学的彩色水墨风格，西海波澜壮阔，海水呈现出深邃的蓝色，远处山峦若隐若现，海面上有几只仙鹤飞翔，水中有蛟龙出没，四周环绕着神秘的雾气，天空中飘着淡淡的云彩，整个画面充满了神秘与宁静。
幼海,地名,海名,山海經十八卷,宋淳熙七年（1180）池陽郡齋刻本,,prompt: 幼海，一片神秘而宁静的海域，海水清澈碧蓝，波光粼粼。海面上散布着几座小岛，岛上长满了翠绿的树木和五彩斑斓的花朵。远处，山峦起伏，云雾缭绕，宛如仙境。海中偶尔有鱼群跃出水面，天空中飞翔着各种奇异的鸟类。整个画面充满了传统中国美学的彩色水墨风格，展现出一种宁静而和谐的自然之美。
東海,地名,海名,山海經十八卷,宋淳熙七年（1180）池陽郡齋刻本,,prompt: 东海，海浪翻滚，波涛汹涌，远处是日出的光辉，金色的阳光洒在海面上，形成一片金光闪闪的景象。海中隐约可见一些神话中的生物，如巨龟、鱼龙等，它们在水中游动，增添了几分神秘色彩。天空中有几只仙鹤飞过，更显出东方的祥瑞之气。整个画面采用传统中国美学的彩色水墨风格，展现出一种宁静而壮丽的氛围。
北海,地名,海名,山海經十八卷,宋淳熙七年（1180）池陽郡齋刻本,,prompt: 中国传统水墨画风格的北海，波涛汹涌的海面，远处隐约可见神秘的岛屿和奇形怪状的山峰，天空中飘着几朵祥云，海面上有几只古老的帆船航行，画面色彩以淡雅的蓝绿色为主，透露出一种宁静而神秘的气息。
渤海,地名,海名,山海經十八卷,宋淳熙七年（1180）池陽郡齋刻本,,prompt: 古代中国神话中的渤海，辽阔无垠的海域，波涛汹涌，海面上有几只仙鹤飞翔，远处隐约可见蓬莱仙山，天空中云雾缭绕，彩霞映照，呈现出一幅神秘而宁静的景象。画面采用传统中国美学的彩色水墨风格，色彩柔和而富有层次感，细节精致。
南海,地名,海名,山海經十八卷,宋淳熙七年（1180）池陽郡齋刻本,,prompt: 中国传统水墨画风格，展现南海的壮丽景象，海面波涛汹涌，远处岛屿若隐若现，天空中云雾缭绕，海鸟翱翔，画面色彩以淡雅为主，蓝色和绿色交织，展现出宁静而神秘的氛围。
