﻿名字,一级类目,二级类目,出处书名,版本,描述,prompt
帝俊竹林,地名,森林,山海經十八卷,宋淳熙七年（1180）池陽郡齋刻本,"大可爲舟,",prompt: 帝俊竹林，一片神秘而幽静的竹林，竹子高大挺拔，粗壮到可以制作成舟船。阳光透过密集的竹叶洒下斑驳光影，地面覆盖着一层厚厚的竹叶，仿佛置身于一个古老而宁静的世界。参考古代插画风格和传统中国美学的彩色水墨风格，展现出竹林的幽静与神秘。
鄧林,地名,森林,山海經十八卷,宋淳熙七年（1180）池陽郡齋刻本,,prompt：邓林，一片古老而神秘的森林，位于远古时代的中原大地。这片森林茂密繁盛，树木高大挺拔，枝叶交错，阳光透过树梢洒下斑驳光影。森林中生活着各种奇异的生物，如凤凰、麒麟等神兽，它们在林间自由穿梭。整个画面采用传统中国美学的彩色水墨风格，色彩淡雅而富有层次感，展现出一种宁静而又充满生机的氛围。
丹林,地名,森林,山海經十八卷,宋淳熙七年（1180）池陽郡齋刻本,,prompt: 丹林，一片古老而神秘的森林，树木高大参天，树干粗壮，树叶繁茂。阳光透过树梢洒下斑驳陆离的光影，形成一道道光束。森林中弥漫着淡淡的雾气，仿佛是仙境一般。各种奇花异草点缀其间，色彩斑斓，生机勃勃。远处山峦起伏，云雾缭绕，增添了几分幽静与神秘。整片森林呈现出一种传统中国美学的彩色水墨风格，既有写意之美，又不失细节之精。
范林,地名,森林,山海經十八卷,宋淳熙七年（1180）池陽郡齋刻本,"方三百里,",prompt: 方三百里的神秘范林，茂密的古木参天，树干粗壮扭曲，枝叶繁茂交织成绿色的天幕。阳光透过树叶的缝隙洒下斑驳的光影，森林中弥漫着淡淡的雾气，仿佛隐藏着古老的秘密。远处隐约可见山峦起伏，近处溪流潺潺，鸟鸣声此起彼伏，充满了生机与宁静。整幅画面采用传统中国美学的彩色水墨风格，细腻描绘出范林的幽深与神秘。
墦冢,地名,森林,山海經十八卷,宋淳熙七年（1180）池陽郡齋刻本,,prompt：一座古老的森林，树木参天，枝叶繁茂，阳光透过树叶的缝隙洒下斑驳光影。在这片神秘的森林深处，隐藏着一个被称为“墦冢”的古老墓地，周围环绕着各种奇异的植物和藤蔓，仿佛是自然与神话交织的地方。画面中，可以看到一些古代祭祀用的石碑和祭坛，上面刻有古老的符号和图腾，增添了几分神秘感。整个场景采用传统的中国彩色水墨风格，色彩淡雅而富有层次，展现出一种宁静而又神秘的氛围。
河林,地名,森林,山海經十八卷,宋淳熙七年（1180）池陽郡齋刻本,"其狀如蒨如舉,",prompt: 河林，一片古老而神秘的森林，其状如蒨如举。这里的树木高大挺拔，枝叶繁茂，仿佛能够触及天空。阳光透过树梢洒下斑驳的光影，形成一幅美丽的画卷。森林中弥漫着清新的空气，鸟鸣声此起彼伏，充满了生机与活力。整个画面采用传统中国美学的彩色水墨风格，色彩柔和而富有层次感，展现出一种宁静而祥和的氛围。
莾浮之林,地名,森林,山海經十八卷,宋淳熙七年（1180）池陽郡齋刻本,"多美木鳥獸,",prompt: 莾浮之林，一片神秘而美丽的森林，树木繁茂，古木参天，枝叶间透出斑驳的阳光。林中多美木鸟兽，奇花异草遍布，色彩斑斓。各种珍稀鸟类在树梢间欢快地歌唱，野鹿、狐狸等动物在林间悠闲地漫步。整个场景充满生机与和谐，展现出一种传统中国美学的彩色水墨风格。
汜林,地名,森林,山海經十八卷,宋淳熙七年（1180）池陽郡齋刻本,"方三百里,在狌狌東,",prompt: 古典中国风格的彩色水墨画，描绘一片广袤的森林，名为汜林，方圆三百里。画面中树木繁茂，古木参天，枝叶交错，阳光透过树梢洒下斑驳光影。森林中栖息着各种奇异的鸟兽，远处山峦若隐若现。整幅画面充满神秘而宁静的气息，展现了古代神话中的自然景观。参考《山海经》中的描述，位于狌狌东边。
桃林,地名,森林,山海經十八卷,宋淳熙七年（1180）池陽郡齋刻本,"廣貟三百里,其中多馬,",prompt: 广袤三百里的桃林，其中多马，画面中展现一片茂密的桃树林，桃花盛开，粉色花瓣如云似霞，树下青草萋萋，骏马在林间自由奔跑，背景是远山和蓝天，整体风格参考古代插画和传统中国美学的彩色水墨风格。
