﻿名字,一级类目,二级类目,出处书名,版本,描述,prompt
太行之山,地名,山系,山海經十八卷,宋淳熙七年（1180）池陽郡齋刻本,"其首曰歸山,",prompt: 太行之山，其首曰歸山，雄伟壮丽的山脉连绵起伏，山峰云雾缭绕，山间溪流潺潺。山体以青绿色为主调，点缀着苍松翠柏，山脚下有古朴的村落和梯田，远处可见飞瀑流泉，整体呈现出一种古典水墨画的风格。
西次二經,地名,山系,山海經十八卷,宋淳熙七年（1180）池陽郡齋刻本,"之首曰鈐山,",prompt: 中国传统山水画风格，西次二经的首山鈐山，山势雄伟险峻，云雾缭绕，山间有古木参天，溪流潺潺，山脚下有一座古老的庙宇，庙宇周围是茂密的竹林，远处的山峰若隐若现，整个画面色彩以淡雅的水墨为主，点缀一些鲜艳的色彩，如翠绿的竹叶和朱红的庙宇屋顶。
西次四經,地名,山系,山海經十八卷,宋淳熙七年（1180）池陽郡齋刻本,"之首曰隂山,",prompt：西次四经之首的隂山，位于古代神话中的西方山脉，山势险峻，云雾缭绕。画面中，隂山被描绘成一座巍峨挺拔的山峰，山顶覆盖着皑皑白雪，山腰间云雾缭绕，仿佛仙境一般。山脚下有清澈的溪流蜿蜒而过，周围古木参天，奇花异草点缀其间。整体风格采用传统中国美学的彩色水墨画风，用细腻的笔触勾勒出山水之美，展现出一种神秘而宁静的氛围。
西次三經,地名,山系,山海經十八卷,宋淳熙七年（1180）池陽郡齋刻本,"之首曰崇吾之山,",prompt：崇吾之山，位于西次三经之首，山势雄伟壮观，云雾缭绕，山中生长着各种奇花异草，色彩斑斓。山脚下有清澈的溪流蜿蜒而过，溪边长满了翠绿的竹林。山间可见珍稀动物悠闲地漫步，如白鹿、青鸟等。整个画面采用传统中国美学的彩色水墨风格，构图讲究层次感和空间感，用色淡雅清新，笔触细腻流畅，展现出一幅宁静和谐的自然风光画卷。
西經之首,地名,山系,山海經十八卷,宋淳熙七年（1180）池陽郡齋刻本,,prompt: 传统中国美学彩色水墨风格，西经之首的山系，连绵起伏的山脉，云雾缭绕，山间有古木参天，溪流潺潺，远处群峰若隐若现，山脚下有古老的村落，炊烟袅袅，天空中有几只仙鹤飞翔，整幅画面充满神秘与宁静的气息。
䧿山,地名,山系,山海經十八卷,宋淳熙七年（1180）池陽郡齋刻本,"南山經之首,其首曰招摇之山,",prompt：南山经之首的招摇山，位于鷩山山脉中，山势雄伟壮丽，云雾缭绕。山间有古木参天，藤蔓缠绕，溪流潺潺，瀑布飞泻而下。山顶上有一座古老的神庙，庙宇建筑风格古朴典雅，红墙黛瓦，金碧辉煌。远处可见群山连绵，层峦叠嶂，山间点缀着各种奇花异草和珍禽异兽。整幅画面采用传统中国彩色水墨画风格，色彩淡雅，线条流畅，富有诗意。
中次十經,地名,山系,山海經十八卷,宋淳熙七年（1180）池陽郡齋刻本,"之首曰首陽之山,",prompt: 中国传统水墨画风格的首阳山，位于中次十经之首，山势雄伟壮观，云雾缭绕，山间有古木参天，奇石嶙峋，山脚下溪流潺潺，几只仙鹤在空中飞翔，远处隐约可见一些古代建筑，整个画面充满神秘与宁静之美。
東次二經,地名,山系,山海經十八卷,宋淳熙七年（1180）池陽郡齋刻本,"之首曰空桑之山,",prompt: 东次二经之首的空桑之山，山势雄伟壮丽，云雾缭绕其间，仿佛与天相接。山间古木参天，藤蔓缠绕，奇花异草遍布，色彩斑斓，散发出淡淡的幽香。山脚下有一条清澈的小溪蜿蜒流淌，溪水潺潺，鱼儿嬉戏其中。远处可见一些古老的村落，炊烟袅袅升起，显得宁静祥和。整幅画面采用传统中国美学的彩色水墨风格，笔触细腻，层次分明，既有山水画的意境之美，又不失神话传说中的神秘气息。
東次三經,地名,山系,山海經十八卷,宋淳熙七年（1180）池陽郡齋刻本,"之首曰尸胡之山,",prompt: 东次三经之首的尸胡之山，山势雄伟，云雾缭绕，山间有奇花异草和珍稀树木，色彩斑斓。山脚下有一条清澈见底的小溪，溪水潺潺流过，小溪边生长着各种奇特的植物。天空中飘着几朵祥云，阳光透过云层洒下，给整座山增添了几分神秘与庄严。画面采用传统中国彩色水墨风格，注重细节描绘，展现出古代插画中的山水之美。
東次四經,地名,山系,山海經十八卷,宋淳熙七年（1180）池陽郡齋刻本,"之首曰北號之山,",prompt: 东次四经之首的北号之山，以古代中国山水画风格呈现，画面中群峰连绵起伏，山势雄伟险峻，云雾缭绕其间。山脚下有清澈溪流蜿蜒而过，溪边生长着茂密的松柏与奇花异草，色彩采用传统水墨画的淡雅色调，同时融入少量鲜艳色彩以突出自然之美。整幅图展现出一种宁静而神秘的氛围，仿佛能听到远处传来的潺潺流水声和鸟鸣声。
東山經之首,地名,山系,山海經十八卷,宋淳熙七年（1180）池陽郡齋刻本,,prompt: 东山经之首，古老而神秘的山脉，蜿蜒起伏于云雾缭绕之间。山峰高耸入云，山间古木参天，奇花异草遍布，溪流潺潺，瀑布飞泻。远处群山连绵，近处山石嶙峋，山间隐约可见古老的庙宇和神像，仿佛诉说着千年的传说。整体画面采用传统中国彩色水墨风格，色彩淡雅，笔触细腻，展现出一种宁静而深远的意境。
洞庭山,地名,山系,山海經十八卷,宋淳熙七年（1180）池陽郡齋刻本,"之首曰篇遇之山,",prompt: 中国传统水墨画风格，洞庭山系的首座名为篇遇之山，画面中群山起伏，云雾缭绕，山间有古木参天，瀑布飞流直下。山脚下有一条清澈的小溪蜿蜒而过，溪边生长着各种奇花异草，几只仙鹤在溪边悠闲地饮水。远处的山峰若隐若现，展现出一种神秘而宁静的氛围。整幅画面色彩以淡雅为主，强调自然与和谐之美。
萯山,地名,山系,山海經十八卷,宋淳熙七年（1180）池陽郡齋刻本,"之首曰敖岸之山,",prompt：古代中国山系萯山，首山名为敖岸之山，山势雄伟险峻，山体覆盖着茂密的古木和奇花异草，云雾缭绕其间，仿佛仙境一般。山脚下有清澈的溪流蜿蜒而过，溪边生长着各种珍稀植物，山中偶尔可见珍禽异兽出没。画面采用传统中国美学的彩色水墨风格，色彩淡雅而富有层次感，展现出一种神秘而宁静的自然之美。
北次二經,地名,山系,山海經十八卷,宋淳熙七年（1180）池陽郡齋刻本,"之首在河之東,",prompt: 北次二经，山系，之首在河之东，山势雄伟连绵，群峰挺拔，山间云雾缭绕，仿佛仙境。山脚下有一条清澈的河流蜿蜒而过，河边树木葱郁，野花烂漫，各种珍禽异兽出没其间。整幅画面采用传统中国美学的彩色水墨风格，色彩淡雅，线条流畅，展现出北次二经山脉的神秘与壮丽。
北次三經,地名,山系,山海經十八卷,宋淳熙七年（1180）池陽郡齋刻本,,prompt: 北次三经山系，古老而神秘的山脉，蜿蜒起伏，云雾缭绕，山间古木参天，奇花异草遍布。山脚下有清澈的溪流潺潺流淌，远处是连绵不断的山峦，山顶上隐约可见古老的祭坛和石刻，透露出浓厚的古代神话气息。整幅画面采用传统中国美学的彩色水墨风格，色彩淡雅，笔触细腻，展现出北次三经山系的壮丽与神秘。
縞羝山,地名,山系,山海經十八卷,宋淳熙七年（1180）池陽郡齋刻本,"之首曰平逢之山,",prompt: 中国神话中的縞羝山，位于平逢之山系的起点，山势雄伟壮丽，云雾缭绕，古木参天。山间有清澈溪流蜿蜒而过，溪边野花烂漫，奇石嶙峋。画面采用传统中国美学的彩色水墨风格，色彩淡雅，笔触细腻，展现出縞羝山的神秘与宁静之美。
華山,地名,山系,山海經十八卷,宋淳熙七年（1180）池陽郡齋刻本,"之首曰錢來之山,",prompt: 华山，山系，之首曰钱来之山，雄伟壮丽的山脉起伏连绵，云雾缭绕，山峰峻峭挺拔，古木参天，瀑布飞泻而下，溪流潺潺。山间点缀着古色古香的庙宇和亭台楼阁，远处可见仙鹤翱翔，山脚下有小桥流水人家，一派宁静祥和的景象。整体风格参考古代插画，采用传统中国美学的彩色水墨风格，色彩淡雅清新，富有诗意。
濟山,地名,山系,山海經十八卷,宋淳熙七年（1180）池陽郡齋刻本,"之首曰煇諸之山,",prompt: 古代中国山水画风格，济山之首煇諸之山，山势雄伟，云雾缭绕，山间古木参天，溪流潺潺，山脚下有几座简朴的茅屋，远处可见层峦叠嶂，色彩以淡雅的水墨为主，点缀些许青绿，画面充满宁静与神秘的气息。
荆山,地名,山系,山海經十八卷,宋淳熙七年（1180）池陽郡齋刻本,"之首曰翼望之山,",prompt: 中国传统水墨画风格，翼望之山，山势险峻，云雾缭绕，山间有奇花异草和珍禽异兽，山顶有一座古老的庙宇，庙宇前有一棵千年古树，树下有仙人修炼，远处可见连绵的山脉，色彩以淡雅为主，画面充满神秘与宁静之美。
荆山,地名,山系,山海經十八卷,宋淳熙七年（1180）池陽郡齋刻本,"之首曰景山,",prompt: 《山海经》中的荆山，位于山系之首，名为景山。画面中，荆山巍峨挺拔，山势险峻，云雾缭绕，仿佛仙气弥漫。山间古木参天，藤蔓缠绕，瀑布飞泻而下，溪流潺潺。山顶隐约可见古代祭坛，石阶蜿蜒而上，两旁点缀着奇花异草。整幅画面采用传统中国彩色水墨风格，笔触细腻，色彩淡雅，展现出一种神秘而宁静的氛围。
苦山,地名,山系,山海經十八卷,宋淳熙七年（1180）池陽郡齋刻本,"之首曰休與之山,",prompt: 休与之山，位于苦山山系之首，山势雄伟，云雾缭绕。山中古木参天，奇花异草遍布，色彩斑斓，宛如仙境。山间有清澈溪流蜿蜒而下，水声潺潺。山脚下，几座古朴的茅屋依山而建，炊烟袅袅升起。整幅画面采用传统中国彩色水墨风格，笔触细腻，色彩淡雅，展现出一种宁静而神秘的氛围。
釐山,地名,山系,山海經十八卷,宋淳熙七年（1180）池陽郡齋刻本,"之首曰鹿蹄之山,",prompt: 中国传统山水画风格，鹿蹄之山，山势雄伟，云雾缭绕，山间有清澈的溪流潺潺流动。山脚下是茂密的森林，树木郁郁葱葱，林中偶尔可见鹿群悠闲地漫步。山顶上有一座古朴的亭子，亭子周围种满了各种奇花异草，色彩斑斓。整幅画面以水墨为主，辅以淡雅的彩色渲染，展现出一种宁静而神秘的氛围。
岷山,地名,山系,山海經十八卷,宋淳熙七年（1180）池陽郡齋刻本,"之首曰女几之山,",prompt: 岷山，山系，之首曰女几之山，山势雄伟险峻，云雾缭绕，古木参天。山间有清澈的溪流潺潺流淌，奇花异草遍布山坡，远处可以看到古老的庙宇和石碑。画面采用传统中国美学的彩色水墨风格，展现出岷山的神秘与壮丽。
薄山,地名,山系,山海經十八卷,宋淳熙七年（1180）池陽郡齋刻本,"之首曰甘棗之山,",prompt: 中国传统水墨风格，薄山山系之首甘棗之山，山峰险峻挺拔，云雾缭绕其间，山间生长着茂密的古树和奇花异草，色彩以淡雅为主，山脚下有一条清澈的小溪蜿蜒流过，远处可见几座古朴的亭台楼阁隐于山林之中，整体画面宁静而神秘。
北山經之首,地名,山系,山海經十八卷,宋淳熙七年（1180）池陽郡齋刻本,"之首曰單狐之山,",prompt: 北山經之首，单狐之山，山势险峻，云雾缭绕，山中古木参天，藤蔓缠绕，溪流潺潺。山间有奇花异草，色彩斑斓，充满神秘气息。远处可见山峰若隐若现，仿佛仙境一般。画面采用传统中国美学的彩色水墨风格，注重意境和氛围的营造。
南次二經,地名,山系,山海經十八卷,宋淳熙七年（1180）池陽郡齋刻本,"之首曰柜山,",prompt: 柜山，位于南次二经之首，山势雄伟险峻，云雾缭绕。山中古木参天，奇花异草遍布，色彩斑斓的鸟兽穿梭其间。山脚下有一条清澈见底的小溪，溪水潺潺，映照着四周的景色。整幅画面采用传统中国美学的彩色水墨风格，细腻地描绘出柜山的神秘与壮丽。
南次三經,地名,山系,山海經十八卷,宋淳熙七年（1180）池陽郡齋刻本,"之首曰天虞之山,","prompt: 传统中国美学的彩色水墨风格, 南次三经之首天虞之山，山势雄伟险峻，云雾缭绕，山间古木参天，奇花异草遍布，山脚溪流潺潺，瀑布飞泻而下，远处群峰连绵，近处松柏挺拔，山中隐约可见仙鹤翱翔，一派神秘而又宁静的景象。"
南山經之首,地名,山系,山海經十八卷,宋淳熙七年（1180）池陽郡齋刻本,"䧿山,",prompt: 南山经之首的雌山，以古代中国山水画风格绘制，雄伟的山脉连绵起伏，山峰云雾缭绕，山间有奇花异草和珍稀动物出没。画面采用传统水墨技法，色彩淡雅，展现出一种神秘而宁静的氛围。
首陽山,地名,山系,山海經十八卷,宋淳熙七年（1180）池陽郡齋刻本,,prompt: 首陽山，位于古代中国的山脉之中，周围环绕着茂密的森林和清澈的溪流。山峰高耸入云，山顶常年被白雪覆盖，山腰处有古木参天，山脚下则是青翠的竹林。画面中可以见到一些古代的隐士在山间修行，或是几位文人雅士在山下品茗谈诗。整幅画面以传统中国彩色水墨风格绘制，色彩淡雅，线条流畅，展现出一种宁静而幽远的意境。
