﻿名字,一级类目,二级类目,出处书名,版本,描述,prompt
瀟湘之淵,地名,渊名,山海經十八卷,宋淳熙七年（1180）池陽郡齋刻本,,prompt: 瀟湘之淵，一片幽深神秘的水域，四周环绕着翠绿的山峦和茂密的竹林。水面上弥漫着淡淡的雾气，仿佛有仙灵在其中游弋。远处隐约可见古老的亭台楼阁，倒映在清澈的水面中，如同仙境一般。色彩以淡雅的水墨风格为主，融入传统中国美学，展现出一种宁静而神秘的氛围。
䗡渊,地名,渊名,山海經十八卷,宋淳熙七年（1180）池陽郡齋刻本,,prompt: 《山海经》中的神秘深渊“䗡渊”，四周环绕着险峻的山峰，深渊中云雾缭绕，幽深莫测。画面采用传统中国美学的彩色水墨风格，山峰以淡墨勾勒，苍翠欲滴，深渊则用深蓝色渲染，给人一种神秘而庄严的感觉。深渊底部隐约可见古老的神兽和奇异的植物，增添了一丝奇幻色彩。
從極之淵,地名,渊名,山海經十八卷,宋淳熙七年（1180）池陽郡齋刻本,"深三百仞,維氷夷恒都焉,一曰忠極之淵,",prompt: 从极之渊，深三百仞，维冰夷恒都焉，一曰忠极之渊。画面描绘一个深邃幽暗的深渊，底部隐约可见冰夷的宫殿，四周环绕着寒冰和雾气。深渊边缘是险峻的岩石，覆盖着厚厚的冰雪。天空中飘着淡淡的云彩，阳光透过云层洒下微弱的光芒。整个画面采用传统中国美学的彩色水墨风格，色彩以冷色调为主，展现出神秘而庄严的氛围。
忠極之淵,地名,渊名,山海經十八卷,宋淳熙七年（1180）池陽郡齋刻本,,prompt: 忠極之淵，深邃幽暗的水潭，四周环绕着奇形怪状的山石，水面平静如镜，倒映着上方的星空。水潭中央有一块巨大的石碑，上面刻写着“忠極”二字，字体古朴苍劲。潭边生长着几株古老的松树，枝叶繁茂，仿佛守护着这片神秘之地。整个场景以传统中国水墨画风格呈现，色彩淡雅，充满神秘与宁静之美。
𤡆淵,地名,渊名,山海經十八卷,宋淳熙七年（1180）池陽郡齋刻本,"四方四隅皆逹,南（淵）屬大荒,舜之所浴也,",prompt: 《山海经》中的𤡆渊，四方四隅皆通达，位于大荒之南，舜帝曾在此沐浴。画面中，碧波荡漾的湖水中央有一块巨大的奇石，周围环绕着奇异的花草和灵兽。湖面平静如镜，倒映着远处的群山和蓝天白云。湖边长满了各种奇花异草，色彩斑斓，生机勃勃。湖的四周是茂密的森林，树木高大挺拔，枝叶繁茂。天空中飘浮着几朵祥云，阳光透过云层洒在湖面上，形成一道道金光。整体风格采用传统中国美学的彩色水墨画风，色调清新淡雅，线条流畅自然，展现出神秘而宁静的古代神话氛围。
漳淵,地名,渊名,山海經十八卷,宋淳熙七年（1180）池陽郡齋刻本,,prompt: 漳淵，一片神秘而幽深的水域，四周环绕着古老的山峦和茂密的森林。水面上弥漫着轻柔的雾气，仿佛隐藏着无尽的秘密。在水面之下，有着奇异的生物和古老的遗迹，它们静静地守护着这片古老的土地。画面采用传统中国美学的彩色水墨风格，注重表现漳淵的宁静与神秘，以及周围自然环境的和谐共生。
蒼梧之淵,地名,渊名,山海經十八卷,宋淳熙七年（1180）池陽郡齋刻本,"其中有九嶷山,",prompt: 中国传统水墨风格的苍梧之渊，画面中央是九嶷山，山峰挺拔峻峭，云雾缭绕。山脚下有清澈的溪流汇入深渊，水面上漂浮着几朵莲花。远处天边霞光万道，映照在水面和山峦之上，整个画面充满了神秘而宁静的氛围。
沉淵,地名,渊名,山海經十八卷,宋淳熙七年（1180）池陽郡齋刻本,"顓頊所浴,",prompt: 沉淵，颛顼所浴之渊，深邃幽暗，水色如墨，四周环绕着奇石异木。画面中，古代帝王颛顼正在清澈的水中沐浴，水面波光粼粼，反射出他庄重而威严的身影。背景是山峦起伏，云雾缭绕，展现出神秘而宁静的氛围。整体风格参考古代插画和传统中国彩色水墨画，色彩以淡雅为主，线条流畅细腻。
封淵,地名,渊名,山海經十八卷,宋淳熙七年（1180）池陽郡齋刻本,"赤澤水,",prompt: 封淵，渊名，赤澤水。请描绘一片深邃而神秘的红色湖泊，湖水呈现出深红如血的颜色，波光粼粼，仿佛有无数秘密隐藏其中。湖边生长着奇异的红色植物，枝叶繁茂，花朵鲜艳。天空中飘浮着淡淡的红色云雾，与湖水相映成趣。整个画面采用传统中国美学的彩色水墨风格，线条流畅，色彩浓郁而富有层次感，展现出一种古老而神秘的气息。
甘淵,地名,渊名,山海經十八卷,宋淳熙七年（1180）池陽郡齋刻本,,prompt: 甘淵，深邃幽静的古老渊潭，四周环绕着奇异的山石与古老的树木，水面平静如镜，倒映着周围的自然景色。远处，云雾缭绕的山峰若隐若现，增添了几分神秘感。画面采用传统中国美学的彩色水墨风格，以淡雅的色彩和细腻的笔触描绘出甘淵的宁静与美丽。
睢漳之淵,地名,渊名,山海經十八卷,宋淳熙七年（1180）池陽郡齋刻本,,prompt: 睢漳之淵，古老的深渊，四周环绕着神秘的雾气，深渊中流淌着幽蓝的水，水中倒映着奇异的山石和古老的树木。深渊底部隐藏着未知的秘密，传说中有神兽栖息于此。画面采用传统中国美学的彩色水墨风格，背景以淡雅的山水画为基调，展现出一种深邃而宁静的氛围。
崑崙南淵,地名,渊名,山海經十八卷,宋淳熙七年（1180）池陽郡齋刻本,"深三百仞,",prompt：崑崙南淵，深三百仞，幽邃神秘的深渊，四周环绕着崑崙山脉，山峰云雾缭绕，深渊中隐约可见奇异的水生生物和五彩斑斓的珊瑚礁，水面波光粼粼，映照着天空中的星辰，整体色调以深蓝和墨绿为主，点缀以金色和紫色，展现出一种古老而神秘的气息。
緡淵,地名,渊名,山海經十八卷,宋淳熙七年（1180）池陽郡齋刻本,"倍伐降處緡淵,",prompt: 緡淵，古代神话中的深渊，倍伐降处之地，四周环绕着险峻的山峰，深渊中云雾缭绕，幽暗深邃。画面采用传统中国美学的彩色水墨风格，远处山峦若隐若现，近处是悬崖峭壁，深渊底部隐约可见古老的神秘符文，增添了一丝神秘与古老的气息。
清泠之淵,地名,渊名,山海經十八卷,宋淳熙七年（1180）池陽郡齋刻本,,prompt: 清泠之淵，深邃幽静的水潭，水面如镜，倒映着四周翠绿的山峦和蓝天白云。潭水清澈见底，仿佛能洗净一切尘埃。岸边长满了青苔和各种奇花异草，几只仙鹤在水边悠闲地漫步。背景是连绵起伏的山脉，云雾缭绕，增添了几分神秘感。整体画面采用传统中国彩色水墨风格，注重意境和氛围的营造。
弱水之淵,地名,渊名,山海經十八卷,宋淳熙七年（1180）池陽郡齋刻本,,prompt: 弱水之淵，一片幽深无底的水域，水面平静如镜，却隐藏着无数神秘的力量。四周被云雾缭绕，仿佛与世隔绝，只有偶尔几只仙鹤飞过，增添了几分超凡脱俗的气息。水中倒映着天空和周围的山峦，色彩斑斓，如同一幅精美的水墨画。岸边长满了奇花异草，散发出淡淡的幽香，吸引着各种珍稀的灵兽前来饮水。整个场景充满了神秘而宁静的氛围，展现了古代神话中弱水之淵的独特魅力。
少和之淵,地名,渊名,山海經十八卷,宋淳熙七年（1180）池陽郡齋刻本,"四方四隅皆逹,北（淵）屬黒水,舜之所浴也,",prompt: 少和之淵，四周广阔无垠，北连黒水，是舜帝沐浴之地。画面中，少和之淵位于中心，水面平静如镜，四周山峦环绕，云雾缭绕。北方的黒水如一条黑色的绸带，蜿蜒流淌。画面采用传统中国美学的彩色水墨风格，山石用淡墨勾勒，水波用细腻的笔触描绘，色彩以淡雅为主，辅以深邃的黑水，展现一种神秘而宁静的氛围。背景中，可以隐约看到舜帝在水中沐浴的身影，周围点缀着几朵莲花，象征着纯洁与祥和。
白淵,地名,渊名,山海經十八卷,宋淳熙七年（1180）池陽郡齋刻本,"昆吾之師所浴也,",prompt: 古代神话中的白淵，昆吾之师沐浴之地，画面展现一片幽静的湖泊，湖水清澈见底，周围环绕着奇花异草和古老的树木。远处是连绵起伏的山脉，山间云雾缭绕，给人一种神秘而宁静的感觉。画面采用传统中国美学的彩色水墨风格，注重线条与色彩的融合，展现出浓厚的古典气息。
