﻿名字,一级类目,二级类目,出处书名,版本,描述,prompt
泰澤,地名,泽名,山海經十八卷,宋淳熙七年（1180）池陽郡齋刻本,,prompt: 古典中国水墨画风格，泰澤之景，广阔的湿地，水草丰美，远处群山若隐若现，天空中飘着淡淡的云彩，几只仙鹤在水中悠闲地漫步，画面充满宁静和谐之美，色彩以淡雅为主，细节精致，富有诗意。
鹽販之澤,地名,泽名,山海經十八卷,宋淳熙七年（1180）池陽郡齋刻本,,prompt: 一片广阔的沼泽地，水面上漂浮着淡淡的雾气，远处群山若隐若现。沼泽中生长着茂密的芦苇和各种水生植物，偶尔可见几只白鹭在水中觅食。天空中飘着几朵白云，阳光透过云层洒在水面上，形成斑驳的光影。整个画面采用传统中国水墨画风格，色彩淡雅，线条流畅，展现出一种宁静而神秘的氛围。
餘如之澤,地名,泽名,山海經十八卷,宋淳熙七年（1180）池陽郡齋刻本,,prompt: 中国传统水墨风格，餘如之澤，一片神秘而宁静的湖泊，湖面平静如镜，倒映着周围的山峦和树木。湖边生长着各种奇花异草，远处有几只仙鹤在飞翔，湖中央有一座小岛，岛上长满了翠绿的竹子，显得格外幽静。画面中弥漫着淡淡的雾气，增添了几分神秘感。整体色调以淡雅为主，展现出一种超凡脱俗的意境。
余澤,地名,泽名,山海經十八卷,宋淳熙七年（1180）池陽郡齋刻本,,prompt: 中国传统彩色水墨风格，余澤，一个充满神秘气息的泽国之地，四周被茂密的森林环绕，水面上漂浮着各种奇异的花卉和植物，远处有几座古老的山峰若隐若现。水中倒映着天空中的云彩和飞鸟，整个画面充满了宁静与祥和。
印澤,地名,泽名,山海經十八卷,宋淳熙七年（1180）池陽郡齋刻本,"其中多𩣡馬,",prompt: 一片古老而神秘的泽地，名为印澤，四周环绕着茂密的芦苇和水草。泽中栖息着许多珍稀的𩣡馬，它们身形矫健，毛色斑斓，或在水中嬉戏，或在岸边悠闲地吃草。画面采用传统中国美学的彩色水墨风格，色彩柔和，线条流畅，展现出一种宁静而富有诗意的氛围。远处的山峦若隐若现，增添了几分幽远的感觉。
泑澤,地名,泽名,山海經十八卷,宋淳熙七年（1180）池陽郡齋刻本,,prompt: 古代神话中的泑澤，一片神秘而宁静的水域，四周环绕着茂密的原始森林，湖面如镜，倒映着远处的群山。湖边生长着各种奇异的植物，水中游弋着传说中的水怪和珍稀鱼类。画面采用传统中国美学的彩色水墨风格，细腻描绘出泑澤的幽静与神秘。
泜澤,地名,泽名,山海經十八卷,宋淳熙七年（1180）池陽郡齋刻本,,prompt: 古典中国风格的彩色水墨画，描绘了一个名为泜澤的神秘湖泊。湖面平静如镜，倒映着四周环绕的山峦和古木参天的森林。湖边生长着各种奇花异草，远处有几只仙鹤在低飞。画面中弥漫着一种宁静而祥和的氛围，仿佛是人间仙境。背景中隐约可见古老的庙宇和石桥，增添了几分历史的厚重感。整体色调以淡雅为主，展现出传统中国美学的魅力。
䍃之澤,地名,泽名,山海經十八卷,宋淳熙七年（1180）池陽郡齋刻本,,prompt: 䍃之澤，一片神秘而宁静的湖泊，湖面如镜，倒映着四周连绵起伏的山峦和茂密的森林。湖边生长着各种奇花异草，湖水中游弋着珍稀的水生生物。远处，几只仙鹤在空中翱翔，湖面上弥漫着淡淡的雾气，给人一种仙境般的感觉。整体画面采用传统中国美学的彩色水墨风格，色彩淡雅，线条流畅。
長澤,地名,泽名,山海經十八卷,宋淳熙七年（1180）池陽郡齋刻本,,prompt: 一片广阔的湿地，水草丰茂，烟波浩渺，远处山峦若隐若现。湿地中央有一座古老的木桥，几只白鹭在水面低飞，画面采用传统中国水墨画风格，色彩淡雅，富有诗意。
大澤,地名,泽名,山海經十八卷,宋淳熙七年（1180）池陽郡齋刻本,"后稷所潜也,其中多玉,其隂多榣木之有若,",prompt: 一片广阔而神秘的沼泽，名为大泽，传说中后稷曾在此隐居。沼泽中散布着无数珍贵的玉石，闪烁着温润的光芒。沼泽的阴暗处生长着榣木，这些树木高大而奇特，枝叶繁茂，仿佛拥有灵性。整个画面采用传统中国美学的彩色水墨风格，色彩淡雅，线条流畅，展现出一种宁静而神秘的氛围。
閼之澤,地名,泽名,山海經十八卷,宋淳熙七年（1180）池陽郡齋刻本,,prompt: 一片古老而神秘的湿地，名为閼之澤，四周环绕着茂密的原始森林，水面上漂浮着各种奇异的水生植物，色彩斑斓。远处山峦起伏，云雾缭绕，仿佛是通往另一个世界的门户。在水中，可以看到一些古老的神话生物，如龙蛇和水怪，它们悠然自得地游弋。整个画面充满了浓厚的古代中国美学，采用了彩色水墨风格，细节丰富而生动。
蕃澤,地名,泽名,山海經十八卷,宋淳熙七年（1180）池陽郡齋刻本,,prompt：古代神话中的泽名蕃澤，湖面波光粼粼，水草丰茂，四周环绕着奇异的山石和古老的树木。远处有几只珍稀的神鸟在飞翔，天空中云彩轻柔飘动，整个画面充满了神秘而宁静的气息，采用传统中国美学的彩色水墨风格绘制。
皐澤,地名,泽名,山海經十八卷,宋淳熙七年（1180）池陽郡齋刻本,,prompt: 皐澤，一片宁静而神秘的湿地，四周环绕着茂密的芦苇和水草，远处是连绵起伏的山脉。湖面如镜，倒映着天空中的云彩和飞翔的鸟儿。水中生长着各种奇异的水生植物，偶尔可见鱼儿跃出水面。整个画面以传统中国彩色水墨风格呈现，色彩柔和，线条流畅，展现出一种悠远而宁静的美感。
臯澤,地名,泽名,山海經十八卷,宋淳熙七年（1180）池陽郡齋刻本,,prompt: 一片广阔的沼泽地，四周环绕着茂密的芦苇和水草，远处隐约可见连绵起伏的山峦。沼泽中散布着几处清澈的水潭，水面倒映着天空的云彩。天空中飞过几只白鹭，增添了几分生机。画面采用传统中国美学的彩色水墨风格，展现出臯澤这片古老而神秘的泽地。
海澤,地名,泽名,山海經十八卷,宋淳熙七年（1180）池陽郡齋刻本,,prompt: 传统中国美学的彩色水墨风格，描绘一片广阔无垠的泽地，名为海澤。泽中水草丰茂，莲花盛开，各种奇异的水鸟在水面低飞或栖息于芦苇丛中。远处山峦起伏，云雾缭绕，与泽地相映成趣。画面色彩淡雅，线条流畅，充满诗意与神秘感。
湖澤,地名,泽名,山海經十八卷,宋淳熙七年（1180）池陽郡齋刻本,,prompt：湖泽，古代湖泊湿地的景象，水波荡漾，芦苇丛生，远处群山环绕，云雾缭绕。画面中可见一些神话中的水兽如龙、鱼凫等在水中游弋，天空中有仙鹤飞翔。整体色调以淡雅的水墨风格为主，色彩柔和，充满神秘而宁静的气息。参考《山海经》中对于古代湖泊和水生生物的描述，结合传统中国美学的彩色水墨画风进行创作。
黄澤,地名,泽名,山海經十八卷,宋淳熙七年（1180）池陽郡齋刻本,,prompt: 传统中国美学彩色水墨风格，描绘一片广阔的沼泽地带，名为黄澤。画面中，水草丰茂，芦苇丛生，远处群山若隐若现。天空呈现出淡淡的黄色，阳光透过云层洒在水面上，波光粼粼。几只水鸟在空中盘旋，或在水中觅食。整个画面充满生机与宁静，展现出古代插画风格的细腻与和谐。
鉅鹿澤,地名,泽名,山海經十八卷,宋淳熙七年（1180）池陽郡齋刻本,,prompt: 古代彩色水墨风格的鉅鹿澤，泽水清澈见底，周围群山环绕，山间云雾缭绕，泽中生长着各种奇花异草，鹿群在泽边悠闲地饮水，远处有几座古朴的亭台楼阁隐现于山林之间，天空中有一轮明月高悬，整个画面充满神秘而宁静的气息。
具區,地名,泽名,山海經十八卷,宋淳熙七年（1180）池陽郡齋刻本,,prompt: 古代江南水乡的具区泽，湖面广阔，波光粼粼，四周群山环绕，翠竹依依。湖中渔舟点点，渔民忙碌其间，岸边村落宁静祥和，古树参天，烟雾缭绕，仿佛一幅水墨画中的景象。色彩以淡雅为主，展现出中国传统美学的韵味。
即翼之澤,地名,泽名,山海經十八卷,宋淳熙七年（1180）池陽郡齋刻本,,prompt: 古典中国水墨画风格，即翼之澤，神秘而宁静的湖泊，四周环绕着茂密的森林和奇花异草，湖面上轻雾缭绕，几只仙鹤在水面低飞，远处山峦若隐若现，色彩以淡雅为主，融入古代插画风格，展现一种超凡脱俗的意境。
稷澤,地名,泽名,山海經十八卷,宋淳熙七年（1180）池陽郡齋刻本,,prompt: 传统中国美学的彩色水墨风格，描绘一片广阔而神秘的湿地，名为稷澤。画面中，水草丰美，芦苇丛生，远处山峦若隐若现。湿地中央有一座小岛，岛上长满了各种奇花异草，几只仙鹤在空中翱翔，增添了几分仙境般的氛围。水面波光粼粼，倒映着天空和周围的景色，整个画面充满了宁静与祥和的气息。
盡澤,地名,泽名,山海經十八卷,宋淳熙七年（1180）池陽郡齋刻本,"是多竒鳥怪獸竒魚皆異物焉,",prompt：盡澤，一个充满奇幻色彩的泽地，这里栖息着各种奇异的鸟类、怪兽和奇特的鱼类。画面中，可以看到一只羽毛绚丽多彩的大鸟在天空翱翔，其翅膀上绘有繁复的花纹；水中游弋着几条形态各异的鱼，有的长着龙头，有的则身披五彩鳞片；岸边还有一只半人半兽的生物，它正静静地注视着水面。整个场景以传统中国水墨画风格呈现，色彩丰富而和谐，细节精致，展现出一种神秘而又宁静的氛围。
陵羊之澤,地名,泽名,山海經十八卷,宋淳熙七年（1180）池陽郡齋刻本,,prompt: 陵羊之澤，一片神秘而宁静的湿地，四周被茂密的芦苇环绕，水面波光粼粼，远处山峦若隐若现。泽中生长着奇异的水生植物，偶尔可见几只珍稀的鸟类在水中嬉戏。整个画面采用传统中国美学的彩色水墨风格，色彩柔和且富有层次感，展现出一种悠远而又神秘的氛围。
櫟澤,地名,泽名,山海經十八卷,宋淳熙七年（1180）池陽郡齋刻本,,prompt: 櫟澤，一片神秘而宁静的泽国，四周环绕着古老的櫟树，树干粗壮，枝叶繁茂。水中倒映着天空和树木，波光粼粼，水面上漂浮着几朵盛开的莲花。远处山峦起伏，云雾缭绕，增添了几分幽静与神秘。整个画面以彩色水墨风格呈现，色彩柔和，线条流畅，展现出传统中国美学的魅力。
雷澤,地名,泽名,山海經十八卷,宋淳熙七年（1180）池陽郡齋刻本,"中有雷神,",prompt: 雷澤，一片神秘的沼泽地带，中央有一座古老的神庙，雷神正站在神庙前，手持巨大的雷电之锤，周围环绕着闪电和乌云。画面采用传统中国美学的彩色水墨风格，背景是深邃的沼泽地，水面上漂浮着莲花和水草，远处有山峦若隐若现。雷神的形象威严而神秘，身穿古朴的战甲，头戴龙角冠，眼神中透露出强大的力量。整个画面充满神话气息，展现出雷澤的独特魅力。
孟翼之攻顓頊之池,地名,泽名,山海經十八卷,宋淳熙七年（1180）池陽郡齋刻本,,prompt: 古代神话中的孟翼之攻颛顼之池，一片神秘的泽地，水色深邃幽蓝，周围环绕着奇异的山石和茂密的古木。天空中飘浮着淡淡的云雾，几只仙鹤在空中盘旋。池边长满了各种奇花异草，色彩斑斓，散发出淡淡的幽香。远处有一座古老的神庙，庙宇的屋顶覆盖着青苔，显得古朴而庄严。整幅画面以彩色水墨风格呈现，富有传统中国美学特色。
湣澤,地名,泽名,山海經十八卷,宋淳熙七年（1180）池陽郡齋刻本,,prompt: 一片古老而神秘的泽地，名为湣澤，水面上弥漫着淡淡的雾气，远处山峦若隐若现。泽中生长着各种奇异的植物，有的花朵如火焰般鲜艳，有的叶子如羽毛般轻盈。水边有几只仙鹤悠闲地站立，水中游动着几条色彩斑斓的鱼。整个画面采用传统的中国彩色水墨风格，充满了诗意和幽静之美。
彭澤,地名,泽名,山海經十八卷,宋淳熙七年（1180）池陽郡齋刻本,,prompt: 古代中国神话中的泽名彭澤，一片广阔而神秘的水域，四周环绕着茂密的森林和起伏的山峦。湖面波光粼粼，清澈见底，水草丰美，鱼虾成群。湖中有一座小岛，岛上长满了奇花异草，有仙鹤栖息其上。远处的山峰云雾缭绕，仿佛仙境一般。画面采用传统中国彩色水墨风格，色彩淡雅，线条流畅，展现出一种宁静而祥和的氛围。
卭澤,地名,泽名,山海經十八卷,宋淳熙七年（1180）池陽郡齋刻本,,prompt: 一片宁静的湖泊，湖面如镜，倒映着远处连绵起伏的山峦。湖边生长着茂密的芦苇和各种水生植物，偶尔有几只水鸟掠过水面，激起一圈圈涟漪。湖畔有一座古朴的小亭，亭中坐着几位文人雅士，或吟诗作画，或品茗谈天，展现出一幅充满诗意的山水画卷。画面采用传统中国美学的彩色水墨风格，色彩淡雅，线条流畅，富有意境。
三淖,地名,泽名,山海經十八卷,宋淳熙七年（1180）池陽郡齋刻本,"有三澤水,昆吾之所食也,",prompt: 三淖，一片古老而神秘的泽地，由三个相连的湖泊组成，湖水清澈见底，周围环绕着茂密的原始森林。昆吾神兽在此栖息，它身形庞大，长有鳞片，头上有角，目光炯炯有神。画面中，昆吾正在水中嬉戏，激起层层涟漪。远处是连绵起伏的山脉，山间云雾缭绕，展现出一幅宁静而祥和的景象。整个画面采用传统中国美学的彩色水墨风格，色彩淡雅，线条流畅，充满诗意。
沙澤,地名,泽名,山海經十八卷,宋淳熙七年（1180）池陽郡齋刻本,,prompt: 古代神话中的泽名沙澤，一片神秘而宁静的水域，水面如镜，倒映着周围的山峦和树木。水边生长着各种奇异的植物，如莲花、菖蒲等，水中游弋着传说中的水兽，如蛟龙、鱼人等。画面采用传统中国美学的彩色水墨风格，色彩淡雅，线条流畅，展现出一种幽静而神秘的氛围。
深澤,地名,泽名,山海經十八卷,宋淳熙七年（1180）池陽郡齋刻本,"廣貟四十里皆涌,其中多蠵龜,",prompt: 深澤，一片广阔四十里的水域，波光粼粼，水面下涌动着无数的蠵龟。画面中，深泽四周被茂密的芦苇和古木环绕，水面上偶尔可以看到蠵龟露出水面呼吸，它们的壳上有着独特的花纹。远处，群山若隐若现，天空中飘着淡淡的云彩。整体画面采用传统中国彩色水墨风格，色彩淡雅，线条流畅，充满诗意。
少澤,地名,泽名,山海經十八卷,宋淳熙七年（1180）池陽郡齋刻本,,prompt: 少澤，古代神话中的泽名，位于一片神秘而宁静的湿地之中。画面中，少澤被茂密的芦苇和莲花环绕，远处有几只仙鹤在水中悠闲地漫步。天空呈现出淡淡的蓝色，几朵轻盈的云彩漂浮其间。阳光透过云层洒下，形成斑驳的光影效果。整个场景充满了宁静和谐的氛围，展现了传统中国美学中的彩色水墨风格。
