﻿名字,一级类目,二级类目,出处书名,版本,描述,prompt
軒轅之臺,地名,建筑,山海經十八卷,宋淳熙七年（1180）池陽郡齋刻本,"射者不敢西嚮射畏軒轅之臺,",prompt：軒轅之臺，一座古老而神秘的建築，坐落在山巔之上，四周雲霧繚繞。臺身由巨大的青石砌成，古樸莊嚴，雕刻著神獸和符文，透露出濃厚的遠古氣息。臺頂矗立著一尊黃帝軒轅的雕像，威嚴肅穆，手持弓箭，目光炯炯有神，俯瞰四方。整個建築呈現出一種不可侵犯的神聖感，讓所有來到這裡的射者都不敢朝西方向射箭，唯恐觸怒了這位偉大的帝王。背景是蒼茫的山川，層層疊疊的山巒在雲霧中若隱若現，增添了一絲神秘與莊嚴。整體風格融合了古代插畫的細膩與傳統中國彩色水墨的韻味。
衆帝之臺,地名,建筑,山海經十八卷,宋淳熙七年（1180）池陽郡齋刻本,"在崑崙之北,柔利之東,",prompt: 位于崑崙之北，柔利之东的衆帝之臺，是一座宏伟壮观的古代建筑。它坐落在群山之中，周围环绕着云雾缭绕的仙境景象。建筑本身采用传统的中国宫殿风格，屋顶覆盖着琉璃瓦，飞檐翘角，雕刻精美。台基高耸，由巨大的石块砌成，台阶层层叠叠，通向顶部的主殿。四周有精美的栏杆和装饰性的石雕，描绘着神话中的神兽和仙人。整个建筑在彩墨风格下显得神秘而庄严，仿佛是连接人间与天界的神圣之地。
帝丹朱臺,地名,建筑,山海經十八卷,宋淳熙七年（1180）池陽郡齋刻本,"各二臺,臺四方,在崑崙東北,",prompt: 帝丹朱臺，两座四方形高台，位于昆仑山的东北方向，建筑风格古朴庄重，色彩以红、金为主，周围环绕着祥云和仙鹤，背景是巍峨的昆仑山脉，整体呈现出一种神秘而庄严的氛围。
帝嚳臺,地名,建筑,山海經十八卷,宋淳熙七年（1180）池陽郡齋刻本,"各二臺,臺四方,在崑崙東北,",prompt：帝嚳臺，两座方形高台，位于昆仑山的东北方向，建筑风格古朴庄重，采用传统的中国美学设计，色彩以淡雅的水墨色为主，点缀以金色和朱红色，四周环绕着祥云和神兽，展现出神秘而庄严的气息。背景是巍峨的昆仑山脉，山峰若隐若现于云雾之中，增添了一种超凡脱俗的感觉。
帝舜臺,地名,建筑,山海經十八卷,宋淳熙七年（1180）池陽郡齋刻本,"各二臺,臺四方,在崑崙東北,",prompt：帝舜臺，两座四方形高台建筑，位于昆仑山的东北方向，古朴庄重，充满神秘气息。建筑风格融合了古代中国美学与神话元素，色彩以深蓝、墨绿为主，辅以金色点缀，展现出宏伟壮观的气势。四周环绕着祥云和奇花异草，远处是巍峨的昆仑山脉，整体呈现出一种超凡脱俗的意境。
帝臺,地名,建筑,山海經十八卷,宋淳熙七年（1180）池陽郡齋刻本,,prompt: 一座宏伟的古代宫殿，名为帝臺，矗立在云雾缭绕的山巅之上。宫殿以青石为基，金碧辉煌的琉璃瓦覆盖其顶，飞檐翘角，雕梁画栋，尽显皇家气派。四周环绕着奇花异草和珍稀树木，远处是连绵起伏的山脉，近处则有清澈的小溪流过。整个画面采用传统中国美学的彩色水墨风格，细腻描绘每一处细节，展现出一种神秘而庄严的氛围。
帝藥八齋,地名,建筑,山海經十八卷,宋淳熙七年（1180）池陽郡齋刻本,,prompt: 传统中国美学的彩色水墨风格，帝藥八齋，一座宏伟而神秘的古代建筑，位于山巅之上，四周云雾缭绕。建筑采用传统的飞檐翘角设计，屋顶覆盖着琉璃瓦，色彩斑斓。建筑内部有八个独立的斋房，每个斋房都有独特的装饰和功能，供奉着各种草药和神灵。庭院中种植着各种奇花异草，散发出淡淡的香气。整座建筑透露出一种古老而庄严的气息，仿佛是通往仙界的门户。
帝堯臺,地名,建筑,山海經十八卷,宋淳熙七年（1180）池陽郡齋刻本,"各二臺,臺四方,在崑崙東北,",prompt: 中国古代建筑风格的帝堯臺，两座台子并立，每座台子呈四方形，位于崑崙山的东北方向，采用传统中国美学的彩色水墨画风格，细腻描绘出古代神话中的神秘氛围，周围环绕着云雾和奇石，展现出一种超凡脱俗的仙境景象。
帝之平圃,地名,建筑,山海經十八卷,宋淳熙七年（1180）池陽郡齋刻本,"神英招司之,",prompt: 神英招司之帝之平圃，位于云端之上，四周环绕着祥云和仙鹤，建筑风格融合了传统中国美学与神话色彩。主殿采用彩色水墨画风格，屋顶覆盖琉璃瓦，檐下挂着风铃，随风轻轻作响。庭院中种植着奇花异草，散发出淡淡的香气，远处可见仙山若隐若现，整个场景充满了神秘而庄严的气息。
共工臺,地名,建筑,山海經十八卷,宋淳熙七年（1180）池陽郡齋刻本,,prompt: 古代神话中的共工臺，一座雄伟壮观的建筑，位于山巅之上，四周云雾缭绕。共工臺采用传统的中式建筑风格，以红色和金色为主色调，屋顶覆盖着琉璃瓦，飞檐翘角，雕梁画栋。台基由巨大的青石砌成，台阶蜿蜒而上，两侧有精美的石雕护栏。共工臺周围是茂密的古树和奇花异草，远处可见群山起伏，景色壮丽。整体画面采用彩色水墨风格，既有传统中国美学的韵味，又不失神话传说的神秘感。
共工之臺,地名,建筑,山海經十八卷,宋淳熙七年（1180）池陽郡齋刻本,"臺在其（相栁）東,臺四方,隅有一蛇,",prompt: 共工之臺，一座古老的四方形建筑，位于相栁的东侧。每个角落都有一条盘旋而上的蛇，守护着这座神秘的高台。整体建筑采用古代中国风格，以青砖和红木为主要材料，屋顶覆盖着琉璃瓦，细节处雕刻着精美的云纹和龙凤图案。四周环绕着茂密的古树和蜿蜒的小溪，营造出一种神秘而庄严的氛围。背景是远山和云雾，增添了一种超凡脱俗的感觉。画面采用传统中国美学的彩色水墨风格，色调以淡雅为主，展现出一种古典而宁静的美感。
九門,地名,建筑,山海經十八卷,宋淳熙七年（1180）池陽郡齋刻本,"門有開明獸守之,",prompt: 九門，一座古老而神秘的建筑，门上雕刻着精美的云纹和神兽图案，门前两侧各有一只开明兽守卫，开明兽身披金色鳞甲，双目炯炯有神，威风凛凛。整座建筑采用传统的中国宫殿风格，屋顶覆盖着青色琉璃瓦，屋檐下悬挂着红色灯笼，周围环绕着茂密的古树，背景是淡淡的山水画，整体呈现出一种庄重而又神秘的氛围。画面采用彩色水墨风格，色彩鲜艳而不失古朴，细节丰富且富有层次感。
俊壇,地名,建筑,山海經十八卷,宋淳熙七年（1180）池陽郡齋刻本,"有水四方,",prompt: 俊壇，一座古老的祭祀建筑，位于水四方之中。建筑风格古朴典雅，采用传统的中国建筑元素，如飞檐翘角、红墙碧瓦。四周环绕着清澈的水流，水面平静如镜，倒映出俊壇的雄伟身影。背景是淡雅的山水画，远处山峦起伏，云雾缭绕，营造出一种神秘而宁静的氛围。整体画面采用彩色水墨风格，细腻地描绘出古代祭祀建筑的庄严与神圣。
两壇,地名,建筑,山海經十八卷,宋淳熙七年（1180）池陽郡齋刻本,"彩鳥是司,",prompt: 两壇，一座古老的祭祀建筑，位于山巅之上，四周环绕着茂密的森林。建筑采用传统的中式风格，屋顶覆盖着青色琉璃瓦，檐角飞翘，雕梁画栋。正门上方悬挂着一块金色匾额，上书“两壇”二字。门前两侧各立有一对石狮，威严庄重。坛内供奉着彩鳥神像，彩鳥身披五彩斑斓的羽毛，形态优美，栩栩如生，仿佛随时会振翅高飞。背景是层峦叠嶂的山脉和缭绕的云雾，整幅画面充满了神秘与庄严的氛围。
琅瑘臺,地名,建筑,山海經十八卷,宋淳熙七年（1180）池陽郡齋刻本,"在渤海間,琅瑘之東,其北有山,一曰在海間,",prompt：在渤海之间，琅瑘之东，有一座名为琅瑘臺的古老建筑。它坐落在海边，北面是连绵起伏的山脉。整座建筑采用传统的中国风格，以木质结构为主，屋顶覆盖着青瓦，飞檐翘角，显得古朴而典雅。建筑周围环绕着翠绿的松柏和奇石，远处海天一色，波光粼粼。整个画面呈现出一种宁静而神秘的氛围，仿佛置身于古代神话中的仙境。参考古代插画风格和传统中国美学的彩色水墨风格，描绘出这座神秘而又美丽的琅瑘臺。
囷,地名,建筑,山海經十八卷,宋淳熙七年（1180）池陽郡齋刻本,,prompt：囷，古代粮仓建筑，结构稳固，外形呈圆形或方形，顶部覆盖茅草或瓦片，四周有木制围栏，内部设有多个储粮格，周围环境宁静，远处是连绵的山峦和田野，整体风格采用传统中国美学的彩色水墨画风，色彩淡雅，线条流畅。
石門,地名,建筑,山海經十八卷,宋淳熙七年（1180）池陽郡齋刻本,"河水冐以西流,",prompt: 一座古老的石门，矗立在湍急的河流旁，河水从石门下方奔涌而过，向西流去。石门上雕刻着复杂的山海经神兽图案，周围环绕着茂密的古树和奇花异草。整体画面采用彩色水墨风格，展现出传统中国美学的魅力。
壇,地名,建筑,山海經十八卷,宋淳熙七年（1180）池陽郡齋刻本,,prompt: 一座古老的祭祀坛，位于山巅之上，四周环绕着茂密的古木和缭绕的云雾。壇面以青石铺就，雕刻着复杂的山海经神兽图案，如夔牛、凤凰等，线条流畅而富有动感。壇中央有一座青铜鼎，鼎身刻有篆书铭文，烟雾从鼎中缓缓升起，象征着与天地沟通的神秘力量。壇周围摆放着各种祭祀用具，如玉璧、礼器等，呈现出庄严肃穆的氛围。整幅画面采用传统中国美学的彩色水墨风格，色彩淡雅，笔触细腻，展现出一种古朴而神秘的气息。
（羣帝）臺,地名,建筑,山海經十八卷,宋淳熙七年（1180）池陽郡齋刻本,"禹湮洪水殺相繇,其（相繇）血腥臭不可生榖,禹湮之三仞三沮,乃以爲池羣帝是因以爲臺,",prompt：一座古老的高台，名为（羣帝）臺，矗立在一片被洪水淹没过的土地上。这座高台由大禹为了镇压相繇的血腥和恶臭而建造，其结构坚固，高达三仞。台基用巨大的石块堆砌而成，表面覆盖着青苔，显得古朴而庄重。高台上建有几座精美的宫殿，屋顶采用传统的飞檐翘角设计，琉璃瓦在阳光下闪烁着光芒。四周环绕着清澈的池水，水面倒映着高台和宫殿的影子，仿佛是天地间的一片净土。背景中，远山若隐若现，云雾缭绕，增添了几分神秘感。整体风格融合了古代插画的细腻线条和传统中国美学的彩色水墨风格，展现出一种古典而宏伟的美感。
