﻿名字,一级类目,二级类目,出处书名,版本,描述,prompt
温源谷,地名,谷野名,山海經十八卷,宋淳熙七年（1180）池陽郡齋刻本,,prompt: 中国传统山水画风格，温源谷，一个神秘而宁静的山谷，四周被青翠的山峦环绕，山谷中流淌着清澈的小溪，溪边长满了各种奇花异草。远处云雾缭绕，仿佛有仙气弥漫。阳光透过云层洒下，为整个山谷披上了一层金色的光辉。画面中可见几只珍禽异兽在林间悠闲地漫步，增添了几分生动与自然的气息。色彩以淡雅为主，采用水墨画技法，展现一种悠远而宁静的意境。
沃之野,地名,谷野名,山海經十八卷,宋淳熙七年（1180）池陽郡齋刻本,"鳳鳥之卵是食,甘露是飲,凡其所欲其味盡存爰有甘華璿瑰甘柤瑤碧白木白柳視肉琅玕白丹青丹多銀鐵,鸞鳳自歌,鳳鳥自舞,爰有百獸相群是處,",prompt: 沃之野，一片神奇而丰饶的土地，这里凤鸟之卵是食，甘露是饮。画面中，凤凰和鸾鸟在空中自由飞翔，它们或歌唱或舞蹈，展现出一种祥和与欢乐的氛围。地上生长着各种奇花异草，如甘华、璇瑰、甘柤、瑶碧等，色彩斑斓，美不胜收。白木和白柳矗立其间，枝叶繁茂。此外，还有视肉、琅玕、白丹、青丹等珍贵宝物散落其中，银铁矿藏丰富。百兽在此和谐共处，形成一幅生机勃勃的自然画卷。整体风格参考古代插画，采用传统中国美学的彩色水墨风格，注重细节描绘，展现沃之野的神秘与美丽。
梟谷,地名,谷野名,山海經十八卷,宋淳熙七年（1180）池陽郡齋刻本,"其中多鐵,",prompt: 古典中国风格的彩色水墨画，描绘一个名为梟谷的地方，山谷中遍布着铁矿石和古老的铁器，山势险峻，云雾缭绕，树木茂密，远处隐约可见古代采铁工人的身影，画面充满神秘与原始的气息。
禺谷,地名,谷野名,山海經十八卷,宋淳熙七年（1180）池陽郡齋刻本,,prompt: 禺谷，古代神话中的神秘之地，位于日落之处。画面中，夕阳西下，天边泛着金红色的余晖，禺谷中长满了奇异的花草，远处山峦起伏，云雾缭绕。谷中有一条清澈的小溪蜿蜒流淌，溪水旁生长着古老的树木，树上挂满了五彩斑斓的果实。整个场景充满了神秘与宁静的气息，色彩以暖色调为主，融合了中国传统水墨画的风格，展现出一种古老而梦幻的氛围。
夭野,地名,谷野名,山海經十八卷,宋淳熙七年（1180）池陽郡齋刻本,,prompt: 一片古老而神秘的山谷，名为夭野，四周被苍翠的山峦环绕，山谷中生长着各种奇异的植物和鲜花，溪流潺潺，清澈见底。远处可以看到一些古老的树木，树干粗壮，枝叶茂盛。天空中飘着几朵白云，阳光透过云层洒下，给整个山谷带来一种宁静而祥和的氛围。画面采用传统的中国彩色水墨风格，色彩淡雅，线条流畅，展现出一种古朴而唯美的意境。
育遺,地名,谷野名,山海經十八卷,宋淳熙七年（1180）池陽郡齋刻本,"多怪鳥,凱風自是出,",prompt: 育遺，谷野名，多怪鳥棲息之地，凱風自是出。画面中，育遺之地遍布奇异的鸟类，它们形态各异，有的长着绚丽的羽毛，有的拥有独特的喙和爪子，飞翔在天空中或栖息在古树上。凯风从远处吹来，带来了一丝凉爽，使得整个场景充满了生机与神秘感。背景以彩色水墨风格描绘，山水交融，云雾缭绕，展现了传统中国美学的韵味。
中谷,地名,谷野名,山海經十八卷,宋淳熙七年（1180）池陽郡齋刻本,"條風自是出,",prompt: 中谷，古代谷野名，條風自是出。描绘一片古老而神秘的山谷，山峦起伏，云雾缭绕，条风从山谷中缓缓吹出，带来生机与活力。画面采用传统中国美学的彩色水墨风格，用细腻的笔触勾勒出山石、树木和流水，色彩以淡雅为主，表现出山谷的幽静与自然之美。背景中隐约可见古木参天，远处山峰若隐若现，营造出一种宁静而又充满生命力的氛围。
諸夭之野,地名,谷野名,山海經十八卷,宋淳熙七年（1180）池陽郡齋刻本,"鸞鳥自歌,鳯鳥自舞,鳯皇夘民食之,甘露民飲之,所欲自從也,百獸相與群居,在四蛇北,其人兩手操夘食之,兩鳥居前導之,",prompt: 诸夭之野，鸾鸟自歌凤鸟自舞，凤凰与民共享美食，甘露滋润民众，百兽和谐共处。画面中，四蛇位于南方，北方则是人们双手捧着食物，两只鸟在前方引导。采用古代插画风格和传统中国美学的彩色水墨风格，展现这一神秘而和谐的场景。
蒼梧之野,地名,谷野名,山海經十八卷,宋淳熙七年（1180）池陽郡齋刻本,"赤水之東,舜與叔均之所葬也,爰有文貝離俞嶋久鷹賈委維熊羆象虎豹狼視肉,",prompt: 赤水之东的苍梧之野，舜与叔均葬于此地。画面中，文贝、离俞、嶋久鹰、贾委维熊、罴、象、虎、豹、狼等动物和谐共存，四周环绕着茂密的山林和清澈的溪流，天空中飘浮着祥云，远处群山连绵，展现出一幅宁静而神秘的自然景象。采用传统中国美学的彩色水墨风格，色彩丰富而柔和，线条流畅而细腻，体现出古代插画的韵味。
朝陽之谷,地名,谷野名,山海經十八卷,宋淳熙七年（1180）池陽郡齋刻本,"神曰天吴,",prompt: 朝陽之谷，神曰天吴，曙光初照的幽深山谷中，天吴神兽屹立于山巅，其身九首，形态各异，或怒目圆睁，或微笑含蓄，或威严庄重。天吴周身环绕着五彩斑斓的云雾，仿佛是日出时分霞光万道的缩影。山谷之中，古木参天，藤蔓缠绕，奇花异草点缀其间，溪流潺潺，清澈见底。远处群山连绵，层峦叠嶂，晨雾缭绕，宛如仙境。整个画面以传统中国彩色水墨风格绘制，色彩淡雅而富有层次感，展现出一种神秘而又宁静的氛围。
大谷,地名,谷野名,山海經十八卷,宋淳熙七年（1180）池陽郡齋刻本,,prompt: 大谷，一个神秘而宁静的山谷，四周被险峻的山峰环绕，山间云雾缭绕。山谷中生长着茂密的古树和奇异的花草，一条清澈的小溪从山谷深处蜿蜒流出，溪水潺潺，映照着周围的自然美景。远处可以看到一些古老的村落，村民们过着与世无争的生活。整个画面采用传统的中国水墨画风格，色彩淡雅，线条流畅，展现出一种悠远而宁静的氛围。
都廣之野,地名,谷野名,山海經十八卷,宋淳熙七年（1180）池陽郡齋刻本,"西南黒水之間,后稷葬焉,爰有膏菽膏稻膏黍膏稷,百穀自生,冬夏播琴,鸞鳥自歌,鳯鳥自儛,靈壽實華,草木所聚,爰有百獸相羣爰處,此草也冬夏不死,",prompt: 都廣之野，位于西南黑水之间，后稷葬于此地。此地百谷自生，冬夏皆可播种和收获。鸾鸟在此自由歌唱，凤凰在此翩翩起舞。灵寿树繁花似锦，草木茂盛，各种野兽和谐共处。这里的草木四季常青，永不凋零。画面中应展现一片生机勃勃的景象，有鸾鸟、凤凰、灵寿树、各类草木及野兽，整体风格参考古代插画和传统中国美学的彩色水墨风格。
大壑,地名,谷野名,山海經十八卷,宋淳熙七年（1180）池陽郡齋刻本,"東海之外,少昊之國,少昊孺帝顓頊於此,棄其琴瑟,",prompt: 东海之外，少昊之国，大壑之地，景色壮丽。画面中，山谷深邃幽静，云雾缭绕，山石嶙峋，古木参天。在一处开阔的谷地中，年轻的颛顼正在与少昊交谈，旁边散落着几件古老的琴瑟乐器。整个场景采用传统中国美学的彩色水墨风格，色彩淡雅，线条流畅，展现出一种神秘而宁静的氛围。背景中隐约可见远处的山脉和海浪，增添了画面的深远感。
大荒之野,地名,谷野名,山海經十八卷,宋淳熙七年（1180）池陽郡齋刻本,,prompt：大荒之野，一片古老而神秘的土地，四周被险峻的山脉环绕，中央是一片广阔的平原。天空中飘着淡淡的云彩，阳光透过云层洒在土地上，形成斑驳的光影。平原上长满了各种奇异的植物，有的高大如树，有的低矮如草，色彩斑斓。远处可以看到一些奇形怪状的山峰，山脚下散布着古老的村落和遗迹。整个场景充满了古代神话的气息，以彩色水墨风格绘制，展现出传统中国美学的独特韵味。
大樂之野,地名,谷野名,山海經十八卷,宋淳熙七年（1180）池陽郡齋刻本,"夏后啓於此儛九代,在大運山北,一曰大遺之野,",prompt: 大乐之野，夏后启在此舞九代，位于大运山北，又名大遗之野。画面中，夏后启身穿华丽的古装，手持长剑，在一片广袤而神秘的山谷中翩翩起舞。背景是连绵起伏的大运山脉，山峦间云雾缭绕，显得幽静而神秘。山谷中草木葱茏，鲜花盛开，色彩斑斓如仙境。远处有几座古老的建筑隐约可见，增添了几分古朴的气息。整体画面采用传统中国美学的彩色水墨风格，线条流畅，色彩淡雅，充满诗意与神话氛围。
大遺之野,地名,谷野名,山海經十八卷,宋淳熙七年（1180）池陽郡齋刻本,,prompt: 大遺之野，一片古老而神秘的山谷，四周群山环绕，云雾缭绕。山谷中生长着奇花异草，溪流潺潺，清澈见底。天空中偶尔有凤凰飞翔，地上则有各种珍禽异兽出没。整个画面采用传统中国美学的彩色水墨风格，色彩淡雅，笔触细腻，展现出一种宁静而祥和的氛围。
雚谷,地名,谷野名,山海經十八卷,宋淳熙七年（1180）池陽郡齋刻本,,prompt: 中国传统水墨画风格，雚谷，一片幽静的山谷，四周环绕着奇异的山峰和茂密的古木，山谷中流淌着清澈的小溪，溪边长满了各种奇花异草，远处有几只仙鹤在飞翔，天空中飘浮着淡淡的云雾，整个画面充满了神秘而宁静的气息。
共谷,地名,谷野名,山海經十八卷,宋淳熙七年（1180）池陽郡齋刻本,"多竹,",prompt: 一片茂密的竹林，竹子高耸入云，翠绿欲滴。阳光透过竹叶洒下斑驳光影，地面上铺满了厚厚的竹叶。远处山峦起伏，云雾缭绕。画面中有一条清澈的小溪蜿蜒穿过竹林，溪水潺潺流动，几只小鸟在竹林间欢快地飞舞。整个场景充满宁静与生机，展现出一种传统中国美学的彩色水墨风格。
河曲,地名,谷野名,山海經十八卷,宋淳熙七年（1180）池陽郡齋刻本,"是多駕鳥,",prompt: 古代中国风格的河曲谷野，多駕鳥在天空中翱翔，背景是连绵起伏的山脉和蜿蜒的河流，画面采用传统彩色水墨风格，充满神秘与宁静之美。
机谷,地名,谷野名,山海經十八卷,宋淳熙七年（1180）池陽郡齋刻本,"多䲦鳥,",prompt: 机谷，一个充满神秘气息的谷野之地，这里多䲦鸟。画面中，机谷被描绘成一片幽深而宁静的山谷，四周是连绵起伏的青山，山间云雾缭绕，仿佛仙境一般。谷中树木葱郁，溪流潺潺，几只形态奇特、色彩斑斓的䲦鸟在空中飞翔或栖息于枝头，它们羽毛鲜艳，翅膀宽大，眼神灵动。整个场景采用传统中国美学的彩色水墨风格，既有细腻的笔触勾勒出自然景色之美，也有大胆的色彩运用突出奇幻生物的特色。
沮吴,地名,谷野名,山海經十八卷,宋淳熙七年（1180）池陽郡齋刻本,,prompt: 沮吴，谷野名，参考古代插画风格和传统中国美学的彩色水墨风格，描绘一片幽静而神秘的山谷，山间云雾缭绕，溪流潺潺，古木参天，野花遍地，远处山峦起伏，近处小径蜿蜒，几只仙鹤在空中盘旋，增添几分仙气。色彩以淡雅为主，用墨色勾勒出山石轮廓，再以淡彩渲染，营造出一种宁静而深远的氛围。
九野,地名,谷野名,山海經十八卷,宋淳熙七年（1180）池陽郡齋刻本,,prompt: 九野，谷野名，一片神秘而广袤的山谷，四周群山环绕，云雾缭绕。山谷中生长着各种奇异的植物，有的花朵如火焰般绚烂，有的果实闪烁着金属般的光泽。一条清澈见底的小溪蜿蜒穿过山谷，溪边有几只神兽在悠闲地饮水。天空中，彩霞与日光交织，形成一幅壮丽的景象。整个画面采用传统中国美学的彩色水墨风格，既有细腻的笔触，又不失大气磅礴之感。
栗廣之野,地名,谷野名,山海經十八卷,宋淳熙七年（1180）池陽郡齋刻本,"女媧之腸化爲神處栗廣之野,",prompt：女娲之肠化为神处栗广之野，画面中展现一片广阔而神秘的山谷，山峦起伏，云雾缭绕。在山谷中央，有一片茂密的栗树林，树木高大挺拔，枝叶繁茂，树下散布着各种奇花异草。在这片栗树林中，可以看到一条蜿蜒的小溪，溪水清澈见底，流淌在石缝之间。天空中，几只仙鹤飞翔，增添了几分仙境般的氛围。远处的山峰若隐若现，仿佛隐藏着无数神秘的力量。整个画面采用传统中国美学的彩色水墨风格，色彩淡雅，意境深远。
歐絲之野,地名,谷野名,山海經十八卷,宋淳熙七年（1180）池陽郡齋刻本,"在大踵東,一女子跪據樹歐絲,",prompt: 在大踵东边的欧丝之野，一位女子跪坐在古老的树木旁，手中正从树上抽取着细腻的丝线。她的服饰古朴典雅，长发如瀑布般垂落，面容温柔而专注。周围是茂密的森林，阳光透过树叶洒下斑驳光影，营造出一种神秘而宁静的氛围。画面采用传统中国美学的彩色水墨风格，色彩柔和，线条流畅，展现出古代插画的韵味。
蛇谷,地名,谷野名,山海經十八卷,宋淳熙七年（1180）池陽郡齋刻本,,prompt: 一片幽深的山谷，两侧是陡峭的山壁，山壁上长满了青苔和藤蔓。山谷中弥漫着淡淡的雾气，阳光透过稀疏的云层洒下，形成一道道光束。山谷底部有一条蜿蜒的小溪，溪水清澈见底，溪边长满了各种奇花异草。山谷中偶尔可见几条巨大的蛇在草丛中穿梭，它们身上覆盖着五彩斑斓的鳞片，在阳光下闪闪发光。整个画面采用传统中国美学的彩色水墨风格，色彩淡雅而富有诗意。
壽華之野,地名,谷野名,山海經十八卷,宋淳熙七年（1180）池陽郡齋刻本,,prompt: 古典中国山水画风格的壽華之野，色彩以淡雅的水墨为主，山峦层叠，云雾缭绕，远处有几座古老的村落，村中炊烟袅袅，田野间稻谷金黄，小桥流水人家，一派宁静祥和的田园风光。画面中点缀着一些神话传说中的奇花异草，如灵芝、瑶草等，增添了几分神秘气息。
沙陵,地名,谷野名,山海經十八卷,宋淳熙七年（1180）池陽郡齋刻本,,prompt: 沙陵，谷野名，一片广袤的沙漠与绿洲交织之地，沙丘起伏如同波浪，阳光下金光闪闪。绿洲中树木葱郁，溪流潺潺，生机盎然。远处山峦若隐若现，天空湛蓝，几朵白云悠闲地飘过。整体风格参考古代插画，采用传统中国美学的彩色水墨技法，展现出自然和谐之美。
墠渚,地名,谷野名,山海經十八卷,宋淳熙七年（1180）池陽郡齋刻本,"禹父之所化,",prompt：禹父之所化，名为墠渚的谷野之地，山川秀美，草木葱郁。画面中央有一座巍峨的山峰，山脚下是广阔的田野和蜿蜒的河流。山峰上云雾缭绕，仿佛有仙气弥漫。田野中稻谷丰茂，一片金黄，远处有几处村落，炊烟袅袅。整个画面采用传统中国彩色水墨风格，色彩淡雅而富有层次感，展现出一种宁静祥和的田园风光。
湯谷,地名,谷野名,山海經十八卷,宋淳熙七年（1180）池陽郡齋刻本,,prompt: 湯谷，一个充满神秘气息的山谷，四周被奇峰异石环绕，山间云雾缭绕，阳光透过云层洒下，形成一道道光束。山谷中有一片广阔的湖泊，湖水清澈见底，湖边生长着各种奇异的植物和花卉，色彩斑斓，散发出淡淡的幽香。湖中心有一座小岛，岛上长满了翠绿的树木，树上栖息着各种珍稀的鸟类。整个山谷弥漫着一种宁静而祥和的氛围，仿佛是人间仙境。参考古代插画风格和传统中国美学的彩色水墨风格，展现汤谷的神秘与美丽。
天穆之野,地名,谷野名,山海經十八卷,宋淳熙七年（1180）池陽郡齋刻本,"高二千仞,開焉得始歌《九招》,",prompt: 天穆之野，高二千仞的神秘谷野，云雾缭绕，山峰挺拔入云，四周环绕着翠绿的森林和清澈的溪流。山谷中有一片开阔地带，仿佛是天地间的一块净土，这里是始歌《九招》的地方。画面中，几位古代乐师正在演奏古琴、箫等乐器，乐声悠扬，与自然融为一体。背景中，远处的山峦若隐若现，近处的树木郁郁葱葱，整个场景充满了宁静和谐的氛围。参考古代插画风格和传统中国美学的彩色水墨风格，色调以淡雅为主，突出天穆之野的神秘与宁静。
