名字,一级类目,二级类目,出处书名,版本,描述,prompt,image_path
轅,器物,器物,山海經十八卷,宋淳熙七年（1180）池陽郡齋刻本,,prompt: 传统中国美学彩色水墨风格，古代战车轅，精美的木制结构，雕刻有祥云和龙纹图案，车轮边缘装饰着古铜色的花纹，整体呈现出庄重而华丽的气息，背景为淡雅的山水景色，营造出一种古典而神秘的氛围。,
翳,器物,器物,山海經十八卷,宋淳熙七年（1180）池陽郡齋刻本,,prompt: 中国传统水墨画风格，古朴典雅的翳，一种神秘的古代器物，形状似扇，用以遮蔽阳光或视线。画面中，翳的扇面细腻地描绘着山海经中的奇异鸟兽图案，边缘镶嵌着精致的金边，手柄部分雕刻成龙形，栩栩如生，展现出浓厚的神话色彩和古典美学。背景为淡淡的山水，增添几分幽静之美。,
魚䱉,器物,器物,山海經十八卷,宋淳熙七年（1180）池陽郡齋刻本,,prompt: 传统中国美学的彩色水墨风格，古代器物鱼䱉，造型独特，似鱼非鱼，线条流畅，色彩淡雅，古朴典雅，细节精致，背景为古典山水，云雾缭绕，增添神秘感。,
玉璜,器物,器物,山海經十八卷,宋淳熙七年（1180）池陽郡齋刻本,,prompt: 中国传统美学风格的彩色水墨画，玉璜，古代礼器，形状为半圆形，表面光滑细腻，雕刻有精细的云纹和龙纹，色彩温润如玉，背景为淡雅的山水景色，整体氛围古朴典雅。,
舟,器物,器物,山海經十八卷,宋淳熙七年（1180）池陽郡齋刻本,,prompt：古代舟船，木质结构，长而窄，船头和船尾微微上翘，船身两侧有精美的雕刻图案，描绘着山海经中的奇珍异兽，如九尾狐、夔牛等。船上悬挂着红绸，随风飘扬，船帆用细腻的麻布制成，上面绘有山水画。背景是波光粼粼的江面，远处群山若隐若现，天空中云雾缭绕，呈现出一种神秘而宁静的氛围。整体风格参考古代插画，采用传统中国美学的彩色水墨风格。,
杖,器物,器物,山海經十八卷,宋淳熙七年（1180）池陽郡齋刻本,,prompt: 中国古代神话中的神秘杖，造型古朴典雅，以深棕色为主色调，杖身雕刻有细腻的云纹和山川图案，杖头镶嵌着一颗散发着柔和光芒的宝石，象征着天地间的自然力量。杖的周围环绕着淡淡的仙气，仿佛蕴含着无尽的神力。背景为淡雅的水墨山水，展现了传统中国美学的韵味。,
箴,器物,器物,山海經十八卷,宋淳熙七年（1180）池陽郡齋刻本,,prompt: 传统中国美学的彩色水墨风格，古代器物箴，形状如同细长的玉尺，通体碧绿，表面雕刻着繁复的云纹和山川图案，象征着天地间的秩序与和谐，背景为淡雅的山水画，整体氛围宁静而庄严。,
爼,器物,器物,山海經十八卷,宋淳熙七年（1180）池陽郡齋刻本,,prompt: 古代祭祀用的爼，青铜质地，形状为长方形，四角有精致的兽面纹饰，中央雕刻着神秘的山海经异兽图案，整体风格古朴庄重，背景为淡雅的水墨山水，色彩以青绿为主，细节处点缀金黄色，展现出浓厚的传统中国美学。,
珠,器物,器物,山海經十八卷,宋淳熙七年（1180）池陽郡齋刻本,,prompt: 传统中国美学的彩色水墨风格，一颗璀璨夺目的明珠，珠体圆润光滑，散发出柔和而神秘的光芒，周围环绕着细腻的云雾和祥瑞之气，背景是淡雅的山水景色，整幅画面充满了古朴典雅的气息。,
銚,器物,器物,山海經十八卷,宋淳熙七年（1180）池陽郡齋刻本,,prompt: 传统中国美学的彩色水墨风格，古朴典雅的銚，青铜质地，器身雕刻着精美的山海经神兽图案，周围环绕着祥云和古老的符文，背景是淡雅的山水画，透露出浓厚的古代文化气息。,
杯,器物,器物,山海經十八卷,宋淳熙七年（1180）池陽郡齋刻本,,prompt: 中国传统器物，名为杯，采用古代插画风格和传统中国美学的彩色水墨风格绘制。杯子造型古朴典雅，表面绘有细腻的山水图案，色彩以淡雅的青绿为主，边缘点缀金色线条，展现出一种宁静而高雅的气息。背景为柔和的云雾缭绕的山景，增添几分神秘与古典之美。,
簳,器物,器物,山海經十八卷,宋淳熙七年（1180）池陽郡齋刻本,,prompt: 传统中国美学彩色水墨风格，簳，古代乐器，竹制长笛，优雅细腻，线条流畅，背景为淡雅山水，云雾缭绕，古朴典雅，充满诗意氛围,
觡,器物,器物,山海經十八卷,宋淳熙七年（1180）池陽郡齋刻本,,prompt: 觡，古代神秘器物，形似鹿角，但比鹿角更为奇特，表面雕刻着山川河流与奇珍异兽的图案，充满神话色彩。整体呈现古铜色，边缘镶嵌有金色纹饰，展现出一种古老而庄重的气息。请以彩色水墨风格绘制，背景为云雾缭绕的山峦，增添几分神秘感。,
鼔,器物,器物,山海經十八卷,宋淳熙七年（1180）池陽郡齋刻本,,prompt: 古老的鼔，青铜质地，表面雕刻着山海经中的奇异兽纹，鼓面紧绷着兽皮，边缘装饰有繁复的云雷纹，整体呈现出一种庄严而神秘的气息，背景是淡雅的水墨山水，风格参考古代插画和传统中国美学。,
管,器物,器物,山海經十八卷,宋淳熙七年（1180）池陽郡齋刻本,,prompt: 中国传统器物管，采用古代青铜器风格，表面雕刻着精细的云雷纹和夔龙纹，色彩以青铜绿为主，边缘略带铜锈痕迹，整体造型古朴典雅，具有浓厚的历史文化气息。背景为淡雅的水墨山水，增添几分神秘与宁静。,
環,器物,器物,山海經十八卷,宋淳熙七年（1180）池陽郡齋刻本,,prompt: 传统中国美学风格的彩色水墨画，描绘一个古老的环形器物，名为“環”。此环以青铜铸造，表面雕刻着细腻的云雷纹和夔龙纹，象征着天地之间的联系。环的中央镶嵌着一颗璀璨的宝石，散发出柔和而神秘的光芒。背景是淡雅的山水景色，远处有层峦叠嶂的山峰，近处则是潺潺流水和苍翠的松柏。整幅画面充满了古朴典雅的气息，展现了古代工匠的精湛技艺和对自然和谐共生的理念。,
檻,器物,器物,山海經十八卷,宋淳熙七年（1180）池陽郡齋刻本,,prompt: 古代中国神话中的神秘器物檻，造型古朴典雅，四周雕刻着山海经中奇异的神兽和植物图案，整体呈现出青铜器的质感，色彩以青绿为主，细节处点缀金色，背景为淡雅的水墨山水，营造出一种悠远而神秘的氛围。,
几,器物,器物,山海經十八卷,宋淳熙七年（1180）池陽郡齋刻本,,prompt: 传统中国美学风格的彩色水墨画，几，一种古代祭祀用的礼器，形状为长方形，表面雕刻有精细的云雷纹和夔龙纹，边缘饰以回纹，整体呈现出庄重而神秘的气息，背景为淡雅的山水景色，营造出一种古朴典雅的氛围。,
九鍾,器物,器物,山海經十八卷,宋淳熙七年（1180）池陽郡齋刻本,"是知霜鳴,",prompt: 九鍾，古代神器，青铜质地，形态古朴庄重。钟身雕刻有精细的云纹和神兽图案，环绕着神秘的符文。每当霜降时节，九鍾会发出清脆悠扬的声音，仿佛在诉说着古老的传说。画面以传统中国美学的彩色水墨风格呈现，背景为深秋的山林，霜叶满地，雾气缭绕，增添几分神秘氛围。,
羅,器物,器物,山海經十八卷,宋淳熙七年（1180）池陽郡齋刻本,,prompt: 传统中国美学彩色水墨风格，古代罗网，细腻的丝线交织成复杂的图案，轻盈透明，悬挂在古树枝上，阳光透过罗网洒下斑驳光影，周围是茂密的竹林和奇花异草，背景中隐约可见远山和云雾，整体氛围宁静而神秘。,
判木,器物,器物,山海經十八卷,宋淳熙七年（1180）池陽郡齋刻本,,prompt: 古老的判木，器物，充满神秘气息，木质纹理清晰可见，表面雕刻着复杂的山海经神话图案，如异兽、神灵和奇异植物，整体呈现深棕色，散发着淡淡的光芒，周围环绕着淡淡的雾气，传统中国美学的彩色水墨风格，画面中融入了古代插画的元素，背景为淡雅的山水景色，透露出一种幽静而庄严的氛围。,
不死之藥,器物,器物,山海經十八卷,宋淳熙七年（1180）池陽郡齋刻本,,prompt: 中国传统美学风格，彩色水墨画，描绘一个神秘而古老的药瓶，瓶身雕刻着复杂的纹饰和符文，散发出淡淡的光芒。药瓶周围环绕着云雾缭绕的仙境，仙鹤在空中飞翔，灵芝、瑶草等仙草在四周生长。画面中透出一种超凡脱俗的气息，象征着不死之藥的神奇与珍贵。,
筭,器物,器物,山海經十八卷,宋淳熙七年（1180）池陽郡齋刻本,,prompt: 古代计数工具筭，由细长的竹片或木片制成，每片上刻有数字和符号，排列整齐，置于精美的木盒中。背景为淡雅的水墨山水，风格古朴典雅，色彩以淡墨为主，点缀少许朱砂和石绿，展现传统中国美学。,
柝,器物,器物,山海經十八卷,宋淳熙七年（1180）池陽郡齋刻本,,prompt：柝，古代报警用的木制打击乐器，形状类似长方形木板，两侧有孔可以系绳。请以传统中国美学的彩色水墨风格绘制，背景为夜晚的山林，月光透过稀疏的云层洒在古朴的柝上，柝身上的纹理清晰可见，周围点缀着几朵绽放的夜来香，增添几分幽静与神秘感。,
車,器物,器物,山海經十八卷,宋淳熙七年（1180）池陽郡齋刻本,,prompt: 中国传统彩色水墨风格，古代战车，车身雕刻有精细的云纹和龙纹，车轮巨大且饰有繁复的花纹，车身两侧悬挂着铜铃，前方有两只神兽拉车，背景为山川河流，展现出一种庄重而神秘的气息。,
舡,器物,器物,山海經十八卷,宋淳熙七年（1180）池陽郡齋刻本,,prompt: 一艘古老的舡，船身用粗壮的原木制成，表面雕刻着精美的山海经神兽图案，船头高高翘起，形如龙首，船尾则呈凤尾状，整体线条流畅而富有动感。船帆上绘有云纹和波浪，随风轻轻摆动，仿佛在讲述着远古的神话故事。整艘舡沉浸在一片朦胧的雾气中，背景是苍茫的山川与江河，展现出一种神秘而庄严的氛围。,
