名字,一级类目,二级类目,出处书名,版本,描述,prompt,image_path
刀,器物,兵器,山海經十八卷,宋淳熙七年（1180）池陽郡齋刻本,,prompt: 一把古老的刀，刃如秋水，锋利无匹，刀身雕刻着山海经中的神兽图案，刀柄以青玉制成，镶嵌着红宝石，散发着幽幽古韵。背景为淡雅的水墨山水，云雾缭绕，增添神秘感。整体风格参考古代插画和传统中国美学。,
盾,器物,兵器,山海經十八卷,宋淳熙七年（1180）池陽郡齋刻本,,prompt: 传统中国美学的彩色水墨风格，古代盾牌，圆形，表面绘有太极图案，边缘装饰着云纹和龙纹，材质为青铜，表面泛着古朴的光泽，背景是淡淡的山水画，整体氛围庄重而神秘。,
瞂,器物,兵器,山海經十八卷,宋淳熙七年（1180）池陽郡齋刻本,,prompt: 传统中国美学彩色水墨风格，瞂，古代盾牌，形制巨大，表面绘有山海经中的神兽图案，如夔龙、九尾狐等，边缘装饰着繁复的云雷纹，整体呈现出一种神秘而威严的气息，背景为淡淡的山水画，增添了几分古朴与庄重。,
戈,器物,兵器,山海經十八卷,宋淳熙七年（1180）池陽郡齋刻本,,prompt: 传统中国美学的彩色水墨风格，古代兵器戈，长柄短刃，刃部呈弧形，柄部以深棕色木质材料制成，刃部闪耀着寒光，周围环绕着淡淡的云雾，背景为远山和松树，展现出一种古朴而神秘的气息。,
弓,器物,兵器,山海經十八卷,宋淳熙七年（1180）池陽郡齋刻本,,prompt: 一把古老的弓，采用传统中国美学的彩色水墨风格绘制，弓身以深棕色为主，上面雕刻着精细的山海经神兽图案，如青龙、白虎等。弓弦紧绷，呈现出蓄势待发的状态。背景为淡雅的山水画，远处山峦若隐若现，近处有几株苍松翠柏，整个画面充满古朴而神秘的气息。,
干戚,器物,兵器,山海經十八卷,宋淳熙七年（1180）池陽郡齋刻本,,prompt: 中国传统兵器干戚，造型古朴威猛，形似斧钺，斧刃宽大锋利，柄部装饰有龙纹和云纹，整体以深沉的青铜色为主，边缘镶嵌金色线条，背景为淡雅的水墨山水，展现出浓郁的古代神话气息。,
劔,器物,兵器,山海經十八卷,宋淳熙七年（1180）池陽郡齋刻本,,prompt: 一把古老的劔，剑身修长而锋利，剑刃闪烁着寒光。剑柄上镶嵌着青玉和红宝石，剑鞘由黑檀木制成，上面雕刻着精细的云纹和龙凤图案，整体呈现出一种神秘而威严的气息。背景是山海经中的奇幻山水，采用彩色水墨风格绘制，展现出浓郁的传统中国美学。,
矛,器物,兵器,山海經十八卷,宋淳熙七年（1180）池陽郡齋刻本,,prompt: 中国传统兵器矛，长杆上镶嵌着锋利的金属枪头，枪头呈流线型，表面有细腻的纹饰，枪杆由坚韧的竹木制成，表面涂有朱红色漆，整体呈现出一种古朴而威严的气息，背景为淡雅的山水画，风格参考古代插画和传统中国美学的彩色水墨风格。,
矢,器物,兵器,山海經十八卷,宋淳熙七年（1180）池陽郡齋刻本,,prompt: 中国古代兵器矢，以传统中国美学的彩色水墨风格绘制，箭矢修长而锐利，箭头闪耀着寒光，箭杆上缠绕着细腻的羽毛，整体造型简洁而富有力量感，背景为淡雅的山水画，展现出古代战场的肃杀氛围。,
素矰,器物,兵器,山海經十八卷,宋淳熙七年（1180）池陽郡齋刻本,"帝俊賜羿彤弓素矰,",prompt: 帝俊赐羿彤弓素矰，画面中，一位古风装扮的射手手持一把红色的弓箭（彤弓），旁边放置着几支白色的箭矢（素矰）。背景为古代神话中的山川景色，云雾缭绕，仙鹤飞翔。整体风格参考古代插画和传统中国美学的彩色水墨风格，色彩以淡雅为主，线条流畅，细节精致。,
彤弓,器物,兵器,山海經十八卷,宋淳熙七年（1180）池陽郡齋刻本,"帝俊賜羿彤弓素矰,",prompt：帝俊赐羿彤弓素矰，此弓通体朱红如血，弓身雕刻着细腻的云纹和神兽图案，弓弦闪烁着微光。弓箭搭配白色翎羽，箭镞锋利无比，整体呈现出一种古朴而神秘的气息。画面中，背景为远古神话中的山水景色，色彩以传统中国水墨风格为主，色调柔和而富有层次感。,
